KP	KP2	Target
AKL1		YMR304W
AKL1		YGL153W
AKL1		YLL018C
AKL1		YGR240C
AKL1		YDR312W
AKL1		YFR021W
AKL1		YKR092C
AKL1		YER131W
AKL1		YKR094C
AKL1		YCR027C
AKL1		YBL047C
AKL1		YHR161C
AKL1		YDR229W
AKL1		YKR006C
AKL1		YGL105W
AKL1		YGR159C
AKL1		YDR354W
AKL1		YLR206W
AKL1		YOR054C
AKL1		YNL227C
AKL1		YFR024C
AKL1		YOR239W
AKL1		YMR297W
AKL1		YOR257W
AKL1		YPL223C
AKL1		YNL277W
AKL1		YGR135W
AKL1		YGL207W
AKL1		YNL272C
AKL1		YGL234W
AKL1		YMR250W
AKL1		YDR239C
AKL1		YGL172W
AKL1		YJL084C
AKL1		YOR329C
AKL1		YNL027W
AKL1		YMR222C
AKL1		YGR021W
AKL1		YLR276C
AKL1		YPL106C
AKL1		YHR015W
AKL1		YKR009C
AKL1		YIL091C
ARK1		YKL033W
ARK1		YGR197C
ARK1		YJR104C
ARK1		YNR042W
ARK1		YDR099W
ARK1		YBL007C
ARK1		YLR206W
ARK1		YPL279C
ATG1		YGL208W
ATG1		YHR117W
ATG1		YHL013C
ATG1		YJR089W
ATG1		YHR073W
ATG1		YFR021W
ATG1		YOR123C
ATG1		YDL025C
ATG1		YMR049C
ATG1		YMR165C
ATG1		YKL160W
ATG1		YFR029W
ATG1		YKL146W
ATG1		YNL284C-A
ATG1		YGR038C-A
ATG1		YNL272C
ATG1		YNL149C
ATG1		YGL209W
ATG1		YDR362C
ATG1		YDR239C
ATG1		YKR048C
ATG1		YHR081W
ATG1		YLR375W
ATG1		YOL091W
ATG1		YBL024W
ATG1		YIR003W
ATG1		YOL070C
ATG1		YJR019C
ATG1		YHR214C-C
ATG1		YPL100W
ATG1		YOR204W
ATG1		YDR312W
ATG1		YKR092C
ATG1		YER131W
ATG1		YMR173W
ATG1		YGR249W
ATG1		YKR041W
ATG1		YGL079W
ATG1		YHR090C
ATG1		YBL032W
ATG1		YHR156C
ATG1		YMR290C
ATG1		YDR153C
ATG1		YFR024C
ATG1		YFR038W
ATG1		YNL186W
ATG1		YMR297W
ATG1		YNL245C
ATG1		YGR126W
ATG1		YOL078W
ATG1		YKR071C
ATG1		YNL027W
ATG1		YDL070W
ATG1		YHL009C
ATG1		YER125W
ATG1		YBL055C
ATG1		YBL011W
ATG1		YDL115C
ATG1		YPR158W-A
ATG1		YNL165W
ATG1		YJR092W
ATG1		YLR276C
ATG1		YJL148W
ATG1		YNL173C
ATG1		YPL181W
ATG1		YDL013W
ATG1		YOR344C
ATG1		YFR010W
ATG1		YOL130W
ATG1		YPL146C
ATG1		YKL048C
ATG1		YDR169C
ATG1		YOL123W
ATG1		YDR161W
ATG1		YKR094C
ATG1		YGL248W
ATG1		YLR429W
ATG1		YOR141C
ATG1		YOR054C
ATG1		YBL078C
ATG1		YDR034C-C
ATG1		YGR027W-A
ATG1		YDR540C
ATG1		YFL001W
ATG1		YOL103W-A
ATG1		YPR091C
ATG1		YLR451W
ATG1		YJL084C
ATG1		YDR293C
ATG1		YJL033W
ATG1		YKL121W
ATG1		YPR019W
ATG1		YER127W
ATG1		YCL029C
ATG1		YIL156W
ATG1		YOR083W
ATG1		YNL094W
ATG1		YJR044C
ATG1		YLR125W
ATG1		YCL014W
ATG1		YMR140W
ATG1		YML007W
ATG1		YDL153C
ATG1		YFR034C
ATG1		YPL133C
ATG1		YDR439W
ATG1		YLR350W
ATG1		YKR045C
ATG1		YER098W
ATG1		YDR330W
ATG1		YPR158C-C
ATG1		YDR113C
ATG1		YML037C
ATG1		YKL042W
ATG1		YNL125C
ATG1		YIL107C
ATG1		YPR143W
ATG1		YMR229C
ATG1		YGL105W
ATG1		YLR003C
ATG1		YGR159C
ATG1		YHR014W
ATG1		YLL043W
ATG1		YPR129W
ATG1		YAL028W
ATG1		YNL227C
ATG1		YOR056C
ATG1		YGR028W
ATG1		YGL207W
ATG1		YPR137C-A
ATG1		YGR130C
ATG1		YKL093W
ATG1		YDR346C
ATG1		YBR155W
ATG1		YFL054C
ATG1		YMR316W
ATG1		YNR019W
ATG1		YLR323C
ATG1		YML045W-A
ATG1		YLR257W
ATG1		YNL314W
ATG1		YER034W
ATG1		YEL017W
ATG1		YPR115W
ATG1		YGR021W
ATG1		YDL220C
ATG1		YNL054W-A
ATG1		YPL257W-A
ATG1		YLR192C
ATG1		YLR265C
ATG1		YER122C
ATG1		YLL008W
ATG1		YLR410W
ATG1		YOR340C
ATG1		YOR078W
ATG1		YOR239W
ATG1		YDL051W
ATG1		YER092W
ATG1		YDR099W
ATG1		YHR009C
ATG1		YBL061C
ATG1		YDR037W
ATG1		YLR410W-A
ATG1		YNL304W
ATG1		YFL023W
ATG1		YIL091C
ATG1		YDR208W
ATG1		YLR244C
ATG1		YMR288W
ATG1		YNL293W
ATG1		YKL023W
ATG1		YFL034W
ATG1		YML062C
ATG1		YBR086C
ATG1		YBR108W
ATG1		YFL050C
ATG1		YBR130C
ATG1		YOR119C
ATG1		YGL190C
ATG1		YKL114C
ATG1		YJR072C
ATG1		YER112W
ATG1		YPL190C
ATG1		YBR270C
ATG1		YNL182C
ATG1		YIL077C
ATG1		YHL019C
ATG1		YLR098C
BCK1		YMR295C
BCK1		YOR177C
BCK1		YGR094W
BCK1		YLR429W
BCK1		YKR040C
BCK1		YHR114W
BCK1		YBR233W
BCK1		YMR111C
BCK1		YGL245W
BCK1		YJR141W
BCK1		YGL256W
BCK1		YFL023W
BCK1		YNL135C
BCK1		YDR087C
BCK1		YDR152W
BCK1		YPL191C
BCK1		YNL114C
BCK1		YNL001W
BCK1		YDL223C
BCK1		YNL077W
BCK1		YGL207W
BCK1		YNL034W
BCK1		YNL133C
BCK1		YJR092W
BCK1		YPR152C
BCK1		YBR225W
BCK1		YPR032W
BCK1		YDR170W-A
BCK1		YNL155W
BCK1		YJL196C
BCK1		YOR050C
BCK1		YDL025C
BCK1		YKL168C
BCK1		YNL293W
BCK1		YPR058W
BCK1		YNR006W
BCK1		YNL272C
BCK1		YDR034C-C
BCK1		YOR210W
BCK1		YAR019C
BCK1		YNL022C
BCK1		YOR196C
BCK1		YDR134C
BCK1		YML083C
BCK1		YDL019C
BCK1		YBL024W
BCK1		YPL217C
BCK1		YBL007C
BCK1		YMR155W
BCK1		YML037C
BCK1		YNL125C
BCK1		YDR411C
BCK1		YIL070C
BCK1		YGL105W
BCK1		YMR229C
BCK1		YNL186W
BCK1		YBR108W
BCK1		YPR137C-A
BCK1		YML080W
BCK1		YOR107W
BCK1		YDL070W
BCK1		YNL136W
BCK1		YDR226W
BCK1		YBL011W
BCK1		YDL220C
BCK1		YNL054W-A
BCK1		YJR063W
BCK1		YPL257W-A
BCK1		YER122C
BCK1		YLL008W
BCK1		YJL141C
CDC15		YBR162C
CDC15		YML037C
CDC15		YAR019C
CDC15		YGL245W
CDC15		YPL251W
CDC15		YOR018W
CDC15		YBR151W
CDC28	CLB5	YLR307W
CDC28	CLB5	YBL014C
CDC28	CLB5	YBR038W
CDC28	CLB5	YBL007C
CDC28	CLB5	YER098W
CDC28	CLB5	YJL187C
CDC28	CLB5	YKR097W
CDC28	CLB5	YAR003W
CDC28	CLB5	YDR330W
CDC28	CLB5	YOR177C
CDC28	CLB5	YEL032W
CDC28	CLB5	YNR047W
CDC28	CLB5	YDR113C
CDC28	CLB5	YMR291W
CDC28	CLB5	YKL168C
CDC28	CLB5	YMR190C
CDC28	CLB5	YML091C
CDC28	CLB5	YMR165C
CDC28	CLB5	YAL028W
CDC28	CLB5	YNL186W
CDC28	CLB5	YNL284C-A
CDC28	CLB5	YNL272C
CDC28	CLB5	YBR135W
CDC28	CLB5	YDR034C-C
CDC28	CLB5	YDR239C
CDC28	CLB5	YDR293C
CDC28	CLB5	YDL070W
CDC28	CLB5	YJL051W
CDC28	CLB5	YJR141W
CDC28	CLB5	YLR455W
CDC28	CLB5	YDL220C
CDC28	CLB5	YBR138C
CDC28	CLB5	YPL150W
CDC28	CLB5	YGR238C
CDC28	CLB5	YPR160W
CDC28	CLB5	YHR200W
CDC28	CLB5	YAL020C
CDC28	CLB5	YIL135C
CDC28	CLB5	YLL008W
CDC28	CLB5	YLR009W
CDC28	CLB5	YJR092W
CDC28	CLB5	YDL153C
CDC28	CLB5	YGR276C
CDC28	CLN2	YPL073C
CDC28	CLN2	YMR155W
CDC28	CLN2	YOL125W
CDC28	CLN2	YDR042C
CDC28	CLN2	YMR291W
CDC28	CLN2	YOL092W
CDC28	CLN2	YNL186W
CDC28	CLN2	YBR135W
CDC28	CLN2	YNL272C
CDC28	CLN2	YMR241W
CDC28	CLN2	YDL174C
CDC28	CLN2	YJL111W
CDC28	CLN2	YHR216W
CDC28	CLN2	YOR249C
CDC28	CLN2	YJL115W
CDC28	CLN2	YDL070W
CDC28	CLN2	YKL223W
CDC28	CLN2	YDR134C
CDC28	CLN2	YML083C
CDC28	CLN2	YJL199C
CDC28	CLN2	YLR303W
CDC28	CLN2	YBL024W
CDC28	CLN2	YDL153C
CDC5		YAR019C
CDC5		YPR013C
CDC5		YPL150W
CDC5		YDR360W
CDC5		YDL006W
CDC5		YBR231C
CDC5		YJL051W
CDC5		YPR115W
CDC5		YPR058W
CDC5		YPR067W
CKA1		YKL093W
CKA1		YGL148W
CKA1		YLL008W
CKA1		YJR044C
CKA1		YJR096W
CKA1		YMR173W
CKA1		YER122C
CKA1		YKL160W
CKA1		YGR276C
CKA1		YJR130C
CKA1		YLR345W
CKA1		YKR041W
CKA1		YOL016C
CKA1		YKR022C
CKA1		YBL024W
CLA4		YAL043C
CLA4		YAR019C
CLA4		YPR115W
CLA4		YGR275W
CLA4		YKL104C
CLA4		YKL099C
CLA4		YGR276C
CLA4		YBR298C-A
CLA4		YIL041W
CLA4		YDL006W
CLA4		YBR061C
CLA4		YDL070W
CLA4		YHR056C
CLA4		YDL149W
CLA4		YAL028W
CLA4		YDL153C
CLA4		YPR067W
CMK1		YGL208W
CMK1		YDR099W
CMK1		YHR117W
CMK1		YPR036W
CMK1		YMR165C
CMK1		YJL124C
CMK1		YKR047W
CMK1		YLR259C
CMK1		YNL316C
CMK1		YNL272C
CMK1		YJR076C
CMK1		YER174C
CMK1		YJL189W
CMK1		YIL051C
CMK1		YJL146W
CMK1		YIR003W
CMK1		YIL167W
CMK1		YJL175W
CMK1		YER153C
CMK1		YPL100W
CMK1		YHR112C
CMK1		YDR312W
CMK1		YER175C
CMK1		YKR092C
CMK1		YER131W
CMK1		YNL121C
CMK1		YLR274W
CMK1		YGR249W
CMK1		YBL047C
CMK1		YGL079W
CMK1		YBR267W
CMK1		YHR090C
CMK1		YNL245C
CMK1		YFR017C
CMK1		YIL074C
CMK1		YKR071C
CMK1		YDR001C
CMK1		YNL027W
CMK1		YML048W
CMK1		YBR109C
CMK1		YDL143W
CMK1		YDR335W
CMK1		YER154W
CMK1		YLR102C
CMK1		YLR276C
CMK1		YKL127W
CMK1		YGL023C
CMK1		YDL006W
CMK1		YJL177W
CMK1		YFR010W
CMK1		YPL146C
CMK1		YDR169C
CMK1		YIL053W
CMK1		YPL139C
CMK1		YKR094C
CMK1		YLR059C
CMK1		YIL148W
CMK1		YBR001C
CMK1		YIL010W
CMK1		YLR437C
CMK1		YOR054C
CMK1		YGL205W
CMK1		YNL021W
CMK1		YFR033C
CMK1		YOR257W
CMK1		YJR072C
CMK1		YER054C
CMK1		YGR135W
CMK1		YJL084C
CMK1		YLR451W
CMK1		YNL218W
CMK1		YLR030W
CMK1		YBL064C
CMK1		YGL184C
CMK1		YCR075C
CMK1		YER142C
CMK1		YMR140W
CMK1		YKR009C
CMK1		YBR169C
CMK1		YLL028W
CMK1		YLR307W
CMK1		YKL151C
CMK1		YGL039W
CMK1		YOR113W
CMK1		YDR113C
CMK1		YIL107C
CMK1		YER128W
CMK1		YDR019C
CMK1		YGL105W
CMK1		YGR159C
CMK1		YLR060W
CMK1		YLL043W
CMK1		YNL227C
CMK1		YJR001W
CMK1		YBR177C
CMK1		YKL064W
CMK1		YKR074W
CMK1		YGL207W
CMK1		YGR130C
CMK1		YNR033W
CMK1		YHR116W
CMK1		YOL148C
CMK1		YPL156C
CMK1		YEL017W
CMK1		YPR035W
CMK1		YER143W
CMK1		YOR332W
CMK1		YJL188C
CMK1		YML030W
CMK1		YOR340C
CMK1		YER092W
CMK1		YPR152C
CMK1		YHR182W
CMK1		YOR123C
CMK1		YMR049C
CMK1		YDR354W
CMK1		YLL024C
CMK1		YML062C
CMK1		YNL186W
CMK1		YLR457C
CMK1		YDR328C
CMK1		YBL055C
CMK1		YBL011W
CMK1		YLL033W
CMK1		YOR141C
CMK1		YCL029C
CMK1		YPR171W
CMK1		YKL042W
CMK1		YJL137C
CMK1		YPR187W
CMK1		YLR265C
CMK1		YOR078W
CMK1		YGL055W
CMK1		YLR215C
CMK1		YGL143C
CMK1		YKL044W
CMK1		YJL160C
CMK1		YGL172W
CMK1		YDR486C
CMK1		YMR173W
CMK1		YLR319C
CMK1		YIL052C
CMK1		YMR290C
CMK1		YKL149C
CMK1		YMR087W
CMK1		YJL148W
CMK1		YNL267W
CMK1		YKL128C
CMK1		YPR083W
CMK1		YBL078C
CMK1		YPL133C
CMK1		YJL136C
CMK1		YAL028W
CMK1		YER157W
CMK1		YGR028W
CMK1		YFL054C
CMK1		YOR092W
CMK2		YML037C
CMK2		YER064C
CMK2		YPR013C
CMK2		YDR264C
CMK2		YJL007C
CMK2		YML096W
CMK2		YMR165C
CMK2		YPR050C
CMK2		YGR159C
CMK2		YFR056C
CTK1		YJL089W
CTK1		YOL012C
DBF2		YOR228C
DBF2		YOR362C
DBF2		YDR299W
DBF2		YML035C
DBF2		YNL007C
DBF2		YHR182W
DBF2		YNL155W
DBF2		YKL168C
DBF2		YJL211C
DBF2		YKR022C
DBF2		YMR165C
DBF2		YNL101W
DBF2		YFR033C
DBF2		YJL076W
DBF2		YNR006W
DBF2		YKL146W
DBF2		YNL284C-A
DBF2		YGR038C-A
DBF2		YNL272C
DBF2		YHL021C
DBF2		YKL077W
DBF2		YPR091C
DBF2		YGR223C
DBF2		YGL245W
DBF2		YDR293C
DBF2		YPL150W
DBF2		YDR134C
DBF2		YIL135C
DBF2		YDL019C
DBF2		YLR303W
DBF2		YBL024W
DBF2		YMR239C
DBF2		YDL153C
DBF2		YBR118W
DBF2		YGR220C
DBF2		YJR094W-A
DBF2		YNR047W
DBF2		YJR142W
DBF2		YML037C
DBF2		YMR184W
DBF2		YKL140W
DBF2		YOL104C
DBF2		YNL125C
DBF2		YBR285W
DBF2		YGR264C
DBF2		YGL105W
DBF2		YMR229C
DBF2		YJL108C
DBF2		YCR105W
DBF2		YBR108W
DBF2		YPR137C-A
DBF2		YDL002C
DBF2		YBL106C
DBF2		YJL213W
DBF2		YDL070W
DBF2		YDR226W
DBF2		YDL220C
DBF2		YBR138C
DBF2		YPL257W-A
DBF2		YLR007W
DBF2		YMR196W
DBF2		YLL008W
DUN1		YKR097W
DUN1		YHR185C
DUN1		YBL011W
DUN1		YLR098C
DUN1		YER064C
DUN1		YPL177C
DUN1		YLR001C
DUN1		YGR038C-A
DUN1		YJR056C
DUN1		YDR264C
DUN1		YER079W
DUN1		YJL111W
DUN1		YAR019C
DUN1		YEL017W
DUN1		YHR067W
DUN1		YDR523C
DUN1		YDR171W
DUN1		YDR531W
DUN1		YML083C
DUN1		YPR050C
ELM1		YIL033C
ELM1		YJR130C
ELM1		YBR064W
ELM1		YPL128C
ELM1		YHR111W
FUN31		YGL245W
FUN31		YDR293C
FUN31		YNR047W
FUN31		YCL043C
FUN31		YPR160W
FUN31		YHL024W
FUN31		YAR019C
FUN31		YDR454C
FUN31		YDR259C
FUN31		YLR257W
FUN31		YJL110C
FUN31		YOL125W
FUN31		YML037C
FUN31		YMR184W
FUN31		YKL168C
FUN31		YML073C
FUN31		YDR134C
FUN31		YPR050C
FUN31		YDL153C
FUS3		YBL023C
FUS3		YPR086W
FUS3		YGL055W
FUS3		YER082C
FUS3		YHR117W
FUS3		YPL146C
FUS3		YMR262W
FUS3		YGR237C
FUS3		YGL099W
FUS3		YOR309C
FUS3		YOL103W-A
FUS3		YLR451W
FUS3		YPR139C
FUS3		YFL023W
FUS3		YBL057C
FUS3		YDL153C
FUS3		YKL081W
FUS3		YHR214C-C
FUS3		YPL133C
FUS3		YDR439W
FUS3		YER098W
FUS3		YDR120C
FUS3		YPR158C-C
FUS3		YHL019C
FUS3		YLR003C
FUS3		YDR153C
FUS3		YNL227C
FUS3		YKL064W
FUS3		YNL186W
FUS3		YPR137C-A
FUS3		YHR131C
FUS3		YDL070W
FUS3		YNL136W
FUS3		YBL055C
FUS3		YBL011W
FUS3		YDR440W
FUS3		YNL054W-A
FUS3		YPL257W-A
FUS3		YLR192C
FUS3		YPR158W-A
FUS3		YER122C
FUS3		YOR151C
FUS3		YOL127W
FUS3		YOR141C
FUS3		YNL284C-A
FUS3		YDR034C-C
FUS3		YEL053C
FUS3		YDR266C
FUS3		YML045W-A
FUS3		YER151C
FUS3		YOL130W
FUS3		YEL032W
FUS3		YBR055C
FUS3		YDL173W
FUS3		YNL293W
FUS3		YGR027W-A
FUS3		YAL034C
FUS3		YJR014W
FUS3		YJL117W
FUS3		YMR235C
FUS3		YNL135C
FUS3		YOR276W
FUS3		YGL082W
FUS3		YOL023W
FUS3		YDR152W
FUS3		YNR019W
FUS3		YFR039C
FUS3		YPR115W
FUS3		YEL050C
FUS3		YDR480W
FUS3		YBR259W
FUS3		YOL016C
FUS3		YMR186W
FUS3		YLR394W
FUS3		YNR050C
FUS3		YDR225W
GIN4		YDL225W
GIN4		YMR086W
GIN4		YLR345W
GIN4		YLR242C
GIN4		YKL093W
HAL5		YDL074C
HAL5		YHR201C
HAL5		YDR007W
HAL5		YGR051C
HAL5		YDR020C
HAL5		YCR099C
HAL5		YDR022C
HAL5		YML037C
HAL5		YPR013C
HAL5		YOL122C
HAL5		YHR056C
HAL5		YGL105W
HAL5		YMR165C
HAL5		YDL038C
HAL5		YBR108W
HAL5		YPR058W
HAL5		YGL134W
HAL5		YGR130C
HAL5		YOR210W
HAL5		YDL212W
HAL5		YNL116W
HAL5		YDR293C
HAL5		YOR292C
HAL5		YDL056W
HAL5		YPR160W
HAL5		YPR119W
HAL5		YAR007C
HRR25		YIL007C
HRR25		YLL008W
HRR25		YGR276C
HRR25		YJR125C
HRR25		YJR044C
HRR25		YGR167W
HRR25		YML035C
HRR25		YNL212W
HRR25		YOR187W
HRR25		YKL178C
HRR25		YLR003C
HRR25		YNL027W
HRR25		YKR090W
HRR25		YLR438W
HSL1		YNL202W
HSL1		YDL013W
HSL1		YJR096W
HSL1		YDR023W
HSL1		YJR089W
HSL1		YLR011W
HSL1		YML035C
HSL1		YNL007C
HSL1		YPR072W
HSL1		YMR165C
HSL1		YBR273C
HSL1		YOR239W
HSL1		YER036C
HSL1		YML042W
HSL1		YNR006W
HSL1		YGR121C
HSL1		YNL286W
HSL1		YNL272C
HSL1		YDR034C-C
HSL1		YMR285C
HSL1		YLL024C
HSL1		YHL021C
HSL1		YOL139C
HSL1		YKR048C
HSL1		YJR141W
HSL1		YDR398W
HSL1		YFL023W
HSL1		YBL064C
HSL1		YDR134C
HSL1		YBL024W
HSL1		YMR239C
HSL1		YBR169C
HSL1		YMR115W
HSL1		YBR118W
HSL1		YOR335C
HSL1		YER098W
HSL1		YMR155W
HSL1		YPL246C
HSL1		YOL125W
HSL1		YMR184W
HSL1		YBR285W
HSL1		YDL223C
HSL1		YNL077W
HSL1		YGL105W
HSL1		YMR229C
HSL1		YIL038C
HSL1		YLR195C
HSL1		YGR210C
HSL1		YOR168W
HSL1		YGL207W
HSL1		YPR137C-A
HSL1		YDL074C
HSL1		YKR071C
HSL1		YBR130C
HSL1		YKL152C
HSL1		YDL002C
HSL1		YBR155W
HSL1		YHL009C
HSL1		YNL136W
HSL1		YPL257W-A
HSL1		YOR252W
HSL1		YER122C
HSL1		YLL008W
HSL1		YNL064C
HSL1		YIL078W
HSL1		YGR276C
HSL1		YIL057C
IKS1		YHR185C
IKS1		YOL078W
IKS1		YDR023W
IKS1		YAR019C
IKS1		YGL245W
IKS1		YAL034W-A
IKS1		YOL125W
IKS1		YBL011W
IKS1		YKL096W-A
IKS1		YPR013C
IKS1		YML073C
IKS1		YML121W
IKS1		YFL063W
IME2		YPL254W
IME2		YDL006W
IME2		YGR240C
IME2		YDR292C
IME2		YPR032W
IME2		YER060W
IME2		YKL168C
IME2		YBR178W
IME2		YMR284W
IME2		YMR165C
IME2		YOR239W
IME2		YHL024W
IME2		YPR058W
IME2		YLR295C
IME2		YNL284C-A
IME2		YDR034C-C
IME2		YNL272C
IME2		YDL210W
IME2		YIL069C
IME2		YNL116W
IME2		YGL245W
IME2		YFL023W
IME2		YPL150W
IME2		YDL236W
IME2		YDL181W
IME2		YDR134C
IME2		YIL135C
IME2		YDL153C
IME2		YBR118W
IME2		YOR335C
IME2		YBL007C
IME2		YNL073W
IME2		YKR100C
IME2		YML037C
IME2		YOL104C
IME2		YPR013C
IME2		YDR411C
IME2		YMR229C
IME2		YBR086C
IME2		YJL108C
IME2		YAL028W
IME2		YNL074C
IME2		YNL186W
IME2		YNL245C
IME2		YBR108W
IME2		YGR126W
IME2		YPR067W
IME2		YLR457C
IME2		YGL207W
IME2		YGR130C
IME2		YLR221C
IME2		YDR059C
IME2		YBR130C
IME2		YNL027W
IME2		YML045W-A
IME2		YDR259C
IME2		YDL070W
IME2		YDR295C
IME2		YDL220C
IME2		YGL051W
IME2		YGR276C
IPL1		YHL013C
IPL1		YMR262W
IPL1		YNL007C
IPL1		YJL218W
IPL1		YJL080C
IPL1		YFL001W
IPL1		YKR048C
IPL1		YLR150W
IPL1		YKR009C
IPL1		YPL133C
IPL1		YIL091C
IPL1		YBR118W
IPL1		YOR335C
IPL1		YGL105W
IPL1		YLR003C
IPL1		YMR290C
IPL1		YBR155W
IPL1		YDL078C
IPL1		YBL055C
IPL1		YLR192C
IPL1		YML074C
IPL1		YDR120C
IPL1		YML042W
IPL1		YLL018C
IPL1		YPR115W
IPL1		YOR198C
IPL1		YBR222C
IPL1		YKL023W
IPL1		YIL156W
IPL1		YCR072C
IPL1		YHR090C
IPL1		YMR229C
IPL1		YER125W
IPL1		YMR004W
IRE1		YPL254W
IRE1		YLR410W-A
IRE1		YBL103C
IRE1		YDR023W
IRE1		YDL006W
IRE1		YMR295C
IRE1		YPL128C
IRE1		YPR156C
IRE1		YNL097C
IRE1		YPR032W
IRE1		YOR391C
IRE1		YLR429W
IRE1		YNL155W
IRE1		YBR178W
IRE1		YKL168C
IRE1		YMR165C
IRE1		YOR207C
IRE1		YER036C
IRE1		YHR114W
IRE1		YNR006W
IRE1		YNL284C-A
IRE1		YNL272C
IRE1		YDR034C-C
IRE1		YBR197C
IRE1		YDR533C
IRE1		YAR019C
IRE1		YPR091C
IRE1		YOL103W-A
IRE1		YGL245W
IRE1		YDR293C
IRE1		YJL051W
IRE1		YMR046C
IRE1		YNL065W
IRE1		YBL064C
IRE1		YPL150W
IRE1		YHL047C
IRE1		YDR134C
IRE1		YOR181W
IRE1		YNL192W
IRE1		YIL135C
IRE1		YMR239C
IRE1		YDL153C
IRE1		YMR140W
IRE1		YLR006C
IRE1		YBL007C
IRE1		YOR113W
IRE1		YJR187C
IRE1		YDR388W
IRE1		YDR120C
IRE1		YNR047W
IRE1		YPR158C-C
IRE1		YML037C
IRE1		YMR184W
IRE1		YBR285W
IRE1		YMR229C
IRE1		YLL043W
IRE1		YAL028W
IRE1		YJL108C
IRE1		YNL074C
IRE1		YBR108W
IRE1		YPR067W
IRE1		YDL186W
IRE1		YPR137C-A
IRE1		YDR328C
IRE1		YDR266C
IRE1		YML045W-A
IRE1		YOR107W
IRE1		YDR259C
IRE1		YLR257W
IRE1		YDL070W
IRE1		YPR198W
IRE1		YNL054W-A
IRE1		YPL257W-A
IRE1		YNL224C
IRE1		YER122C
IRE1		YOL082W
IRE1		YKR105C
IRE1		YER093C-A
IRE1		YOR162C
KCC4		YER064C
KCC4		YDR023W
KCC4		YPR013C
KCC4		YML096W
KCC4		YGR231C
KCC4		YGL245W
KCC4		YPR050C
KCC4		YAL034W-A
KIN1		YIL107C
KIN1		YCR073W-A
KIN1		YGR249W
KIN2		YJR056C
KIN2		YLR375W
KIN2		YER079W
KIN2		YGL035C
KIN2		YDR151C
KIN2		YIL063C
KIN2		YOR100C
KIN2		YJR032W
KIN2		YLR345W
KIN2		YGL035C
KIN2		YHR207C
KIN2		YNL054W
KIN2		YLR257W
KIN2		YKR100C
KIN2		YIL171W
KIN2		YDL203C
KIN2		YIL044C
KIN2		YER122C
KIN2		YOL082W
KIN2		YIL135C
KIN2		YNR039C
KIN2		YBL024W
KIN2		YJR044C
KIN2		YPL106C
KIN2		YKR090W
KIN2		YNL186W
KIN2		YBR169C
KIN2		YIL172C
KIN28		YOL012C
KIN28		YER064C
KIN28		YPR013C
KIN28		YDL166C
KIN28		YAL020C
KIN28		YBR024W
KIN28		YPR050C
KIN28		YOR272W
KIN28		YAL034W-A
KIN3		YHR185C
KIN3		YDR007W
KIN3		YAR019C
KIN3		YNL186W
KIN3		YDL153C
KIN3		YPR067W
KIN4		YNL272C
KIN4		YDR264C
KIN4		YDR179C
KIN4		YBR162C
KIN4		YMR165C
KIN4		YMR229C
KIN4		YDR002W
KIN4		YOR392W
KIN4		YBR109C
KIN4		YMR068W
KIN4		YML096W
KIN4		YDL153C
KIN4		YGR276C
KIN4		YDR023W
KIN4		YAR019C
KIN4		YBL011W
KIN4		YML037C
KIN4		YML083C
KIN4		YBR086C
KIN82		YPR063C
KIN82		YDR007W
KIN82		YLL034C
KIN82		YML037C
KIN82		YMR184W
KIN82		YBR285W
KIN82		YAR019C
KIN82		YJL089W
KIN82		YJL198W
KIN82		YPR160W
KIN82		YHR082C
KIN82		YML083C
KIN82		YPR119W
KIN82		YDL153C
KIN82		YHR056C
KIN82		YNL045W
KIN82		YML096W
KIN82		YMR165C
KIN82		YAL028W
KIN82		YDL038C
KIN82		YGL245W
KIN82		YGR276C
KIN82		YDL006W
KIN82		YOL104C
KIN82		YNL155W
KIN82		YDL002C
KIN82		YIL135C
KIN82		YDL192W
KNS1		YMR102C
KNS1		YOL016C
KNS1		YAR019C
KNS1		YLR044C
KNS1		YGL180W
KSP1		YBL030C
KSP1		YER064C
KSP1		YHR030C
KSP1		YMR295C
KSP1		YOR362C
KSP1		YPL244C
KSP1		YCR099C
KSP1		YGR094W
KSP1		YBR265W
KSP1		YDR170W-A
KSP1		YBR200W
KSP1		YNL155W
KSP1		YOR123C
KSP1		YDL025C
KSP1		YKL168C
KSP1		YBL067C
KSP1		YMR165C
KSP1		YBR273C
KSP1		YPR131C
KSP1		YPL041C
KSP1		YKL197C
KSP1		YPL048W
KSP1		YNL293W
KSP1		YNR006W
KSP1		YKL146W
KSP1		YGR038C-A
KSP1		YNL272C
KSP1		YOR210W
KSP1		YGL245W
KSP1		YOR196C
KSP1		YOR211C
KSP1		YDL113C
KSP1		YMR260C
KSP1		YDL033C
KSP1		YPL150W
KSP1		YML083C
KSP1		YOL091W
KSP1		YDL019C
KSP1		YDL149W
KSP1		YBL024W
KSP1		YBL010C
KSP1		YMR239C
KSP1		YDL004W
KSP1		YMR021C
KSP1		YDR188W
KSP1		YOR335C
KSP1		YPL217C
KSP1		YBL061C
KSP1		YAL039C
KSP1		YCR073W-A
KSP1		YFR009W
KSP1		YKR070W
KSP1		YDL027C
KSP1		YBR086C
KSP1		YMR290C
KSP1		YNL186W
KSP1		YOR307C
KSP1		YBR151W
KSP1		YMR102C
KSP1		YDL201W
KSP1		YBR130C
KSP1		YDL070W
KSP1		YLL011W
KSP1		YPL094C
KSP1		YBL069W
KSP1		YBR159W
KSP1		YDR226W
KSP1		YBR138C
KSP1		YPR158W-A
KSP1		YDL035C
KSP1		YBR247C
KSP1		YNL064C
KSP1		YGL051W
KSP1		YOR162C
KSP1		YLR131C
KSP1		YOL079W
KSP1		YBR225W
KSP1		YDL166C
KSP1		YPR032W
KSP1		YML035C
KSP1		YNL007C
KSP1		YNL217W
KSP1		YER133W
KSP1		YDR074W
KSP1		YDL173W
KSP1		YOR207C
KSP1		YBL078C
KSP1		YHL024W
KSP1		YMR111C
KSP1		YBR233W
KSP1		YDR034C-C
KSP1		YMR285C
KSP1		YGR027W-A
KSP1		YDL210W
KSP1		YDL007W
KSP1		YPR091C
KSP1		YOL103W-A
KSP1		YNL022C
KSP1		YMR053C
KSP1		YGL256W
KSP1		YCL043C
KSP1		YFL023W
KSP1		YAR015W
KSP1		YBR154C
KSP1		YNL065W
KSP1		YBL064C
KSP1		YNL240C
KSP1		YDR134C
KSP1		YAL020C
KSP1		YBR212W
KSP1		YIL135C
KSP1		YDR323C
KSP1		YDR337W
KSP1		YDL153C
KSP1		YFR048W
KSP1		YNL182C
KSP1		YBR118W
KSP1		YNL189W
KSP1		YDL131W
KSP1		YER098W
KSP1		YDL051W
KSP1		YMR155W
KSP1		YDR330W
KSP1		YNR047W
KSP1		YLR249W
KSP1		YPL104W
KSP1		YPR158C-C
KSP1		YFL031W
KSP1		YAL013W
KSP1		YOL125W
KSP1		YNL073W
KSP1		YMR184W
KSP1		YML037C
KSP1		YOR208W
KSP1		YPL177C
KSP1		YDL219W
KSP1		YLR220W
KSP1		YMR229C
KSP1		YGL105W
KSP1		YLR293C
KSP1		YAL028W
KSP1		YCR105W
KSP1		YDR091C
KSP1		YMR214W
KSP1		YGL207W
KSP1		YPR137C-A
KSP1		YLR221C
KSP1		YDL002C
KSP1		YMR302C
KSP1		YDR266C
KSP1		YML045W-A
KSP1		YDR259C
KSP1		YLR257W
KSP1		YBR170C
KSP1		YDL220C
KSP1		YNL054W-A
KSP1		YPL257W-A
KSP1		YNL147W
KSP1		YER122C
KSP1		YOR035C
KSP1		YPL207W
KSP1		YPR050C
KSP1		YOR224C
KSP1		YIL078W
KSP1		YGR276C
KSP1		YBR121C
KSP1		YLR098C
KSP1		YKL051W
KSP1		YMR143W
KSP1		YOR181W
KSP1		YBR108W
KSP1		YNL027W
KSP1		YNL136W
KSP1		YDR234W
KSP1		YNL181W
KSP1		YOR107W
KSP1		YKR040C
KSP1		YMR281W
KSP1		YML054C
KSP1		YDR480W
KSP1		YDL013W
KSP1		YMR291W
KSP1		YMR190C
KSP1		YDR257C
KSP1		YBL057C
KSP1		YOL104C
KSP1		YNL001W
KSS1		YPR072W
KSS1		YIL130W
KSS1		YKR048C
KSS1		YMR229C
KSS1		YIL038C
KSS1		YJL089W
KSS1		YGR116W
KSS1		YBL023C
KSS1		YPL073C
KSS1		YFL011W
KSS1		YFL048C
KSS1		YGL136C
KSS1		YJR108W
KSS1		YHR001W
KSS1		YKL142W
KSS1		YBL100C
KSS1		YPL048W
KSS1		YER148W
KSS1		YIL163C
KSS1		YNR006W
KSS1		YOR003W
KSS1		YDR034C-C
KSS1		YNL272C
KSS1		YLR324W
KSS1		YMR241W
KSS1		YHL021C
KSS1		YHR216W
KSS1		YPR091C
KSS1		YGL245W
KSS1		YJR105W
KSS1		YJR069C
KSS1		YIL036W
KSS1		YFL023W
KSS1		YCL043C
KSS1		YGR016W
KSS1		YGR078C
KSS1		YGR034W
KSS1		YBL024W
KSS1		YMR239C
KSS1		YDL153C
KSS1		YLR307W
KSS1		YDL178W
KSS1		YBL007C
KSS1		YER098W
KSS1		YDR312W
KSS1		YGL061C
KSS1		YJR142W
KSS1		YBR162C
KSS1		YDL128W
KSS1		YIL070C
KSS1		YNL077W
KSS1		YGL105W
KSS1		YAL028W
KSS1		YFR038W
KSS1		YNL186W
KSS1		YLL022C
KSS1		YPR137C-A
KSS1		YOR245C
KSS1		YNL288W
KSS1		YLR316C
KSS1		YDL070W
KSS1		YNL054W-A
KSS1		YDL198C
KSS1		YBR272C
KSS1		YLL008W
KSS1		YJL199C
KSS1		YGR276C
MCK1		YBL023C
MCK1		YML035C
MCK1		YJR043C
MCK1		YGL245W
MCK1		YEL015W
MCK1		YFR022W
MCK1		YMR053C
MCK1		YGL256W
MCK1		YMR239C
MCK1		YLR006C
MCK1		YNL201C
MCK1		YCR073W-A
MCK1		YOL125W
MCK1		YMR184W
MCK1		YMR229C
MCK1		YAL028W
MCK1		YCR105W
MCK1		YDL186W
MCK1		YDL002C
MCK1		YML045W-A
MCK1		YDR259C
MCK1		YMR280C
MCK1		YLR131C
MCK1		YDR023W
MCK1		YBR225W
MCK1		YBL037W
MCK1		YPL080C
MCK1		YDL006W
MCK1		YLL034C
MCK1		YDL166C
MCK1		YMR205C
MCK1		YDR379W
MCK1		YLR258W
MCK1		YNL217W
MCK1		YPL077C
MCK1		YOR050C
MCK1		YKL168C
MCK1		YMR165C
MCK1		YBR273C
MCK1		YOR207C
MCK1		YDR002W
MCK1		YDR518W
MCK1		YPR058W
MCK1		YNR006W
MCK1		YKL146W
MCK1		YNL284C-A
MCK1		YGR038C-A
MCK1		YCR100C
MCK1		YNL272C
MCK1		YLR132C
MCK1		YAL034C
MCK1		YAR019C
MCK1		YJL084C
MCK1		YDR293C
MCK1		YJR141W
MCK1		YMR238W
MCK1		YJL110C
MCK1		YLR030W
MCK1		YNL065W
MCK1		YDL156W
MCK1		YDR134C
MCK1		YOL091W
MCK1		YIL135C
MCK1		YDL149W
MCK1		YBL024W
MCK1		YDR072C
MCK1		YDL153C
MCK1		YMR115W
MCK1		YGR220C
MCK1		YOR335C
MCK1		YER098W
MCK1		YDR330W
MCK1		YLR249W
MCK1		YNR047W
MCK1		YML058W
MCK1		YML037C
MCK1		YDL128W
MCK1		YPR013C
MCK1		YNL066W
MCK1		YFR009W
MCK1		YBR086C
MCK1		YJL108C
MCK1		YNL074C
MCK1		YDL209C
MCK1		YBR108W
MCK1		YGL134W
MCK1		YGR126W
MCK1		YAL007C
MCK1		YKL093W
MCK1		YML080W
MCK1		YBR043C
MCK1		YDL230W
MCK1		YNL027W
MCK1		YDL070W
MCK1		YAL034W-A
MCK1		YBL011W
MCK1		YDL198C
MCK1		YPL257W-A
MCK1		YML012W
MCK1		YFR014C
MCK1		YER122C
MCK1		YPR050C
MCK1		YOR224C
MCK1		YOR028C
MCK1		YNL078W
MCK1		YGL051W
MCK1		YGR276C
MCK1		YGL186C
MCK1		YNL187W
MEK1		YBL007C
MEK1		YKR021W
MEK1		YOR344C
MEK1		YLR258W
MEK1		YPL077C
MEK1		YIL038C
MEK1		YLR319C
MEK1		YKL159C
MEK1		YMR165C
MEK1		YJR125C
MEK1		YAL028W
MEK1		YNL074C
MEK1		YJR072C
MEK1		YJR049C
MEK1		YKL093W
MEK1		YLR047C
MEK1		YDR323C
MEK1		YFL034W
MEK1		YDR134C
MEK1		YJL146W
MEK1		YIL135C
MEK1		YKL185W
MEK1		YCR073W-A
MEK1		YML064C
MEK1		YGL035C
MEK1		YPL203W
MEK1		YPL100W
MEK1		YGL134W
MEK1		YML058W
MEK1		YIL033C
MEK1		YDR207C
MKK1		YHR157W
MKK1		YER064C
MKK1		YBR138C
MKK1		YAR019C
MKK1		YDL166C
MKK1		YML083C
MKK1		YPR050C
MKK1		YOR207C
MKK1		YKL015W
MPS1		YAR019C
MPS1		YJL089W
MPS1		YJL084C
MPS1		YNL116W
MPS1		YHR209W
MPS1		YPR048W
MPS1		YNL186W
PAK1		YDL006W
PAK1		YAR019C
PAK1		YGL245W
PAK1		YJL051W
PAK1		YML037C
PAK1		YJL108C
PAK1		YMR115W
PBS2		YIL033C
PBS2		YKR055W
PBS2		YJR059W
PBS2		YOL016C
PHO85		YHR183W
PHO85		YBL011W
PHO85		YGL023C
PHO85		YEL047C
PHO85		YNL289W
PHO85		YDR229W
PHO85		YJL084C
PHO85		YIR040C
PHO85		YNL263C
PHO85		YIL033C
PHO85		YOL016C
PHO85		YPL203W
PHO85	pcl1	YKL181W
PHO85	pcl1	YFR021W
PHO85	pcl1	YHR009C
PHO85	pcl1	YER101C
PHO85	pcl1	YHR182W
PHO85	pcl1	YDR170W-A
PHO85	pcl1	YMR165C
PHO85	pcl1	YJR075W
PHO85	pcl1	YKL197C
PHO85	pcl1	YKR090W
PHO85	pcl1	YER036C
PHO85	pcl1	YGR038C-A
PHO85	pcl1	YNL149C
PHO85	pcl1	YPL266W
PHO85	pcl1	YPR139C
PHO85	pcl1	YHR183W
PHO85	pcl1	YJL103C
PHO85	pcl1	YFL034W
PHO85	pcl1	YGL246C
PHO85	pcl1	YBL024W
PHO85	pcl1	YPL100W
PHO85	pcl1	YBR042C
PHO85	pcl1	YPR103W
PHO85	pcl1	YBL061C
PHO85	pcl1	YGR249W
PHO85	pcl1	YGR111W
PHO85	pcl1	YGL079W
PHO85	pcl1	YCR072C
PHO85	pcl1	YGL014W
PHO85	pcl1	YNL077W
PHO85	pcl1	YOL049W
PHO85	pcl1	YPL050C
PHO85	pcl1	YMR290C
PHO85	pcl1	YFR024C
PHO85	pcl1	YNL186W
PHO85	pcl1	YFR017C
PHO85	pcl1	YLR050C
PHO85	pcl1	YBR130C
PHO85	pcl1	YGL254W
PHO85	pcl1	YNL027W
PHO85	pcl1	YML048W
PHO85	pcl1	YIL118W
PHO85	pcl1	YMR313C
PHO85	pcl1	YER125W
PHO85	pcl1	YBL011W
PHO85	pcl1	YPR158W-A
PHO85	pcl1	YNL165W
PHO85	pcl1	YBL084C
PHO85	pcl1	YMR182C
PHO85	pcl1	YNL326C
PHO85	pcl1	YOR162C
PHO85	pcl1	YLR410W-A
PHO85	pcl1	YIL075C
PHO85	pcl1	YNL166C
PHO85	pcl1	YER082C
PHO85	pcl1	YFR010W
PHO85	pcl1	YDR256C
PHO85	pcl1	YPL146C
PHO85	pcl1	YNL304W
PHO85	pcl1	YDR379W
PHO85	pcl1	YER024W
PHO85	pcl1	YJL105W
PHO85	pcl1	YMR262W
PHO85	pcl1	YOL123W
PHO85	pcl1	YKR094C
PHO85	pcl1	YJL200C
PHO85	pcl1	YOR141C
PHO85	pcl1	YIL010W
PHO85	pcl1	YGR026W
PHO85	pcl1	YIL047C
PHO85	pcl1	YHL024W
PHO85	pcl1	YML086C
PHO85	pcl1	YDR034C-C
PHO85	pcl1	YIL112W
PHO85	pcl1	YGR027W-A
PHO85	pcl1	YFL001W
PHO85	pcl1	YOR301W
PHO85	pcl1	YOL103W-A
PHO85	pcl1	YPR091C
PHO85	pcl1	YJL084C
PHO85	pcl1	YCR024C
PHO85	pcl1	YEL015W
PHO85	pcl1	YDR293C
PHO85	pcl1	YMR046C
PHO85	pcl1	YLR183C
PHO85	pcl1	YPR019W
PHO85	pcl1	YIL156W
PHO85	pcl1	YOR083W
PHO85	pcl1	YDR323C
PHO85	pcl1	YLR125W
PHO85	pcl1	YBL086C
PHO85	pcl1	YCL014W
PHO85	pcl1	YKR009C
PHO85	pcl1	YBR118W
PHO85	pcl1	YNL189W
PHO85	pcl1	YGL119W
PHO85	pcl1	YOL147C
PHO85	pcl1	YGL025C
PHO85	pcl1	YDL051W
PHO85	pcl1	YMR155W
PHO85	pcl1	YJR094W-A
PHO85	pcl1	YDR120C
PHO85	pcl1	YPR158CC
PHO85	pcl1	YDR113C
PHO85	pcl1	YGR180C
PHO85	pcl1	YDR229W
PHO85	pcl1	YGL105W
PHO85	pcl1	YLR293C
PHO85	pcl1	YGL185C
PHO85	pcl1	YJR001W
PHO85	pcl1	YLL022C
PHO85	pcl1	YOR056C
PHO85	pcl1	YGR130C
PHO85	pcl1	YPR137C-A
PHO85	pcl1	YKL116C
PHO85	pcl1	YIR001C
PHO85	pcl1	YML117W
PHO85	pcl1	YMR250W
PHO85	pcl1	YDR346C
PHO85	pcl1	YMR316W
PHO85	pcl1	YML045W-A
PHO85	pcl1	YNL104C
PHO85	pcl1	YNL314W
PHO85	pcl1	YEL017W
PHO85	pcl1	YPR035W
PHO85	pcl1	YNL054W-A
PHO85	pcl1	YPL257W-A
PHO85	pcl1	YER122C
PHO85	pcl1	YLR410W
PHO85	pcl1	YLR134W
PHO85	pcl1	YOR110W
PHO85	pcl1	YLR450W
PHO85	pcl1	YNR013C
PHO85	pcl1	YPL073C
PHO85	pcl2	YDR363W-A
PHO85	pcl2	YMR304C-A
PHO85	pcl2	YER119C
PHO85	pcl2	YGL153W
PHO85	pcl2	YER096W
PHO85	pcl2	YGR233C
PHO85	pcl2	YBR164C
PHO85	pcl2	YOL072W
PHO85	pcl2	YHR168W
PHO85	pcl2	YOR184W
PHO85	pcl2	YGL052W
PHO85	pcl2	YLR016C
PHO85	pcl2	YOL066C
PHO85	pcl2	YPL193W
PHO85	pcl2	YLR027C
PHO85	pcl2	YHR074W
PHO85	pcl2	YHR028C
PHO85	pcl2	YER072W
PHO85	pcl2	YPL133C
PHO85	pcl2	YLR231C
PHO85	pcl2	YGL180W
PHO85	pcl2	YLR238W
PHO85	pcl2	YLR427W
PHO85	pcl2	YER131W
PHO85	pcl2	YMR173W
PHO85	pcl2	YGR292W
PHO85	pcl2	YBL047C
PHO85	pcl2	YHR090C
PHO85	pcl2	YOL049W
PHO85	pcl2	YFR024C
PHO85	pcl2	YNL186W
PHO85	pcl2	YER084W
PHO85	pcl2	YDR189W
PHO85	pcl2	YLR264W
PHO85	pcl2	YDL070W
PHO85	pcl2	YOL021C
PHO85	pcl2	YER125W
PHO85	pcl2	YPR035W
PHO85	pcl2	YOR298C-A
PHO85	pcl2	YER067W
PHO85	pcl2	YKR018C
PHO85	pcl2	YKR094C
PHO85	pcl2	YER061C
PHO85	pcl2	YJL084C
PHO85	pcl2	YPR026W
PHO85	pcl2	YPR160W
PHO85	pcl2	YIL084C
PHO85	pcl2	YER048C
PHO85	pcl2	YDL131W
PHO85	pcl2	YBR133C
PHO85	pcl2	YFR017C
PHO85	pcl2	YKL116C
PHO85	pcl2	YMR250W
PHO85	pcl2	YNL027W
PHO85	pcl2	YMR304W
PHO85	pcl2	YLR102C
PHO85	pcl2	YGR090W
PHO85	pcl2	YML119W
PHO85	pcl2	YPL118W
PHO85	pcl2	YER077C
PHO85	pcl9	YDR363W-A
PHO85	pcl9	YPL117C
PHO85	pcl9	YER119C
PHO85	pcl9	YER096W
PHO85	pcl9	YDR256C
PHO85	pcl9	YMR205C
PHO85	pcl9	YPL139C
PHO85	pcl9	YOR275C
PHO85	pcl9	YLR146C
PHO85	pcl9	YHR182W
PHO85	pcl9	YKR094C
PHO85	pcl9	YPL222W
PHO85	pcl9	YGR001C
PHO85	pcl9	YPL201C
PHO85	pcl9	YOR141C
PHO85	pcl9	YMR165C
PHO85	pcl9	YNR064C
PHO85	pcl9	YER061C
PHO85	pcl9	YNL021W
PHO85	pcl9	YOR184W
PHO85	pcl9	YGR135W
PHO85	pcl9	YHR205W
PHO85	pcl9	YJL167W
PHO85	pcl9	YLR027C
PHO85	pcl9	YJR076C
PHO85	pcl9	YDR257C
PHO85	pcl9	YKR048C
PHO85	pcl9	YJL084C
PHO85	pcl9	YPL190C
PHO85	pcl9	YNL207W
PHO85	pcl9	YHR074W
PHO85	pcl9	YPL281C
PHO85	pcl9	YHR028C
PHO85	pcl9	YPR026W
PHO85	pcl9	YMR039C
PHO85	pcl9	YFL034W
PHO85	pcl9	YPR160W
PHO85	pcl9	YER072W
PHO85	pcl9	YPR135W
PHO85	pcl9	YHR111W
PHO85	pcl9	YKR009C
PHO85	pcl9	YBR299W
PHO85	pcl9	YMR304W
PHO85	pcl9	YER048C
PHO85	pcl9	YGL039W
PHO85	pcl9	YLR231C
PHO85	pcl9	YPR147C
PHO85	pcl9	YER131W
PHO85	pcl9	YMR173W
PHO85	pcl9	YAL039C
PHO85	pcl9	YGR292W
PHO85	pcl9	YML062C
PHO85	pcl9	YGR111W
PHO85	pcl9	YGL079W
PHO85	pcl9	YBL047C
PHO85	pcl9	YIL034C
PHO85	pcl9	YHR090C
PHO85	pcl9	YGL105W
PHO85	pcl9	YLR003C
PHO85	pcl9	YOL049W
PHO85	pcl9	YNL227C
PHO85	pcl9	YER084W
PHO85	pcl9	YMR297W
PHO85	pcl9	YNL277W
PHO85	pcl9	YKL116C
PHO85	pcl9	YCL030C
PHO85	pcl9	YNL027W
PHO85	pcl9	YPR089W
PHO85	pcl9	YML048W
PHO85	pcl9	YDL070W
PHO85	pcl9	YER150W
PHO85	pcl9	YER125W
PHO85	pcl9	YML001W
PHO85	pcl9	YFL032W
PHO85	pcl9	YBL011W
PHO85	pcl9	YDR132C
PHO85	pcl9	YJR154W
PHO85	pcl9	YJR092W
PHO85	pcl9	YOR298C-A
PHO85	pcl9	YLR134W
PHO85	pcl9	YOR162C
PHO85	pcl9	YOL053W
PHO85	pcl9	YGR090W
PHO85	pcl9	YOL016C
PHO85	pcl9	YFL013W-A
PHO85	pcl9	YBR287W
PHO85	pcl9	YLR276C
PHO85	pcl9	YPL279C
PHO85	pcl9	YJL020C
PHO85	PHO80	YGL005C
PHO85	PHO80	YGL062W
PHO85	PHO80	YJR082C
PHO85	PHO80	YLR331C
PHO85	PHO80	YFR021W
PHO85	PHO80	YHR009C
PHO85	PHO80	YGL056C
PHO85	PHO80	YMR165C
PHO85	PHO80	YJL218W
PHO85	PHO80	YDR354W
PHO85	PHO80	YJR148W
PHO85	PHO80	YKR090W
PHO85	PHO80	YNL149C
PHO85	PHO80	YLL024C
PHO85	PHO80	YGL209W
PHO85	PHO80	YLR027C
PHO85	PHO80	YEL048C
PHO85	PHO80	YJR076C
PHO85	PHO80	YFR032C-A
PHO85	PHO80	YFR022W
PHO85	PHO80	YHR074W
PHO85	PHO80	YBL039C
PHO85	PHO80	YOL041C
PHO85	PHO80	YHR111W
PHO85	PHO80	YJL146W
PHO85	PHO80	YHR112C
PHO85	PHO80	YMR173W
PHO85	PHO80	YAL039C
PHO85	PHO80	YGL152C
PHO85	PHO80	YOR117W
PHO85	PHO80	YKR041W
PHO85	PHO80	YMR029C
PHO85	PHO80	YGR292W
PHO85	PHO80	YHR068W
PHO85	PHO80	YGR111W
PHO85	PHO80	YBL047C
PHO85	PHO80	YLR093C
PHO85	PHO80	YCR072C
PHO85	PHO80	YGL014W
PHO85	PHO80	YAL060W
PHO85	PHO80	YNL245C
PHO85	PHO80	YBR151W
PHO85	PHO80	YFR017C
PHO85	PHO80	YIL074C
PHO85	PHO80	YDL186W
PHO85	PHO80	YBR188C
PHO85	PHO80	YPR089W
PHO85	PHO80	YNL027W
PHO85	PHO80	YHL009C
PHO85	PHO80	YER009W
PHO85	PHO80	YBL011W
PHO85	PHO80	YHR200W
PHO85	PHO80	YFL022C
PHO85	PHO80	YJR092W
PHO85	PHO80	YPL117C
PHO85	PHO80	YDL006W
PHO85	PHO80	YOR177C
PHO85	PHO80	YMR262W
PHO85	PHO80	YOL123W
PHO85	PHO80	YML035C
PHO85	PHO80	YDR161W
PHO85	PHO80	YGL161C
PHO85	PHO80	YKR094C
PHO85	PHO80	YHR157W
PHO85	PHO80	YLR262C
PHO85	PHO80	YJL200C
PHO85	PHO80	YDL137W
PHO85	PHO80	YOR141C
PHO85	PHO80	YKL019W
PHO85	PHO80	YOR054C
PHO85	PHO80	YOR184W
PHO85	PHO80	YML086C
PHO85	PHO80	YGL234W
PHO85	PHO80	YOL103W-A
PHO85	PHO80	YJL084C
PHO85	PHO80	YHR115C
PHO85	PHO80	YDR293C
PHO85	PHO80	YPL190C
PHO85	PHO80	YFL030W
PHO85	PHO80	YDR032C
PHO85	PHO80	YDR489W
PHO85	PHO80	YPL249C
PHO85	PHO80	YBL064C
PHO85	PHO80	YNR010W
PHO85	PHO80	YIL156W
PHO85	PHO80	YPR135W
PHO85	PHO80	YER033C
PHO85	PHO80	YLR125W
PHO85	PHO80	YFR034C
PHO85	PHO80	YPL133C
PHO85	PHO80	YNL182C
PHO85	PHO80	YGR252W
PHO85	PHO80	YIL077C
PHO85	PHO80	YDR279W
PHO85	PHO80	YHL040C
PHO85	PHO80	YGL018C
PHO85	PHO80	YDL103C
PHO85	PHO80	YDR113C
PHO85	PHO80	YGR180C
PHO85	PHO80	YKL042W
PHO85	PHO80	YDR229W
PHO85	PHO80	YLR003C
PHO85	PHO80	YOL060C
PHO85	PHO80	YLR060W
PHO85	PHO80	YGR028W
PHO85	PHO80	YIL172C
PHO85	PHO80	YFR035C
PHO85	PHO80	YKL116C
PHO85	PHO80	YCL030C
PHO85	PHO80	YBR155W
PHO85	PHO80	YBL058W
PHO85	PHO80	YNL045W
PHO85	PHO80	YIR037W
PHO85	PHO80	YHL034C
PHO85	PHO80	YER034W
PHO85	PHO80	YEL017W
PHO85	PHO80	YHR174W
PHO85	PHO80	YMR192W
PHO85	PHO80	YML001W
PHO85	PHO80	YNL054W-A
PHO85	PHO80	YGL091C
PHO85	PHO80	YMR004W
PHO85	PHO80	YER122C
PHO85	PHO80	YPR188C
PHO85	PHO80	YLR134W
PHO85	PHO80	YKL181W
PHO85	PHO80	YBL023C
PHO85	PHO80	YOR362C
PHO85	PHO80	YMR048W
PHO85	PHO80	YBR019C
PHO85	PHO80	YGR167W
PHO85	PHO80	YHR182W
PHO85	PHO80	YGR001C
PHO85	PHO80	YFR036W
PHO85	PHO80	YIL109C
PHO85	PHO80	YER116C
PHO85	PHO80	YER036C
PHO85	PHO80	YJL167W
PHO85	PHO80	YJR097W
PHO85	PHO80	YMR311C
PHO85	PHO80	YNR007C
PHO85	PHO80	YPL281C
PHO85	PHO80	YHR183W
PHO85	PHO80	YFL034W
PHO85	PHO80	YGL246C
PHO85	PHO80	YIR003W
PHO85	PHO80	YOL070C
PHO85	PHO80	YDL171C
PHO85	PHO80	YMR304W
PHO85	PHO80	YML004C
PHO85	PHO80	YPL100W
PHO85	PHO80	YCL018W
PHO85	PHO80	YLR231C
PHO85	PHO80	YFL028C
PHO85	PHO80	YPR147C
PHO85	PHO80	YPR103W
PHO85	PHO80	YER131W
PHO85	PHO80	YLR274W
PHO85	PHO80	YGL079W
PHO85	PHO80	YBR173C
PHO85	PHO80	YBL032W
PHO85	PHO80	YPR017C
PHO85	PHO80	YDR167W
PHO85	PHO80	YJR070C
PHO85	PHO80	YJR129C
PHO85	PHO80	YER095W
PHO85	PHO80	YDL201W
PHO85	PHO80	YML048W
PHO85	PHO80	YBR109C
PHO85	PHO80	YEL042W
PHO85	PHO80	YNL136W
PHO85	PHO80	YJL060W
PHO85	PHO80	YER089C
PHO85	PHO80	YMR276W
PHO85	PHO80	YLL018C-A
PHO85	PHO80	YLR102C
PHO85	PHO80	YKL127W
PHO85	PHO80	YOR162C
PHO85	PHO80	YFR010W
PHO85	PHO80	YDR256C
PHO85	PHO80	YMR153W
PHO85	PHO80	YPL146C
PHO85	PHO80	YHR128W
PHO85	PHO80	YKR021W
PHO85	PHO80	YDR169C
PHO85	PHO80	YIL053W
PHO85	PHO80	YPL139C
PHO85	PHO80	YBR094W
PHO85	PHO80	YNL007C
PHO85	PHO80	YLR146C
PHO85	PHO80	YDL203C
PHO85	PHO80	YLR059C
PHO85	PHO80	YHR012W
PHO85	PHO80	YDL173W
PHO85	PHO80	YPL023C
PHO85	PHO80	YNL225C
PHO85	PHO80	YIL047C
PHO85	PHO80	YNL021W
PHO85	PHO80	YBL078C
PHO85	PHO80	YJR072C
PHO85	PHO80	YGR135W
PHO85	PHO80	YLR016C
PHO85	PHO80	YDR034C-C
PHO85	PHO80	YOR359W
PHO85	PHO80	YPR091C
PHO85	PHO80	YKL056C
PHO85	PHO80	YNL196C
PHO85	PHO80	YCL050C
PHO85	PHO80	YLR030W
PHO85	PHO80	YPR019W
PHO85	PHO80	YKL150W
PHO85	PHO80	YDL181W
PHO85	PHO80	YJL070C
PHO85	PHO80	YOR251C
PHO85	PHO80	YKR009C
PHO85	PHO80	YBR299W
PHO85	PHO80	YMR155W
PHO85	PHO80	YHR137W
PHO85	PHO80	YML058W
PHO85	PHO80	YJL020C
PHO85	PHO80	YLR438W
PHO85	PHO80	YLR460C
PHO85	PHO80	YML058W-A
PHO85	PHO80	YHR014W
PHO85	PHO80	YPR042C
PHO85	PHO80	YLR293C
PHO85	PHO80	YDR265W
PHO85	PHO80	YGL185C
PHO85	PHO80	YKL064W
PHO85	PHO80	YNL277W
PHO85	PHO80	YPR137C-A
PHO85	PHO80	YGR144W
PHO85	PHO80	YFR049W
PHO85	PHO80	YNR033W
PHO85	PHO80	YJL137C
PHO85	PHO80	YMR250W
PHO85	PHO80	YLR018C
PHO85	PHO80	YJR103W
PHO85	PHO80	YFL054C
PHO85	PHO80	YNR019W
PHO85	PHO80	YIL020C
PHO85	PHO80	YML016C
PHO85	PHO80	YNL314W
PHO85	PHO80	YPR035W
PHO85	PHO80	YPL257W-A
PHO85	PHO80	YDR513W
PHO85	PHO80	YMR171C
PHO85	PHO80	YJR154W
PHO85	PHO80	YOL082W
PHO85	PHO80	YMR294W
PHO85	PHO80	YLL008W
PHO85	PHO80	YLR410W
PHO85	PHO80	YPL106C
PHO85	PHO80	YIL057C
PHO85	PHO80	YKR018C
PKH2		YGL109W
PKH2		YOL077C
PKH2		YDR383C
PKH2		YOL016C
PRK1		YDL013W
PRK1		YPR152C
PRK1		YIL053W
PRK1		YHR056C
PRK1		YOR210W
PRK1		YGL245W
PRK1		YGL051W
PRK1		YDL166C
PRK1		YMR184W
PRK1		YML037C
PRK1		YOR050C
PRK1		YLR460C
PRK1		YKL062W
PRK1		YDL223C
PRK1		YJL044C
PRK1		YAL028W
PRK1		YEL058W
PRK1		YER036C
PRK1		YNL186W
PRK1		YBR108W
PRK1		YNR006W
PRK1		YLR251W
PRK1		YNL272C
PRK1		YDR034C-C
PRK1		YPR137C-A
PRK1		YBR130C
PRK1		YAR019C
PRK1		YGR027C
PRK1		YMR053C
PRK1		YOR196C
PRK1		YBR129C
PRK1		YNL054W-A
PRK1		YDL220C
PRK1		YPL257W-A
PRK1		YER122C
PRK1		YLR303W
PRK1		YPR050C
PRK1		YJR092W
PRK1		YMR239C
PRK1		YDL153C
PRK1		YGR276C
PRR1		YDL013W
PRR1		YMR184W
PRR1		YGL210W
PRR1		YGL245W
PRR1		YNL022C
PRR1		YBL024W
PRR1		YDR023W
PRR1		YOL125W
PRR1		YML037C
PRR1		YDL128W
PRR1		YPR013C
PRR1		YLR015W
PRR1		YMR284W
PRR1		YML073C
PRR1		YMR052W
PRR1		YNL272C
PRR1		YLR257W
PRR1		YBL011W
PRR1		YDR134C
PRR1		YPR050C
PRR1		YDR480W
PRR1		YKL116C
PRR1		YBR179C
PRR1		YOL086C
PRR1		YJR001W
PRR2		YBL007C
PRR2		YKL168C
PRR2		YNR006W
PRR2		YAR019C
PRR2		YJL198W
PRR2		YJL110C
PRR2		YDR360W
PRR2		YML083C
PRR2		YDL153C
PRR2		YGR276C
PRR2		YCR073W-A
PRR2		YML037C
PRR2		YMR165C
PRR2		YDL038C
PRR2		YJL051W
PRR2		YDL220C
PRR2		YBL024W
PRR2		YMR102C
PRR2		YOL065C
PRR2		YHL018W
PRR2		YAR018C
PRR2		YKR092C
PRR2		YGR249W
PRR2		YIL107C
PRR2		YCR079W
PRR2		YHR139C
PRR2		YNL227C
PRR2		YMR140W
PRR2		YHR121W
PRR2		YNR042W
PRR2		YHR060W
PRR2		YPL166W
PRR2		YJR103W
PRR2		YDL131W
PRR2		YKL012W
PRR2		YBR035C
PRR2		YBL074C
PRR2		YKL080W
PTK2		YKL181W
PTK2		YPL019C
PTK2		YGL055W
PTK2		YAR018C
PTK2		YHR117W
PTK2		YGR008C
PTK2		YMR099C
PTK2		YML118W
PTK2		YNR013C
PTK2		YDL045W-A
PTK2		YEL032W
PTK2		YLL038C
PTK2		YPR167C
PTK2		YLR258W
PTK2		YBR157C
PTK2		YMR165C
PTK2		YML031W
PTK2		YKL080W
PTK2		YNL047C
PTK2		YLR259C
PTK2		YKR090W
PTK2		YMR288W
PTK2		YNL293W
PTK2		YNL284C-A
PTK2		YKL146W
PTK2		YJL167W
PTK2		YNR042W
PTK2		YHL021C
PTK2		YLR397C
PTK2		YGR241C
PTK2		YGR161C
PTK2		YJL051W
PTK2		YDR137W
PTK2		YPR160W
PTK2		YDL236W
PTK2		YJL146W
PTK2		YIL167W
PTK2		YAL038W
PTK2		YER153C
PTK2		YGR038W
PTK2		YOR276W
PTK2		YPL100W
PTK2		YHR112C
PTK2		YPR074C
PTK2		YBR028C
PTK2		YAL039C
PTK2		YCR073W-A
PTK2		YGR249W
PTK2		YHR207C
PTK2		YKR100C
PTK2		YKL140W
PTK2		YLR319C
PTK2		YGL014W
PTK2		YDL223C
PTK2		YDR153C
PTK2		YLR195C
PTK2		YNL186W
PTK2		YHR105W
PTK2		YNL245C
PTK2		YBR108W
PTK2		YIL074C
PTK2		YFR017C
PTK2		YFL050C
PTK2		YMR102C
PTK2		YJR056C
PTK2		YDR001C
PTK2		YJR049C
PTK2		YJR099W
PTK2		YJL198W
PTK2		YDL070W
PTK2		YDL143W
PTK2		YER125W
PTK2		YKL061W
PTK2		YMR196W
PTK2		YJL141C
PTK2		YKL127W
PTK2		YOL130W
PTK2		YKR021W
PTK2		YDR169C
PTK2		YER010C
PTK2		YMR081C
PTK2		YJR130C
PTK2		YKR022C
PTK2		YBR059C
PTK2		YKL062W
PTK2		YLR437C
PTK2		YNR039C
PTK2		YNL101W
PTK2		YGL205W
PTK2		YHR158C
PTK2		YMR285C
PTK2		YNL167C
PTK2		YDR257C
PTK2		YPR091C
PTK2		YJL084C
PTK2		YGL067W
PTK2		YDR293C
PTK2		YPR040W
PTK2		YKL121W
PTK2		YIL156W
PTK2		YDR134C
PTK2		YOR083W
PTK2		YDR207C
PTK2		YIL135C
PTK2		YOR229W
PTK2		YJR044C
PTK2		YGR267C
PTK2		YJL070C
PTK2		YMR140W
PTK2		YDL102W
PTK2		YJL136C
PTK2		YLR350W
PTK2		YLR270W
PTK2		YOR113W
PTK2		YGR100W
PTK2		YDL117W
PTK2		YJL020C
PTK2		YMR068W
PTK2		YKL166C
PTK2		YMR184W
PTK2		YML037C
PTK2		YKL042W
PTK2		YNL125C
PTK2		YIL107C
PTK2		YIL070C
PTK2		YDR229W
PTK2		YGL105W
PTK2		YLR003C
PTK2		YOR070C
PTK2		YLL043W
PTK2		YLR133W
PTK2		YJR001W
PTK2		YKL064W
PTK2		YNL074C
PTK2		YOR209C
PTK2		YGR210C
PTK2		YKL116C
PTK2		YLL029W
PTK2		YHR022C
PTK2		YKL093W
PTK2		YFL054C
PTK2		YNR019W
PTK2		YOR230W
PTK2		YNL045W
PTK2		YLR257W
PTK2		YHL034C
PTK2		YER078C
PTK2		YDR251W
PTK2		YDR208W
PTK2		YLR301W
PTK2		YER122C
PTK2		YDR070C
PTK2		YJL123C
PTK2		YDL126C
PTK2		YLR410W
PTK2		YGR276C
PTK2		YKL008C
PTK2		YJR112W
PTK2		YCR079W
PTK2		YNR047W
PTK2		YPL077C
PTK2		YGR252W
PTK2		YDR113C
PTK2		YGR253C
PTK2		YBL058W
PTK2		YOR028C
PTK2		YKL094W
PTK2		YIL144W
PTK2		YBR055C
PTK2		YKL168C
PTK2		YML096W
PTK2		YIL109C
PTK2		YBR035C
PTK2		YKR092C
PTK2		YHR184W
PTK2		YNL077W
PTK2		YKL184W
PTK2		YPL079W
PTK2		YDL078C
PTK2		YCR023C
PTK2		YIL112W
PTK2		YGR266W
PTK2		YBR270C
PTK2		YKL013C
PTK2		YPR107C
PTK2		YFR048W
PTK2		YDR505C
PTK2		YGL221C
PTK2		YGR159C
PTK2		YGL141W
PTK2		YPR115W
PTK2		YHR153C
PTK2		YOL082W
PTK2		YLL008W
RAD53		YER064C
RAD53		YNL298W
RAD53		YDR023W
RAD53		YBL007C
RAD53		YER098W
RAD53		YML035C
RAD53		YPR013C
RAD53		YGL105W
RAD53		YAL028W
RAD53		YNL186W
RAD53		YBR108W
RAD53		YNL284C-A
RAD53		YGR210C
RAD53		YDR034C-C
RAD53		YBR130C
RAD53		YPR091C
RAD53		YGL245W
RAD53		YJL084C
RAD53		YDR266C
RAD53		YDR293C
RAD53		YLR257W
RAD53		YDR226W
RAD53		YPL150W
RAD53		YER122C
RAD53		YOR181W
RAD53		YPR050C
RAD53		YDL019C
RAD53		YIL135C
RAD53		YPR039W
RAD53		YBL024W
RAD53		YJL128C
RAD53		YDL153C
RAD53		YGR276C
RCK1		YHL020C
RCK1		YJR096W
RCK1		YOR362C
RCK1		YBR178W
RCK1		YNL272C
RCK1		YMR241W
RCK1		YHL021C
RCK1		YKR048C
RCK1		YGR223C
RCK1		YGL245W
RCK1		YJR105W
RCK1		YGR063C
RCK1		YJR141W
RCK1		YPR160W
RCK1		YBL031W
RCK1		YBL024W
RCK1		YOR335C
RCK1		YJR094W-A
RCK1		YNL117W
RCK1		YOR044W
RCK1		YJR142W
RCK1		YIL070C
RCK1		YNL186W
RCK1		YOR193W
RCK1		YGR210C
RCK1		YDL070W
RCK1		YDL220C
RCK1		YNL064C
RCK1		YGR276C
RCK1		YGR078C
RCK1		YGR220C
RCK1		YGR024C
RCK1		YML037C
RCK1		YAL042W
RCK1		YMR229C
RCK1		YHR185C
RCK1		YHL027W
RCK1		YJR089W
RCK1		YJR115W
RCK1		YML035C
RCK1		YHR001W
RCK1		YMR284W
RCK1		YPR072W
RCK1		YER036C
RCK1		YIL021W
RCK1		YML042W
RCK1		YNL284C-A
RCK1		YHL003C
RCK1		YOR210W
RCK1		YGL231C
RCK1		YKL012W
RCK1		YIL004C
RCK1		YLL057C
RCK1		YIL051C
RCK1		YGL246C
RCK1		YLR303W
RCK1		YMR239C
RCK1		YFL063W
RCK1		YDL153C
RCK1		YMR115W
RCK1		YPR063C
RCK1		YER098W
RCK1		YMR155W
RCK1		YOL125W
RCK1		YAL068C
RCK1		YJR095W
RCK1		YNL212W
RCK1		YGR228W
RCK1		YDL230W
RCK1		YOR089C
RCK1		YHR044C
RCK1		YLL008W
RCK1		YIL078W
RCK2		YBL007C
RCK2		YDL128W
RCK2		YNL284C-A
RCK2		YNL272C
RCK2		YJL051W
RCK2		YJR063W
RCK2		YPL150W
RCK2		YIL135C
RCK2		YDR169C
RCK2		YNR047W
RCK2		YMR184W
RCK2		YKL168C
RCK2		YNL074C
RCK2		YBR108W
RCK2		YHR031C
RCK2		YPR091C
RCK2		YHR131C
RCK2		YOR018W
RCK2		YLR257W
RCK2		YFR022W
RCK2		YDR171W
RCK2		YPR160W
RCK2		YER122C
RCK2		YNL267W
RCK2		YDR021W
RIM11		YMR205C
RIM11		YGR249W
RIM11		YDR207C
RIM11		YAL028W
RIM11		YNL272C
RIM11		YKL093W
RIM11		YJL084C
RIM11		YGL035C
RIM11		YLR258W
RIM11		YPL077C
RIM11		YOL053W
RIM11		YMR291W
RIM11		YKL159C
RIM11		YIL107C
RIM11		YMR165C
RIM11		YIL135C
RIM11		YBR273C
RIM15		YCR052W
RIM15		YOL147C
RIM15		YLR263W
RIM15		YDL002C
RIM15		YIL116W
RIM15		YBR035C
RIM15		YMR155W
RIM15		YBL011W
RIM15		YNL157W
RIM15		YGL185C
RIM15		YER151C
RIM15		YGR276C
RIM15		YOR380W
RIM15		YOR162C
SAT4		YJL051W
SAT4		YFL023W
SAT4		YMR165C
SAT4		YAR019C
SAT4		YJL164C
SAT4		YBR107C
SAT4		YDR044W
SAT4		YOR018W
SAT4		YLL011W
SAT4		YAL034W-A
SAT4		YNL253W
SAT4		YPR013C
SAT4		YPL257W-A
SAT4		YBR285W
SAT4		YHR056C
SAT4		YGL084C
SAT4		YDR404C
SAT4		YOR224C
SAT4		YKL073W
SAT4		YGL134W
SKM1		YER098W
SKM1		YPR032W
SKM1		YCR073W-A
SKM1		YGL105W
SKM1		YBR086C
SKM1		YNL284C-A
SKM1		YGL245W
SKM1		YNL022C
SKM1		YBL011W
SKM1		YBL024W
SKM1		YGR276C
SKM1		YMR215W
SKM1		YHR182W
SKM1		YML037C
SKM1		YML096W
SKM1		YNL186W
SKM1		YNL272C
SKM1		YIL069C
SKM1		YLR182W
SKM1		YER122C
SKM1		YDL153C
SKM1		YNR042W
SKM1		YAR018C
SKM1		YJR058C
SKM1		YKR040C
SKM1		YBL091C-A
SKM1		YPL088W
SKM1		YHL004W
SKM1		YNL227C
SKM1		YOL062C
SKM1		YKL184W
SKM1		YDL131W
SKM1		YDL045W-A
SKM1		YEL032W
SKM1		YKL178C
SKM1		YDR191W
SKM1		YGR282C
SKM1		YMR210W
SKM1		YIR039C
SKM1		YDL209C
SKM1		YGL134W
SKS1		YJL029C
SKS1		YAR019C
SKS1		YGL245W
SKS1		YAL034W-A
SKS1		YIL135C
SKS1		YDL019C
SKS1		YAL028W
SKS1		YDL153C
SKS1		YER064C
SKS1		YNL022C
SKS1		YOR020C
SKS1		YCR073W-A
SKS1		YNL065W
SKS1		YPR013C
SKS1		YIL107C
SKS1		YHR056C
SKS1		YBL066C
SKS1		YML096W
SKS1		YDR183W
SKS1		YPR050C
SKS1		YFR017C
SKS1		YKL146W
SKS1		YDR001C
SKS1		YGR249W
SKS1		YDR226W
SKS1		YAL023C
SKS1		YJR049C
SKS1		YHR139C
SKS1		YMR102C
SKS1		YOL065C
SKS1		YGL119W
SKS1		YNR042W
SKS1		YKL184W
SKS1		YPL088W
SKS1		YPL282C
SKS1		YKL178C
SKS1		YKR040C
SKS1		YKL080W
SKS1		YGR199W
SKS1		YNL227C
SKS1		YFL016C
SKY1		YDL013W
SKY1		YIL075C
SKY1		YFR010W
SKY1		YOR141C
SKY1		YOR054C
SKY1		YOR239W
SKY1		YKL146W
SKY1		YFL001W
SKY1		YJL084C
SKY1		YJL033W
SKY1		YKL023W
SKY1		YIL156W
SKY1		YLR150W
SKY1		YKR009C
SKY1		YMR304W
SKY1		YLL018C
SKY1		YMR173W
SKY1		YGL105W
SKY1		YNL277W
SKY1		YKR071C
SKY1		YBR155W
SKY1		YNL027W
SKY1		YHL009C
SKY1		YER125W
SKY1		YLL008W
SKY1		YLR276C
SKY1		YOR078W
SKY1		YNL173C
SKY1		YLR410W-A
SKY1		YPL139C
SKY1		YPR019W
SKY1		YER072W
SKY1		YIL091C
SKY1		YPR042C
SKY1		YNL186W
SKY1		YML045W-A
SKY1		YHR090C
SKY1		YLR133W
SKY1		YKL064W
SKY1		YOL021C
SLT2		YOL016C
SLT2		YOL077C
SNF1		YKR022C
SNF1		YKR009C
SNF1		YLR192C
SNF1		YBL055C
SNF1		YNL007C
SNF1		YPR156C
SNF1		YGL208W
SNF1		YKL023W
SNF1		YDL225W
SNF1		YHR133C
SNF1		YHR117W
SNF1		YHR214C-C
SNF1		YNL272C
SNF1		YDL070W
SNF1		YML062C
SNF1		YMR205C
SNF1		YNL186W
SNF1		YDR120C
SNF1		YOR054C
SNF1		YGL023C
SNF1		YIL156W
SNF1		YER125W
SNF1		YIL107C
SNF1		YJL033W
SNF1		YKL079W
SNF1		YFL054C
SNF1		YMR165C
SNF1		YER024W
SNF1		YBR118W
SNF1		YER122C
SNF1		YDL220C
SNF1		YJL084C
SNF1		YJL110C
SNF1		YPR115W
SNF1		YFR022W
SNF1		YGL035C
SNF1		YDR312W
SNF1		YDR113C
SNF1		YLR242C
SNF1		YHR073W
SNF1		YDL025C
SNF1		YNL227C
SNF1		YMR015C
SNF1		YPL133C
SNF1		YLR265C
SNF1		YDR293C
SNF1		YOR340C
SNF1		YPR171W
SNF1		YJR019C
SNF1		YJL080C
SNF1		YIL044C
SNF1		YBR130C
SNF1		YBL061C
SNF1		YJL103C
SNF1		YPL146C
SNF1		YKL121W
SNF1		YKL008C
SNF1		YOR216C
SNF1		YKR071C
SNF1		YHL033C
SNF1		YLR150W
SNF1		YPR143W
SNF1		YMR290C
SNF1		YGL207W
SNF1		YFR010W
SNF1		YOR123C
SNF1		YIL075C
SNF1		YNR013C
SNF1		YAR014C
SNF1		YMR102C
SNF1		YLL027W
SNF1		YJL148W
SNF1		YOR198C
SNF1		YHR205W
SNF1		YLR439W
SNF1		YML111W
SNF1		YDL051W
SNF1		YIL112W
SNF1		YBR155W
SNF1		YHR103W
SPS1		YBR224W
SPS1		YIL103W
SPS1		YJR078W
SPS1		YGL066W
SPS1		YOR252W
SPS1		YPL246C
SPS1		YGR051C
SRB10		YJL199C
SRB10		YLR228C
SRB10		YJR130C
SRB10		YGR051C
SRB10		YLR467W
SRB10		YGL066W
SRB10		YOR042W
SRB10		YOL092W
SRB10		YPL246C
SRB10		YNL186W
SSK22		YOR018W
SSK22		YPL251W
SSK22		YHL020C
SSK22		YDR023W
SSK22		YDR524C
SSK22		YDR007W
SSK22		YPL217C
SSK22		YAR019C
SSK22		YJL089W
SSK22		YCL043C
SSK22		YHR157W
SSK22		YDL056W
SSK22		YML096W
SSK22		YDL125C
SSK22		YMR165C
SSK22		YCR049C
SSK22		YJL108C
SSK22		YNL284C-A
SSK22		YGL134W
STE11		YJR059W
STE11		YOL016C
STE20		YML080W
STE20		YDR023W
STE20		YOR177C
STE20		YPR032W
STE20		YOL098C
STE20		YMR165C
STE20		YKR040C
STE20		YBR273C
STE20		YNL101W
STE20		YNL272C
STE20		YGL245W
STE20		YNL022C
STE20		YBR063C
STE20		YML083C
STE20		YDL149W
STE20		YDL153C
STE20		YBR122C
STE20		YPL217C
STE20		YOR113W
STE20		YER098W
STE20		YCR073W-A
STE20		YOR208W
STE20		YDR026C
STE20		YBR086C
STE20		YAL028W
STE20		YBR108W
STE20		YBR071W
STE20		YNR019W
STE20		YHR131C
STE20		YDL070W
STE20		YDR037W
STE20		YDR251W
STE20		YBL011W
STE20		YGR276C
STE20		YBR102C
STE20		YMR053C
STE20		YER090W
STE20		YGR159C
STE20		YGL207W
STE20		YER122C
STE20		YEL058W
STE20		YPR091C
STE20		YLR314C
STE20		YDR293C
STE20		YBL085W
STE20		YBR154C
STE20		YAL020C
STE20		YBL014C
STE20		YBR042C
STE20		YDR330W
STE20		YML037C
STE20		YDL027C
STE20		YLR293C
STE20		YNL027W
STE20		YOR092W
STE20		YOR028C
STE20		YOL112W
STE20		YML096W
STE20		YHL024W
STE20		YCR100C
STE20		YOL139C
STE20		YOR232W
STE20		YIL156W
STE20		YOL091W
STE20		YAL042W
STE20		YGR108W
STE20		YBR130C
STE20		YER063W
STE20		YNL173C
STE20		YBR200W
SWE1		YHR090C
SWE1		YMR039C
SWE1		YHR182W
SWE1		YNL277W
SWE1		YGL100W
SWE1		YLR309C
SWE1		YBL047C
SWE1		YGL209W
SWE1		YGR038W
SWE1		YGR100W
SWE1		YAR014C
SWE1		YGR153W
SWE1		YDL070W
SWE1		YKL160W
SWE1		YKL160W
SWE1		YNL192W
SWE1		YDR316W
SWE1		YFR021W
SWE1		YGL079W
SWE1		YDL115C
SWE1		YNL145W
SWE1		YDR054C
SWE1		YNL272C
SWE1		YDR312W
SWE1		YMR165C
SWE1		YKR079C
SWE1		YLR132C
SWE1		YHR142W
SWE1		YHR133C
SWE1		YMR205C
SWE1		YDR330W
SWE1		YER122C
SWE1		YDL230W
SWE1		YLL043W
SWE1		YPR137CA
SWE1		YCR064C
SWE1		YGR240C
SWE1		YHR156C
SWE1		YBL011W
SWE1		YNL227C
SWE1		YIL148W
SWE1		YKR071C
SWE1		YML037C
SWE1		YFR038W
SWE1		YKL051W
SWE1		YER079W
SWE1		YPR152C
SWE1		YER024W
SWE1		YNL125C
SWE1		YFR029W
SWE1		YLR055C
SWE1		YPR024W
SWE1		YKL042W
SWE1		YPR082C
SWE1		YOR101W
SWE1		YIL077C
SWE1		YDR034CC
SWE1		YIL034C
SWE1		YLL028W
SWE1		YBL095W
SWE1		YDR328C
SWE1		YOR340C
SWE1		YBR231C
SWE1		YAL028W
SWE1		YGL207W
SWE1		YPL181W
SWE1		YDR443C
SWE1		YPR139C
SWE1		YLR350W
SWE1		YCL029C
SWE1		YPL257WA
SWE1		YDL070W
SWE1		YLR231C
SWE1		YEL012W
SWE1		YJR092W
SWE1		YGR017W
SWE1		YLL008W
SWE1		YNL186W
SWE1		YNL206C
SWE1		YNL212W
SWE1		YMR173W
SWE1		YKL121W
SWE1		YBL057C
SWE1		YOR123C
SWE1		YLL022C
SWE1		YMR049C
SWE1		YDR145W
SWE1		YBR264C
SWE1		YOR141C
SWE1		YPL023C
SWE1		YNL066W
SWE1		YLR215C
SWE1		YBL061C
SWE1		YLR125W
SWE1		YPL236C
SWE1		YOR078W
SWE1		YIL107C
SWE1		YOR254C
SWE1		YGL105W
SWE1		YKR092C
SWE1		YOR239W
SWE1		YML045WA
SWE1		YIL091C
SWE1		YKR094C
SWE1		YKL181W
SWE1		YDR229W
SWE1		YDR346C
SWE1		YER027C
SWE1		YNL027W
SWE1		YHL024W
SWE1		YGR038CA
SWE1		YER116C
SWE1		YGR159C
SWE1		YGL056C
SWE1		YGR167W
SWE1		YIR003W
SWE1		YJL084C
TOS3		YDR169C
TOS3		YHR073W
TOS3		YPL139C
TOS3		YGR167W
TOS3		YGL056C
TOS3		YPL222W
TOS3		YOR141C
TOS3		YMR165C
TOS3		YPR083W
TOS3		YHR205W
TOS3		YJR076C
TOS3		YJL084C
TOS3		YKL121W
TOS3		YIL156W
TOS3		YNL192W
TOS3		YIR003W
TOS3		YKR009C
TOS3		YIL091C
TOS3		YMR304W
TOS3		YLR231C
TOS3		YER131W
TOS3		YNL186W
TOS3		YNL277W
TOS3		YKR071C
TOS3		YKL093W
TOS3		YPL236C
TOS3		YNL027W
TOS3		YLR257W
TOS3		YPR115W
TOS3		YPR035W
TOS3		YDL115C
TOS3		YJR092W
TOS3		YLR276C
TOS3		YGR276C
TOS3		YNL293W
TOS3		YDL070W
TOS3		YGR038W
TOS3		YGR126W
TOS3		YAR014C
TOS3		YMR304C-A
TOS3		YPL117C
TOS3		YGL153W
TOS3		YOL130W
TOS3		YMR205C
TOS3		YFR021W
TOS3		YLR055C
TOS3		YMR081C
TOS3		YOL072W
TOS3		YKL197C
TOS3		YKR090W
TOS3		YNL021W
TOS3		YHL024W
TOS3		YGR135W
TOS3		YGR153W
TOS3		YGL035C
TOS3		YLR030W
TOS3		YCL043C
TOS3		YHR028C
TOS3		YER072W
TOS3		YPR135W
TOS3		YNL094W
TOS3		YJL146W
TOS3		YLR150W
TOS3		YOR251C
TOS3		YPL133C
TOS3		YHR214C-C
TOS3		YKL206C
TOS3		YIL084C
TOS3		YLR350W
TOS3		YHR137W
TOS3		YKR092C
TOS3		YKL042W
TOS3		YNL066W
TOS3		YIL107C
TOS3		YHR090C
TOS3		YDR229W
TOS3		YML045W-A
TOS3		YKR079C
TOS3		YOL082W
TOS3		YLL008W
TPK1		YML048W
TPK1		YKL181W
TPK1		YPR152C
TPK1		YHR117W
TPK1		YHL013C
TPK1		YNR013C
TPK1		YGR058W
TPK1		YHR073W
TPK1		YEL032W
TPK1		YLR244C
TPK1		YPL077C
TPK1		YDL025C
TPK1		YBR164C
TPK1		YMR165C
TPK1		YJL218W
TPK1		YLR259C
TPK1		YOR239W
TPK1		YNL112W
TPK1		YKL146W
TPK1		YGR038C-A
TPK1		YNL149C
TPK1		YDR239C
TPK1		YKR048C
TPK1		YLR216C
TPK1		YKR084C
TPK1		YJL110C
TPK1		YJL146W
TPK1		YLR150W
TPK1		YOL070C
TPK1		YHR214C-C
TPK1		YAL038W
TPK1		YMR304W
TPK1		YPL100W
TPK1		YBR042C
TPK1		YLL018C
TPK1		YDR312W
TPK1		YBR028C
TPK1		YBL061C
TPK1		YAL039C
TPK1		YCR073W-A
TPK1		YGR249W
TPK1		YLR319C
TPK1		YDL223C
TPK1		YMR210W
TPK1		YDR153C
TPK1		YMR290C
TPK1		YPL123C
TPK1		YGL043W
TPK1		YFR038W
TPK1		YNL186W
TPK1		YNL245C
TPK1		YBR108W
TPK1		YFR017C
TPK1		YIL074C
TPK1		YBR130C
TPK1		YDR001C
TPK1		YGL254W
TPK1		YNL027W
TPK1		YDL070W
TPK1		YNL136W
TPK1		YER125W
TPK1		YBL055C
TPK1		YOR198C
TPK1		YLR363C
TPK1		YMR196W
TPK1		YMR182C
TPK1		YJL141C
TPK1		YLR022C
TPK1		YOR162C
TPK1		YPL181W
TPK1		YLR410W-A
TPK1		YIL075C
TPK1		YNL166C
TPK1		YER082C
TPK1		YFR010W
TPK1		YOL130W
TPK1		YPL146C
TPK1		YDR292C
TPK1		YDR379W
TPK1		YMR205C
TPK1		YDR169C
TPK1		YNL007C
TPK1		YMR081C
TPK1		YOR141C
TPK1		YMR067C
TPK1		YPL023C
TPK1		YNL101W
TPK1		YOR054C
TPK1		YIL047C
TPK1		YGL205W
TPK1		YCR016W
TPK1		YGR135W
TPK1		YFL001W
TPK1		YJR014W
TPK1		YPR091C
TPK1		YGR223C
TPK1		YJL084C
TPK1		YEL015W
TPK1		YJL033W
TPK1		YNL196C
TPK1		YDR293C
TPK1		YKL121W
TPK1		YFL023W
TPK1		YBL057C
TPK1		YER127W
TPK1		YIL156W
TPK1		YOR083W
TPK1		YPR171W
TPK1		YDL153C
TPK1		YMR140W
TPK1		YKR009C
TPK1		YFR034C
TPK1		YPL133C
TPK1		YBR118W
TPK1		YDR439W
TPK1		YLR350W
TPK1		YNL189W
TPK1		YGR129W
TPK1		YOR113W
TPK1		YER098W
TPK1		YDL051W
TPK1		YHL033C
TPK1		YDR120C
TPK1		YPL104W
TPK1		YDR113C
TPK1		YHL019C
TPK1		YMR184W
TPK1		YML037C
TPK1		YKL042W
TPK1		YOR288C
TPK1		YIL107C
TPK1		YNL125C
TPK1		YPR143W
TPK1		YDR229W
TPK1		YMR229C
TPK1		YGL105W
TPK1		YLR003C
TPK1		YGR159C
TPK1		YOR070C
TPK1		YDL001W
TPK1		YLL043W
TPK1		YOR216C
TPK1		YNL227C
TPK1		YJR001W
TPK1		YKL064W
TPK1		YOR056C
TPK1		YGL207W
TPK1		YPR137C-A
TPK1		YGR130C
TPK1		YLL029W
TPK1		YKL093W
TPK1		YEL039C
TPK1		YBR155W
TPK1		YMR316W
TPK1		YNR019W
TPK1		YML045W-A
TPK1		YKL079W
TPK1		YDR259C
TPK1		YNL045W
TPK1		YKR068C
TPK1		YDR208W
TPK1		YPR115W
TPK1		YPL257W-A
TPK1		YLR192C
TPK1		YLR265C
TPK1		YER122C
TPK1		YDR070C
TPK1		YOR092W
TPK1		YLL008W
TPK1		YDR273W
TPK1		YGR276C
TPK1		YLR098C
TPK1		YKL008C
TPK1		YKR022C
TPK1		YDR257C
TPK1		YGR008C
TPK1		YLR345W
TPK1		YOR123C
TPK1		YJL080C
TPK1		YNL272C
TPK1		YGR038W
TPK1		YDL099W
TPK1		YOR386W
TPK1		YIL112W
TPK1		YPR019W
TPK1		YCL014W
TPK1		YNL182C
TPK1		YLR133W
TPK1		YLR410W
TPK1		YPR029C
TPK1		YKL160W
TPK1		YDR158W
TPK1		YDR035W
TPK1		YKL206C
TPK1		YGR234W
TPK1		YGR235C
TPK1		YHR207C
TPK1		YKR100C
TPK1		YNL157W
TPK1		YFL050C
TPK1		YMR102C
TPK1		YLR173W
TPK1		YKL061W
TPK1		YPL240C
TPK1		YKR021W
TPK1		YKR094C
TPK1		YGL168W
TPK1		YKL171W
TPK1		YBL085W
TPK1		YIL033C
TPK1		YGL184C
TPK1		YDR425W
TPK1		YER078C
TPK1		YLR301W
TPK1		YMR099C
TPK1		YML118W
TPK1		YLL038C
TPK1		YLR258W
TPK1		YHR182W
TPK1		YBR157C
TPK1		YKR090W
TPK1		YJL167W
TPK1		YPL056C
TPK1		YDL236W
TPK1		YPR160W
TPK1		YOR276W
TPK1		YGL014W
TPK1		YHR105W
TPK1		YKL191W
TPK1		YJR049C
TPK1		YPL203W
TPK1		YKL127W
TPK1		YGL023C
TPK1		YER010C
TPK1		YKL193C
TPK1		YKL062W
TPK1		YNR039C
TPK1		YHL024W
TPK1		YNL167C
TPK1		YPR040W
TPK1		YGL067W
TPK1		YOR134W
TPK1		YGR266W
TPK1		YDR207C
TPK1		YIL135C
TPK1		YGR267C
TPK1		YJL070C
TPK1		YLL028W
TPK1		YDR309C
TPK1		YJL020C
TPK1		YKL166C
TPK1		YFL017W-A
TPK1		YNL074C
TPK1		YGR210C
TPK1		YKL116C
TPK1		YBL058W
TPK2		YKL093W
TPK2		YOR113W
TPK2		YKL079W
TPK2		YPL077C
TPK2		YGR249W
TPK2		YMR184W
TPK2		YMR081C
TPK2		YIL107C
TPK2		YJR001W
TPK2		YKL064W
TPK2		YFR017C
TPK2		YDR169C
TPK2		YJL141C
TPK2		YMR140W
TPK2		YML118W
TPK2		YKR097W
TPK2		YOR250C
TPK2		YLR231C
TPK2		YKL121W
TPK2		YPL203W
TPK2		YFR014C
TPK2		YJL146W
TPK2		YHL024W
TPK2		YKL166C
TPK2		YIL033C
TPK2		YOL016C
TPK2		YNL263C
TPK2		YMR120C
TPK2		YBR059C
TPK3		YMR184W
TPK3		YMR081C
TPK3		YKL093W
TPK3		YFR014C
TPK3		YOR334W
TPK3		YLR410W
TPK3		YJR001W
TPK3		YKL064W
TPK3		YFR017C
TPK3		YPL240C
TPK3		YHL020C
TPK3		YDR023W
TPK3		YOR187W
TPK3		YAR018C
TPK3		YKR072C
TPK3		YOR068C
TPK3		YPL146C
TPK3		YLR443W
TPK3		YDR379W
TPK3		YHR182W
TPK3		YLR113W
TPK3		YHR168W
TPK3		YML013W
TPK3		YEL065W
TPK3		YKL114C
TPK3		YHR158C
TPK3		YBR142W
TPK3		YNR006W
TPK3		YDR285W
TPK3		YMR223W
TPK3		YNR042W
TPK3		YKL157W
TPK3		YJR014W
TPK3		YPL056C
TPK3		YOR134W
TPK3		YHR028C
TPK3		YIL033C
TPK3		YOL121C
TPK3		YGL075C
TPK3		YOR163W
TPK3		YOL052C
TPK3		YDR068W
TPK3		YGL184C
TPK3		YGR285C
TPK3		YDR443C
TPK3		YNL117W
TPK3		YER168C
TPK3		YDL081C
TPK3		YNL245C
TPK3		YOR266W
TPK3		YHR185C
TPK3		YPL166W
TPK3		YLR043C
TPK3		YPL138C
TPK3		YDR237W
TPK3		YDL165W
TPK3		YBR298C-A
TPK3		YDR382W
TPK3		YLR044C
TPK3		YLR440C
TPK3		YHR157W
TPK3		YBR059C
TPK3		YDR158W
TPK3		YKL171W
TPK3		YAR019C
TPK3		YOL016C
TPK3		YHR082C
TPK3		YNL280C
TPK3		YGL180W
TPK3		YDR425W
TPK3		YNL227C
TPK3		YIL172C
TPK3		YNL263C
TPK3		YMR120C
TPK3		YDL179W
TPK3		YIL002C
TPK3		YPL203W
TPK3		YPL232W
TPK3		YOR002W
VHS1		YIL033C
VHS1		YHR063C
VHS1		YJR130C
VHS1		YNR034W
VHS1		YKL093W
VHS1		YJR049C
VHS1		YIL107C
VHS1		YBL066C
VHS1		YBR059C
VHS1		YBL024W
VHS1		YGL184C
VHS1		YMR140W
VHS1		YCR073W-A
VHS1		YGR249W
YAK1		YBR273C
YAK1		YGR267C
YAK1		YBL066C
YCK1		YDR190C
YCK1		YDL228C
YCK1		YER064C
YCK1		YDR023W
YCK1		YER082C
YCK1		YDL166C
YCK1		YOR177C
YCK1		YML096W
YCK1		YAL037W
YCK1		YDL243C
YCK1		YNL284C-A
YCK1		YGR038C-A
YCK1		YGL245W
YCK1		YNL022C
YCK1		YGL256W
YCK1		YJL110C
YCK1		YPL078C
YCK1		YDR134C
YCK1		YBL024W
YCK1		YDL135C
YCK1		YDL153C
YCK1		YBR118W
YCK1		YBL014C
YCK1		YPL071C
YCK1		YDR188W
YCK1		YBL007C
YCK1		YGR231C
YCK1		YLR256W
YCK1		YDR196C
YCK1		YFL031W
YCK1		YML037C
YCK1		YMR184W
YCK1		YPR013C
YCK1		YGL105W
YCK1		YDL223C
YCK1		YBR086C
YCK1		YJL108C
YCK1		YAL028W
YCK1		YOL078W
YCK1		YPR137C-A
YCK1		YML080W
YCK1		YPR169W
YCK1		YDL070W
YCK1		YAL034W-A
YCK1		YBL011W
YCK1		YBR090C
YCK1		YGL048C
YCK1		YGL091C
YCK1		YPL257W-A
YCK1		YER122C
YCK1		YOR092W
YCK1		YDL053C
YCK1		YPR050C
YCK1		YGR276C
YCK1		YGR165W
YCK1		YML045W-A
YCK1		YKL077W
YCK1		YCR014C
YCK1		YNL186W
YCK1		YNL027W
YCK1		YML035C
YCK1		YOR239W
YCK1		YIL141W
YCK1		YDL019C
YCK1		YMR268C
YCK1		YCR073W-A
YCK1		YNL073W
YCK1		YLR293C
YCK1		YJL198W
YCK1		YFR014C
YCK1		YGL051W
YCK1		YPR152C
YCK1		YHR117W
YCK1		YHL013C
YCK1		YJR089W
YCK1		YHR073W
YCK1		YFR021W
YCK1		YHR009C
YCK1		YLR244C
YCK1		YBR055C
YCK1		YNL199C
YCK1		YOR260W
YCK1		YOR123C
YCK1		YDL025C
YCK1		YMR049C
YCK1		YMR165C
YCK1		YKL160W
YCK1		YFR029W
YCK1		YKL146W
YCK1		YNL272C
YCK1		YNL149C
YCK1		YOR254C
YCK1		YGL122C
YCK1		YGL209W
YCK1		YDR362C
YCK1		YDR239C
YCK1		YJR076C
YCK1		YKR048C
YCK1		YHR081W
YCK1		YNL207W
YCK1		YLR375W
YCK1		YFL034W
YCK1		YOL091W
YCK1		YIR003W
YCK1		YJR019C
YCK1		YOL070C
YCK1		YMR275C
YCK1		YHR214C-C
YCK1		YPL100W
YCK1		YDR312W
YCK1		YOR204W
YCK1		YER131W
YCK1		YKR092C
YCK1		YMR173W
YCK1		YBL061C
YCK1		YGR249W
YCK1		YKR041W
YCK1		YML062C
YCK1		YBL047C
YCK1		YGL079W
YCK1		YHR090C
YCK1		YBL032W
YCK1		YHR156C
YCK1		YMR290C
YCK1		YDR153C
YCK1		YFR024C
YCK1		YFR038W
YCK1		YBR108W
YCK1		YNL245C
YCK1		YMR297W
YCK1		YGR126W
YCK1		YFL050C
YCK1		YBR130C
YCK1		YKR071C
YCK1		YDL099W
YCK1		YDR037W
YCK1		YHL009C
YCK1		YER125W
YCK1		YBL055C
YCK1		YKR079C
YCK1		YDL115C
YCK1		YPR158W-A
YCK1		YNL165W
YCK1		YJR092W
YCK1		YAR014C
YCK1		YLR276C
YCK1		YJL148W
YCK1		YPL181W
YCK1		YNL173C
YCK1		YLR410W-A
YCK1		YIL075C
YCK1		YOR344C
YCK1		YFR010W
YCK1		YOL130W
YCK1		YPL146C
YCK1		YNL304W
YCK1		YDR169C
YCK1		YER024W
YCK1		YKL048C
YCK1		YOL123W
YCK1		YLR429W
YCK1		YGL248W
YCK1		YKR094C
YCK1		YMR081C
YCK1		YKR022C
YCK1		YOR141C
YCK1		YOR054C
YCK1		YPR083W
YCK1		YBL078C
YCK1		YHL024W
YCK1		YOL153C
YCK1		YDR034C-C
YCK1		YDR540C
YCK1		YLR132C
YCK1		YPR091C
YCK1		YOL103W-A
YCK1		YLR451W
YCK1		YJL084C
YCK1		YDR293C
YCK1		YJL033W
YCK1		YKL121W
YCK1		YLR030W
YCK1		YPR019W
YCK1		YER127W
YCK1		YCL029C
YCK1		YIL156W
YCK1		YOR083W
YCK1		YNL094W
YCK1		YJR044C
YCK1		YLR125W
YCK1		YML007W
YCK1		YCL014W
YCK1		YFR034C
YCK1		YIL091C
YCK1		YPL133C
YCK1		YDR439W
YCK1		YLR350W
YCK1		YKR045C
YCK1		YNL189W
YCK1		YDR330W
YCK1		YGR100W
YCK1		YPR158C-C
YCK1		YDR113C
YCK1		YHL019C
YCK1		YKL042W
YCK1		YNL125C
YCK1		YIL107C
YCK1		YPR143W
YCK1		YMR229C
YCK1		YLR003C
YCK1		YOR070C
YCK1		YHR014W
YCK1		YGR159C
YCK1		YLL043W
YCK1		YPR129W
YCK1		YJR001W
YCK1		YNL227C
YCK1		YLL022C
YCK1		YDR091C
YCK1		YOR056C
YCK1		YGL207W
YCK1		YGR130C
YCK1		YKL093W
YCK1		YDR346C
YCK1		YBR155W
YCK1		YFL054C
YCK1		YNR019W
YCK1		YMR316W
YCK1		YKL079W
YCK1		YLR323C
YCK1		YKL195W
YCK1		YLR257W
YCK1		YNL314W
YCK1		YER034W
YCK1		YEL017W
YCK1		YGR021W
YCK1		YPR115W
YCK1		YDR440W
YCK1		YNL054W-A
YCK1		YDL220C
YCK1		YLR192C
YCK1		YLR265C
YCK1		YLL008W
YCK1		YLR410W
YCK1		YOR340C
YCK1		YLR098C
YCK1		YOR078W
YCK1		YPL190C
YCK1		YGL003C
YCK1		YDL051W
YCK1		YDR099W
YCK1		YJL105W
YCK1		YGR026W
YCK1		YKL114C
YCK1		YGR027W-A
YCK1		YFL023W
YCK1		YLR183C
YCK1		YMR140W
YCK1		YDR208W
YCK1		YOR042W
YCK1		YMR288W
YCK1		YNL293W
YCK1		YKL023W
YCK1		YER139C
YCK1		YMR102C
YCK1		YDR328C
YCK1		YOR119C
YCK1		YOR162C
YCK1		YDL013W
YCK1		YNL007C
YCK1		YGL190C
YCK1		YIL010W
YCK1		YGR259C
YCK1		YJR072C
YCK1		YNL167C
YCK1		YMR039C
YCK1		YBR270C
YCK1		YIL077C
YCK1		YDR229W
YCK1		YGR108W
YCK1		YER092W
YCK1		YJL166W
YCK2		YAL034W-A
YCK2		YDR099W
YCK2		YER013W
YCK2		YOR362C
YCK2		YBR055C
YCK2		YDR170W-A
YCK2		YNL155W
YCK2		YOR123C
YCK2		YKL168C
YCK2		YMR165C
YCK2		YKL073W
YCK2		YPR058W
YCK2		YNL284C-A
YCK2		YGR038C-A
YCK2		YNL272C
YCK2		YNL149C
YCK2		YGL122C
YCK2		YBR237W
YCK2		YFR022W
YCK2		YIL072W
YCK2		YDL236W
YCK2		YML083C
YCK2		YNL192W
YCK2		YOL091W
YCK2		YDL019C
YCK2		YDL149W
YCK2		YBL024W
YCK2		YBL010C
YCK2		YHR214C-C
YCK2		YDR007W
YCK2		YPL217C
YCK2		YMR144W
YCK2		YBR042C
YCK2		YBL061C
YCK2		YDR152W
YCK2		YCR073W-A
YCK2		YHR207C
YCK2		YDR458C
YCK2		YDL128W
YCK2		YOL122C
YCK2		YHR090C
YCK2		YJR048W
YCK2		YDL223C
YCK2		YBR086C
YCK2		YDR153C
YCK2		YNL186W
YCK2		YNL245C
YCK2		YBR108W
YCK2		YGR126W
YCK2		YJR056C
YCK2		YDL201W
YCK2		YBR130C
YCK2		YKR071C
YCK2		YIL016W
YCK2		YLR326W
YCK2		YNL034W
YCK2		YNL027W
YCK2		YPL138C
YCK2		YDL070W
YCK2		YDR037W
YCK2		YDR226W
YCK2		YBL055C
YCK2		YKR079C
YCK2		YDL056W
YCK2		YJR063W
YCK2		YPR158W-A
YCK2		YBR247C
YCK2		YGL051W
YCK2		YNL267W
YCK2		YPL181W
YCK2		YDR480W
YCK2		YNL173C
YCK2		YLR410W-A
YCK2		YBR225W
YCK2		YMR233W
YCK2		YER082C
YCK2		YPL146C
YCK2		YOR177C
YCK2		YPR032W
YCK2		YDR299W
YCK2		YLR429W
YCK2		YMR291W
YCK2		YDR074W
YCK2		YOR141C
YCK2		YMR067C
YCK2		YNL101W
YCK2		YHR114W
YCK2		YBR233W
YCK2		YDR034C-C
YCK2		YMR111C
YCK2		YMR285C
YCK2		YGR027W-A
YCK2		YLR401C
YCK2		YOL139C
YCK2		YDR184C
YCK2		YPR091C
YCK2		YOL103W-A
YCK2		YLR314C
YCK2		YCR024C
YCK2		YDR293C
YCK2		YDL225W
YCK2		YFL023W
YCK2		YNL218W
YCK2		YMR046C
YCK2		YBL064C
YCK2		YBR270C
YCK2		YLR393W
YCK2		YBL057C
YCK2		YIL156W
YCK2		YDR134C
YCK2		YIL135C
YCK2		YBL086C
YCK2		YDL153C
YCK2		YMR140W
YCK2		YIL091C
YCK2		YBR118W
YCK2		YBL014C
YCK2		YIL077C
YCK2		YBL007C
YCK2		YDR330W
YCK2		YDL088C
YCK2		YLR372W
YCK2		YCL008C
YCK2		YPR158C-C
YCK2		YOR208W
YCK2		YMR184W
YCK2		YML037C
YCK2		YPR013C
YCK2		YNL066W
YCK2		YDR026C
YCK2		YNL125C
YCK2		YIL107C
YCK2		YBR285W
YCK2		YDL125C
YCK2		YMR229C
YCK2		YLL043W
YCK2		YAL028W
YCK2		YNL074C
YCK2		YDL038C
YCK2		YGL207W
YCK2		YPR137C-A
YCK2		YLR221C
YCK2		YEL039C
YCK2		YBR025C
YCK2		YOR295W
YCK2		YML080W
YCK2		YBR155W
YCK2		YDL002C
YCK2		YNR019W
YCK2		YML045W-A
YCK2		YDR259C
YCK2		YOR107W
YCK2		YLR257W
YCK2		YDR208W
YCK2		YDR295C
YCK2		YNL054W-A
YCK2		YDL220C
YCK2		YPL257W-A
YCK2		YER063W
YCK2		YER122C
YCK2		YLR410W
YCK2		YGR276C
YCK2		YOR078W
YCK2		YPR152C
YCK2		YNL097C
YCK2		YNR006W
YCK2		YGL245W
YCK2		YDR109C
YCK2		YOR168W
YCK2		YHL009C
YCK2		YKL178C
YCK2		YDL204W
YCK2		YDL051W
YCK2		YPL191C
YCK2		YML110C
YCK2		YHR131C
YCK2		YNL045W
YCK2		YOR092W
YCK2		YML096W
YCK2		YOR239W
YCK2		YHR082C
YCK2		YOR181W
YCK2		YHR104W
YCK2		YNL033W
YCK2		YNL136W
YCK2		YDL013W
YCK2		YML035C
YCK2		YJL084C
YCK2		YER098W
YCK2		YLR242C
YCK2		YNR047W
YCK2		YGL105W
YCK2		YGR159C
YCK2		YDR266C
YCK2		YMR295C
YCK2		YHR073W
YCK2		YNL010W
YCK2		YJL051W
YCK2		YLR375W
YCK2		YOR276W
YCK2		YBL105C
YCK2		YML026C
YCK2		YMR290C
YCK2		YJL162C
YCK2		YJL111W
YCK2		YPR198W
YCK2		YDL006W
YCK2		YDL043C
YCK2		YMR190C
YCK2		YDL173W
YCK2		YNL116W
YCK2		YNL022C
YCK2		YDL181W
YCK2		YNL080C
YCK2		YDR200C
YCK2		YDR388W
YCK2		YNL073W
YCK2		YOL104C
YCK2		YNL001W
YCK2		YKL079W
YCK2		YNL133C
YCK3		YDR428C
YDR466W		YLR228C
YDR466W		YML037C
YDR466W		YOL139C
YDR466W		YJL089W
YDR466W		YNL232W
YDR466W		YPL246C
YGL059W		YPL240C
YGL059W		YKR048C
YGL059W		YDR068W
YGL059W		YDL139C
YGL059W		YGL180W
YGL059W		YFL050C
YGL059W		YHR185C
YGL059W		YKL181W
YGL059W		YDR099W
YGL059W		YHR117W
YGL059W		YGR008C
YGL059W		YML063W
YGL059W		YLL038C
YGL059W		YLR258W
YGL059W		YPL077C
YGL059W		YHR157W
YGL059W		YDR042C
YGL059W		YBR157C
YGL059W		YBR059C
YGL059W		YKL062W
YGL059W		YMR165C
YGL059W		YNR039C
YGL059W		YKR090W
YGL059W		YGL205W
YGL059W		YBR142W
YGL059W		YKL171W
YGL059W		YGR179C
YGL059W		YJL164C
YGL059W		YPL056C
YGL059W		YJL084C
YGL059W		YDR293C
YGL059W		YOR134W
YGL059W		YGR266W
YGL059W		YHR028C
YGL059W		YOL016C
YGL059W		YHR082C
YGL059W		YOR083W
YGL059W		YAL009W
YGL059W		YDL019C
YGL059W		YIL135C
YGL059W		YOL070C
YGL059W		YGR267C
YGL059W		YMR140W
YGL059W		YJL070C
YGL059W		YGR285C
YGL059W		YLL028W
YGL059W		YGR038W
YGL059W		YOR113W
YGL059W		YLL018C
YGL059W		YNL117W
YGL059W		YKR092C
YGL059W		YBR028C
YGL059W		YPL006W
YGL059W		YCR073W-A
YGL059W		YGR249W
YGL059W		YKR100C
YGL059W		YKL166C
YGL059W		YHR207C
YGL059W		YMR086W
YGL059W		YFL017W-A
YGL059W		YLR319C
YGL059W		YIL107C
YGL059W		YIL070C
YGL059W		YDR425W
YGL059W		YGL105W
YGL059W		YDL223C
YGL059W		YLR003C
YGL059W		YGR257C
YGL059W		YLR195C
YGL059W		YJR001W
YGL059W		YJR059W
YGL059W		YNL186W
YGL059W		YNL074C
YGL059W		YHR105W
YGL059W		YKL064W
YGL059W		YNL245C
YGL059W		YFR017C
YGL059W		YNL263C
YGL059W		YKL116C
YGL059W		YLL029W
YGL059W		YMR120C
YGL059W		YJR049C
YGL059W		YKL093W
YGL059W		YKL079W
YGL059W		YML048W
YGL059W		YER078C
YGL059W		YBR170C
YGL059W		YPL203W
YGL059W		YDR070C
YGL059W		YMR196W
YGL059W		YOR002W
YGL059W		YKL008C
YGR052W		YML037C
YGR052W		YDL006W
YGR052W		YAR019C
YGR052W		YBR107C
YGR052W		YMR165C
YGR052W		YJL105W
YGR052W		YCR017C
YGR052W		YJL051W
YGR052W		YDL153C
YGR052W		YNL186W
YKL171W		YPR063C
YKL171W		YDR023W
YKL171W		YER098W
YKL171W		YKR097W
YKL171W		YOL125W
YKL171W		YMR184W
YKL171W		YOL104C
YKL171W		YOL006C
YKL171W		YMR229C
YKL171W		YAL028W
YKL171W		YNL167C
YKL171W		YIL096C
YKL171W		YBR212W
YKL171W		YPL240C
YKL171W		YIL084C
YKL171W		YDL228C
YKL171W		YER064C
YKL171W		YOL079W
YKL171W		YGR231C
YKL171W		YPR203W
YKL171W		YPL177C
YKL171W		YML096W
YKL171W		YOL163W
YKL171W		YGL105W
YKL171W		YFL016C
YKL171W		YGR038C-A
YKL171W		YDL210W
YKL171W		YPL172C
YKL171W		YNL027W
YKL171W		YHR131C
YKL171W		YNL022C
YKL171W		YMR053C
YKL171W		YAL034W-A
YKL171W		YFL014W
YKL171W		YLR455W
YKL171W		YCL043C
YKL171W		YPR160W
YKL171W		YDR134C
YKL171W		YPR050C
YKL171W		YBL010C
YKL171W		YDL153C
YKL171W		YGR276C
YMR291W		YJR059W
YOL128C		YIL033C
YOL128C		YOL016C
YOL128C		YLR303W
YOL128C		YKR055W
YOL128C		YJR059W
YOR267C		YNL272C
YOR267C		YDR023W
YOR267C		YBR072W
YOR267C		YAR019C
YOR267C		YER098W
YOR267C		YNR019W
YOR267C		YPR032W
YOR267C		YBL011W
YOR267C		YPR160W
YOR267C		YML096W
YOR267C		YBR086C
YOR267C		YGL051W
YOR267C		YAL028W
YOR267C		YGR276C
YOR267C		YDL153C
YPL141C		YKR072C
YPL141C		YMR291W
YPL141C		YMR165C
YPL141C		YOR239W
YPL141C		YNL272C
YPL141C		YAR019C
YPL141C		YKR048C
YPL141C		YJR141W
YPL141C		YBR169C
YPL141C		YMR155W
YPL141C		YMR173W
YPL141C		YML037C
YPL141C		YBL047C
YPL141C		YBR108W
YPL141C		YGL207W
YPL141C		YKR071C
YPL141C		YDL002C
YPL141C		YHL009C
YPL141C		YER122C
YPL141C		YLL008W
YPL141C		YGR276C
YPL141C		YDR023W
YPL141C		YDR299W
YPL141C		YML035C
YPL141C		YGR167W
YPL141C		YOR123C
YPL141C		YNL246W
YPL141C		YOR141C
YPL141C		YMR190C
YPL141C		YKL160W
YPL141C		YFL062W
YPL141C		YFR033C
YPL141C		YLR295C
YPL141C		YNL284C-A
YPL141C		YOR210W
YPL141C		YOL139C
YPL141C		YGL245W
YPL141C		YPL190C
YPL141C		YFL023W
YPL141C		YCL043C
YPL141C		YMR235C
YPL141C		YDL135C
YPL141C		YBL007C
YPL141C		YDR087C
YPL141C		YDR152W
YPL141C		YOL107W
YPL141C		YOL125W
YPL141C		YJR142W
YPL141C		YDL223C
YPL141C		YDL074C
YPL141C		YPR137C-A
YPL141C		YOR281C
YPL141C		YBR155W
YPL141C		YJL115W
YPL141C		YGL084C
YPL141C		YGR258C
YPL141C		YGL051W
YPL141C		YDL006W
YPL141C		YCR100C
YPL141C		YPR128C
YPL141C		YJR105W
YPL141C		YNL125C
YPL141C		YJR095W
YPL150W		YER002W
YPL150W		YHL003C
YPL150W		YBL023C
YPL150W		YHL021C
YPL150W		YPL281C
YPL150W		YJR142W
YPL150W		YDL220C
YPL150W		YDL128W
YPL150W		YIL070C
YPL150W		YGR078C
YPL150W		YBL024W
YPL150W		YNR006W
YPL150W		YMR111C
YPL150W		YDR188W
YPL150W		YKR048C
YPL150W		YLL008W
YPL150W		YNL186W
YPL150W		YOR362C
YPL150W		YJR105W
YPL150W		YNL211C
YPL150W		YPR072W
YPL150W		YNL077W
YPL150W		YNL064C
YPL150W		YGL013C
YPL150W		YIL057C
