P	Target	Relationship
PKP1	YER178W	kinase
YAL009W	YMR165C	phosphatase
YAL017W	YFR003C	kinase
YAL017W	YJR049C	kinase
YAL017W	YJR060W	kinase
YAL017W	YMR070W	kinase
YAL017W	YMR273C	kinase
YAR018C	YIL144W	kinase
YAR018C	YIL153W	kinase
YAR019C	YBR160W	kinase
YAR019C	YCL035C	kinase
YAR019C	YDR382W	kinase
YAR019C	YER087W	kinase
YAR019C	YGR092W	kinase
YAR019C	YIL106W	kinase
YAR019C	YJR047C	kinase
YAR019C	YLR258W	kinase
YAR019C	YML064C	kinase
YAR019C	YMR139W	kinase
YAR019C	YOR373W	kinase
YAR019C	YPL201C	kinase
YBL009W	YLR335W	kinase
YBL016W	YBL047C	kinase
YBL016W	YBR019C	kinase
YBL016W	YBR083W	kinase
YBL016W	YDL159W	kinase
YBL016W	YDR103W	kinase
YBL016W	YDR365C	kinase
YBL016W	YDR388W	kinase
YBL016W	YDR480W	kinase
YBL016W	YER151C	kinase
YBL016W	YGR200C	kinase
YBL016W	YHR005C	kinase
YBL016W	YHR084W	kinase
YBL016W	YJL157C	kinase
YBL016W	YKL211C	kinase
YBL016W	YKR080W	kinase
YBL016W	YLR236C	kinase
YBL016W	YLR310C	kinase
YBL016W	YLR452C	kinase
YBL016W	YMR120C	kinase
YBL016W	YMR232W	kinase
YBL016W	YNL053W	kinase
YBL016W	YNL271C	kinase
YBL016W	YOR212W	kinase
YBL016W	YPL049C	kinase
YBL056W	YBR160W	phosphatase
YBL056W	YLR113W	phosphatase
YBL088C	YAR007C	kinase
YBL088C	YBL002W	kinase
YBL088C	YBL046W	kinase
YBL088C	YBL051C	kinase
YBL088C	YBR072W	kinase
YBL088C	YBR081C	kinase
YBL088C	YBR112C	kinase
YBL088C	YBR127C	kinase
YBL088C	YBR136W	kinase
YBL088C	YBR233W-A	kinase
YBL088C	YBR236C	kinase
YBL088C	YBR247C	kinase
YBL088C	YBR275C	kinase
YBL088C	YCL061C	kinase
YBL088C	YCR014C	kinase
YBL088C	YCR057C	kinase
YBL088C	YDL003W	kinase
YBL088C	YDL101C	kinase
YBL088C	YDL102W	kinase
YBL088C	YDL201W	kinase
YBL088C	YDL220C	kinase
YBL088C	YDR016C	kinase
YBL088C	YDR097C	kinase
YBL088C	YDR121W	kinase
YBL088C	YDR138W	kinase
YBL088C	YDR145W	kinase
YBL088C	YDR167W	kinase
YBL088C	YDR217C	kinase
YBL088C	YDR227W	kinase
YBL088C	YDR285W	kinase
YBL088C	YDR310C	kinase
YBL088C	YDR334W	kinase
YBL088C	YDR369C	kinase
YBL088C	YEL037C	kinase
YBL088C	YER095W	kinase
YBL088C	YER133W	kinase
YBL088C	YFL013C	kinase
YBL088C	YFL014W	kinase
YBL088C	YGL043W	kinase
YBL088C	YGL066W	kinase
YBL088C	YGL150C	kinase
YBL088C	YGL175C	kinase
YBL088C	YGR211W	kinase
YBL088C	YGR240C	kinase
YBL088C	YGR244C	kinase
YBL088C	YGR270W	kinase
YBL088C	YHR030C	kinase
YBL088C	YHR040W	kinase
YBL088C	YHR056C	kinase
YBL088C	YHR154W	kinase
YBL088C	YHR164C	kinase
YBL088C	YIL072W	kinase
YBL088C	YIL126W	kinase
YBL088C	YIL130W	kinase
YBL088C	YJL098W	kinase
YBL088C	YJL173C	kinase
YBL088C	YJL176C	kinase
YBL088C	YJR006W	kinase
YBL088C	YJR060W	kinase
YBL088C	YJR089W	kinase
YBL088C	YKL058W	kinase
YBL088C	YKL112W	kinase
YBL088C	YKR008W	kinase
YBL088C	YKR090W	kinase
YBL088C	YLL036C	kinase
YBL088C	YLR095C	kinase
YBL088C	YLR135W	kinase
YBL088C	YLR146C	kinase
YBL088C	YLR153C	kinase
YBL088C	YLR175W	kinase
YBL088C	YLR277C	kinase
YBL088C	YLR288C	kinase
YBL088C	YLR335W	kinase
YBL088C	YLR357W	kinase
YBL088C	YLR399C	kinase
YBL088C	YLR418C	kinase
YBL088C	YML070W	kinase
YBL088C	YMR016C	kinase
YBL088C	YMR167W	kinase
YBL088C	YMR224C	kinase
YBL088C	YMR236W	kinase
YBL088C	YMR309C	kinase
YBL088C	YNL123W	kinase
YBL088C	YNL312W	kinase
YBL088C	YOL004W	kinase
YBL088C	YOR123C	kinase
YBL088C	YOR189W	kinase
YBL088C	YOR304W	kinase
YBL088C	YOR368W	kinase
YBL088C	YOR372C	kinase
YBL088C	YPL023C	kinase
YBL088C	YPL153C	kinase
YBL088C	YPL194W	kinase
YBL088C	YPR023C	kinase
YBL088C	YPR034W	kinase
YBL088C	YPR133C	kinase
YBL105C	YBL039C	kinase
YBL105C	YBR023C	kinase
YBL105C	YDL126C	kinase
YBL105C	YDR356W	kinase
YBL105C	YEL002C	kinase
YBL105C	YER111C	kinase
YBL105C	YGL022W	kinase
YBL105C	YGL035C	kinase
YBL105C	YGR282C	kinase
YBL105C	YHL020C	kinase
YBL105C	YHR030C	kinase
YBL105C	YJL095W	kinase
YBL105C	YJR066W	kinase
YBL105C	YKL126W	kinase
YBL105C	YKL203C	kinase
YBL105C	YLL028W	kinase
YBL105C	YLR133W	kinase
YBL105C	YMR036C	kinase
YBL105C	YMR149W	kinase
YBL105C	YMR205C	kinase
YBL105C	YNL088W	kinase
YBL105C	YOL100W	kinase
YBL105C	YPL089C	kinase
YBL105C	YPL256C	kinase
YBL105C	YPR165W	kinase
YBR028C	YBR031W	kinase
YBR028C	YBR181C	kinase
YBR028C	YBR238C	kinase
YBR028C	YEL029C	kinase
YBR028C	YJR082C	kinase
YBR028C	YNR046W	kinase
YBR059C	YBL007C	kinase
YBR059C	YBL047C	kinase
YBR059C	YBL055C	kinase
YBR059C	YBR059C	kinase
YBR059C	YBR157C	kinase
YBR059C	YCR052W	kinase
YBR059C	YDL161W	kinase
YBR059C	YDR188W	kinase
YBR059C	YER087W	kinase
YBR059C	YGL213C	kinase
YBR059C	YGR256W	kinase
YBR059C	YGR287C	kinase
YBR059C	YHR063C	kinase
YBR059C	YHR207C	kinase
YBR059C	YHR214CC	kinase
YBR059C	YIL160C	kinase
YBR059C	YIR006C	kinase
YBR059C	YJL080C	kinase
YBR059C	YJR111C	kinase
YBR059C	YKR079C	kinase
YBR059C	YLR206W	kinase
YBR059C	YLR258W	kinase
YBR059C	YLR392C	kinase
YBR059C	YML048W	kinase
YBR059C	YMR004W	kinase
YBR059C	YMR139W	kinase
YBR059C	YMR196W	kinase
YBR059C	YNL104C	kinase
YBR059C	YNL272C	kinase
YBR059C	YOL066C	kinase
YBR059C	YOR027W	kinase
YBR059C	YOR329C	kinase
YBR059C	YPR095C	kinase
YBR097W	YAR009C	kinase
YBR097W	YDL173W	kinase
YBR097W	YLR240W	kinase
YBR125C	YBL047C	phosphatase
YBR125C	YLR113W	phosphatase
YBR136W	YAR007C	kinase
YBR136W	YBL002W	kinase
YBR136W	YBL003C	kinase
YBR136W	YBL046W	kinase
YBR136W	YBL051C	kinase
YBR136W	YBR072W	kinase
YBR136W	YBR081C	kinase
YBR136W	YBR112C	kinase
YBR136W	YBR127C	kinase
YBR136W	YBR136W	kinase
YBR136W	YBR233W-A	kinase
YBR136W	YBR236C	kinase
YBR136W	YBR247C	kinase
YBR136W	YBR274W	kinase
YBR136W	YBR275C	kinase
YBR136W	YCL061C	kinase
YBR136W	YCR057C	kinase
YBR136W	YDL003W	kinase
YBR136W	YDL101C	kinase
YBR136W	YDL102W	kinase
YBR136W	YDL201W	kinase
YBR136W	YDL220C	kinase
YBR136W	YDR016C	kinase
YBR136W	YDR076W	kinase
YBR136W	YDR097C	kinase
YBR136W	YDR113C	kinase
YBR136W	YDR121W	kinase
YBR136W	YDR138W	kinase
YBR136W	YDR145W	kinase
YBR136W	YDR167W	kinase
YBR136W	YDR217C	kinase
YBR136W	YDR225W	kinase
YBR136W	YDR227W	kinase
YBR136W	YDR285W	kinase
YBR136W	YDR310C	kinase
YBR136W	YDR334W	kinase
YBR136W	YDR499W	kinase
YBR136W	YEL037C	kinase
YBR136W	YER095W	kinase
YBR136W	YER133W	kinase
YBR136W	YER169W	kinase
YBR136W	YFL013C	kinase
YBR136W	YFL014W	kinase
YBR136W	YGL043W	kinase
YBR136W	YGL066W	kinase
YBR136W	YGL116W	kinase
YBR136W	YGL150C	kinase
YBR136W	YGL175C	kinase
YBR136W	YGR211W	kinase
YBR136W	YGR240C	kinase
YBR136W	YGR244C	kinase
YBR136W	YGR270W	kinase
YBR136W	YHR030C	kinase
YBR136W	YHR040W	kinase
YBR136W	YHR056C	kinase
YBR136W	YHR154W	kinase
YBR136W	YHR164C	kinase
YBR136W	YIL072W	kinase
YBR136W	YIL126W	kinase
YBR136W	YIL130W	kinase
YBR136W	YJL092W	kinase
YBR136W	YJL098W	kinase
YBR136W	YJL173C	kinase
YBR136W	YJL176C	kinase
YBR136W	YJR006W	kinase
YBR136W	YJR035W	kinase
YBR136W	YJR060W	kinase
YBR136W	YJR089W	kinase
YBR136W	YKL058W	kinase
YBR136W	YKL112W	kinase
YBR136W	YKR008W	kinase
YBR136W	YLL036C	kinase
YBR136W	YLR095C	kinase
YBR136W	YLR135W	kinase
YBR136W	YLR146C	kinase
YBR136W	YLR153C	kinase
YBR136W	YLR175W	kinase
YBR136W	YLR176C	kinase
YBR136W	YLR265C	kinase
YBR136W	YLR277C	kinase
YBR136W	YLR288C	kinase
YBR136W	YLR335W	kinase
YBR136W	YLR357W	kinase
YBR136W	YLR399C	kinase
YBR136W	YLR418C	kinase
YBR136W	YLR437C	kinase
YBR136W	YML058W	kinase
YBR136W	YML061C	kinase
YBR136W	YML070W	kinase
YBR136W	YMR016C	kinase
YBR136W	YMR133W	kinase
YBR136W	YMR167W	kinase
YBR136W	YMR190C	kinase
YBR136W	YMR224C	kinase
YBR136W	YMR236W	kinase
YBR136W	YNL123W	kinase
YBR136W	YNL312W	kinase
YBR136W	YOL004W	kinase
YBR136W	YOR033C	kinase
YBR136W	YOR123C	kinase
YBR136W	YOR189W	kinase
YBR136W	YOR304W	kinase
YBR136W	YOR346W	kinase
YBR136W	YOR368W	kinase
YBR136W	YOR372C	kinase
YBR136W	YPL023C	kinase
YBR136W	YPL153C	kinase
YBR136W	YPL194W	kinase
YBR136W	YPR019W	kinase
YBR136W	YPR023C	kinase
YBR136W	YPR034W	kinase
YBR136W	YPR133C	kinase
YBR160W	YAL005C	kinase
YBR160W	YAL024C	kinase
YBR160W	YAL028W	kinase
YBR160W	YAL031C	kinase
YBR160W	YAL034C	kinase
YBR160W	YAL038W	kinase
YBR160W	YAL040C	kinase
YBR160W	YAL041W	kinase
YBR160W	YAR002W	kinase
YBR160W	YAR033W	kinase
YBR160W	YBL005W-A	kinase
YBR160W	YBL007C	kinase
YBR160W	YBL009W	kinase
YBR160W	YBL024W	kinase
YBR160W	YBL035C	kinase
YBR160W	YBL046W	kinase
YBR160W	YBL047C	kinase
YBR160W	YBL051C	kinase
YBR160W	YBL056W	kinase
YBR160W	YBL058W	kinase
YBR160W	YBL063W	kinase
YBR160W	YBL084C	kinase
YBR160W	YBL085W	kinase
YBR160W	YBL101C	kinase
YBR160W	YBL105C	kinase
YBR160W	YBR020W	kinase
YBR160W	YBR031W	kinase
YBR160W	YBR038W	kinase
YBR160W	YBR059C	kinase
YBR160W	YBR060C	kinase
YBR160W	YBR068C	kinase
YBR160W	YBR102C	kinase
YBR160W	YBR135W	kinase
YBR160W	YBR156C	kinase
YBR160W	YBR160W	kinase
YBR160W	YBR200W	kinase
YBR160W	YBR214W	kinase
YBR160W	YBR245C	kinase
YBR160W	YBR275C	kinase
YBR160W	YCL014W	kinase
YBR160W	YCL019W	kinase
YBR160W	YCL037C	kinase
YBR160W	YCL051W	kinase
YBR160W	YCL055W	kinase
YBR160W	YCL063W	kinase
YBR160W	YCR016W	kinase
YBR160W	YCR059C	kinase
YBR160W	YCR065W	kinase
YBR160W	YCR088W	kinase
YBR160W	YDL017W	kinase
YBR160W	YDL025C	kinase
YBR160W	YDL028C	kinase
YBR160W	YDL042C	kinase
YBR160W	YDL048C	kinase
YBR160W	YDL056W	kinase
YBR160W	YDL088C	kinase
YBR160W	YDL089W	kinase
YBR160W	YDL099W	kinase
YBR160W	YDL106C	kinase
YBR160W	YDL126C	kinase
YBR160W	YDL131W	kinase
YBR160W	YDL140C	kinase
YBR160W	YDL155W	kinase
YBR160W	YDL156W	kinase
YBR160W	YDL173W	kinase
YBR160W	YDL182W	kinase
YBR160W	YDL195W	kinase
YBR160W	YDL220C	kinase
YBR160W	YDL223C	kinase
YBR160W	YDL225W	kinase
YBR160W	YDL226C	kinase
YBR160W	YDL234C	kinase
YBR160W	YDR001C	kinase
YBR160W	YDR006C	kinase
YBR160W	YDR028C	kinase
YBR160W	YDR052C	kinase
YBR160W	YDR082W	kinase
YBR160W	YDR089W	kinase
YBR160W	YDR096W	kinase
YBR160W	YDR097C	kinase
YBR160W	YDR103W	kinase
YBR160W	YDR113C	kinase
YBR160W	YDR130C	kinase
YBR160W	YDR137W	kinase
YBR160W	YDR146C	kinase
YBR160W	YDR159W	kinase
YBR160W	YDR162C	kinase
YBR160W	YDR168W	kinase
YBR160W	YDR170C	kinase
YBR160W	YDR176W	kinase
YBR160W	YDR195W	kinase
YBR160W	YDR216W	kinase
YBR160W	YDR217C	kinase
YBR160W	YDR227W	kinase
YBR160W	YDR239C	kinase
YBR160W	YDR285W	kinase
YBR160W	YDR293C	kinase
YBR160W	YDR309C	kinase
YBR160W	YDR310C	kinase
YBR160W	YDR326C	kinase
YBR160W	YDR348C	kinase
YBR160W	YDR356W	kinase
YBR160W	YDR369C	kinase
YBR160W	YDR379W	kinase
YBR160W	YDR389W	kinase
YBR160W	YDR409W	kinase
YBR160W	YDR418W	kinase
YBR160W	YDR422C	kinase
YBR160W	YDR436W	kinase
YBR160W	YDR439W	kinase
YBR160W	YDR443C	kinase
YBR160W	YDR451C	kinase
YBR160W	YDR458C	kinase
YBR160W	YDR501W	kinase
YBR160W	YDR507C	kinase
YBR160W	YDR515W	kinase
YBR160W	YEL032W	kinase
YBR160W	YEL043W	kinase
YBR160W	YEL061C	kinase
YBR160W	YER032W	kinase
YBR160W	YER033C	kinase
YBR160W	YER041W	kinase
YBR160W	YER054C	kinase
YBR160W	YER075C	kinase
YBR160W	YER079W	kinase
YBR160W	YER088C	kinase
YBR160W	YER093C	kinase
YBR160W	YER111C	kinase
YBR160W	YER114C	kinase
YBR160W	YER118C	kinase
YBR160W	YER120W	kinase
YBR160W	YER129W	kinase
YBR160W	YER149C	kinase
YBR160W	YER151C	kinase
YBR160W	YER155C	kinase
YBR160W	YER161C	kinase
YBR160W	YER167W	kinase
YBR160W	YER169W	kinase
YBR160W	YFL007W	kinase
YBR160W	YFL026W	kinase
YBR160W	YFL029C	kinase
YBR160W	YFL033C	kinase
YBR160W	YFL034C-B	kinase
YBR160W	YFL042C	kinase
YBR160W	YFR019W	kinase
YBR160W	YFR027W	kinase
YBR160W	YFR028C	kinase
YBR160W	YFR046C	kinase
YBR160W	YGL003C	kinase
YBR160W	YGL035C	kinase
YBR160W	YGL049C	kinase
YBR160W	YGL056C	kinase
YBR160W	YGL090W	kinase
YBR160W	YGL093W	kinase
YBR160W	YGL113W	kinase
YBR160W	YGL116W	kinase
YBR160W	YGL124C	kinase
YBR160W	YGL175C	kinase
YBR160W	YGL197W	kinase
YBR160W	YGR005C	kinase
YBR160W	YGR035C	kinase
YBR160W	YGR092W	kinase
YBR160W	YGR097W	kinase
YBR160W	YGR108W	kinase
YBR160W	YGR109C	kinase
YBR160W	YGR125W	kinase
YBR160W	YGR178C	kinase
YBR160W	YGR184C	kinase
YBR160W	YGR186W	kinase
YBR160W	YGR188C	kinase
YBR160W	YGR225W	kinase
YBR160W	YGR237C	kinase
YBR160W	YGR253C	kinase
YBR160W	YGR270W	kinase
YBR160W	YHL007C	kinase
YBR160W	YHL028W	kinase
YBR160W	YHL029C	kinase
YBR160W	YHR016C	kinase
YBR160W	YHR027C	kinase
YBR160W	YHR030C	kinase
YBR160W	YHR036W	kinase
YBR160W	YHR094C	kinase
YBR160W	YHR102W	kinase
YBR160W	YHR118C	kinase
YBR160W	YHR132W-A	kinase
YBR160W	YHR149C	kinase
YBR160W	YHR152W	kinase
YBR160W	YHR158C	kinase
YBR160W	YHR159W	kinase
YBR160W	YHR164C	kinase
YBR160W	YHR166C	kinase
YBR160W	YHR195W	kinase
YBR160W	YIL024C	kinase
YBR160W	YIL031W	kinase
YBR160W	YIL033C	kinase
YBR160W	YIL046W	kinase
YBR160W	YIL050W	kinase
YBR160W	YIL056W	kinase
YBR160W	YIL063C	kinase
YBR160W	YIL095W	kinase
YBR160W	YIL101C	kinase
YBR160W	YIL106W	kinase
YBR160W	YIL112W	kinase
YBR160W	YIL114C	kinase
YBR160W	YIL115C	kinase
YBR160W	YIL122W	kinase
YBR160W	YIL135C	kinase
YBR160W	YIL153W	kinase
YBR160W	YIR007W	kinase
YBR160W	YIR010W	kinase
YBR160W	YIR023W	kinase
YBR160W	YJL013C	kinase
YBR160W	YJL020C	kinase
YBR160W	YJL076W	kinase
YBR160W	YJL084C	kinase
YBR160W	YJL092W	kinase
YBR160W	YJL095W	kinase
YBR160W	YJL106W	kinase
YBR160W	YJL122W	kinase
YBR160W	YJL146W	kinase
YBR160W	YJL157C	kinase
YBR160W	YJL165C	kinase
YBR160W	YJL187C	kinase
YBR160W	YJL193W	kinase
YBR160W	YJL194W	kinase
YBR160W	YJL201W	kinase
YBR160W	YJR021C	kinase
YBR160W	YJR033C	kinase
YBR160W	YJR059W	kinase
YBR160W	YJR070C	kinase
YBR160W	YJR076C	kinase
YBR160W	YJR082C	kinase
YBR160W	YJR083C	kinase
YBR160W	YJR090C	kinase
YBR160W	YJR092W	kinase
YBR160W	YKL005C	kinase
YBR160W	YKL022C	kinase
YBR160W	YKL023W	kinase
YBR160W	YKL038W	kinase
YBR160W	YKL042W	kinase
YBR160W	YKL048C	kinase
YBR160W	YKL052C	kinase
YBR160W	YKL062W	kinase
YBR160W	YKL089W	kinase
YBR160W	YKL092C	kinase
YBR160W	YKL093W	kinase
YBR160W	YKL101W	kinase
YBR160W	YKL105C	kinase
YBR160W	YKL108W	kinase
YBR160W	YKL116C	kinase
YBR160W	YKL140W	kinase
YBR160W	YKL168C	kinase
YBR160W	YKL185W	kinase
YBR160W	YKL211C	kinase
YBR160W	YKL213C	kinase
YBR160W	YKR021W	kinase
YBR160W	YKR062W	kinase
YBR160W	YKR072C	kinase
YBR160W	YKR077W	kinase
YBR160W	YKR080W	kinase
YBR160W	YKR089C	kinase
YBR160W	YKR091W	kinase
YBR160W	YKR095W	kinase
YBR160W	YKR099W	kinase
YBR160W	YLL003W	kinase
YBR160W	YLL021W	kinase
YBR160W	YLL032C	kinase
YBR160W	YLL039C	kinase
YBR160W	YLL040C	kinase
YBR160W	YLL061W	kinase
YBR160W	YLR006C	kinase
YBR160W	YLR018C	kinase
YBR160W	YLR045C	kinase
YBR160W	YLR049C	kinase
YBR160W	YLR079W	kinase
YBR160W	YLR086W	kinase
YBR160W	YLR096W	kinase
YBR160W	YLR102C	kinase
YBR160W	YLR116W	kinase
YBR160W	YLR131C	kinase
YBR160W	YLR166C	kinase
YBR160W	YLR182W	kinase
YBR160W	YLR183C	kinase
YBR160W	YLR187W	kinase
YBR160W	YLR190W	kinase
YBR160W	YLR210W	kinase
YBR160W	YLR212C	kinase
YBR160W	YLR219W	kinase
YBR160W	YLR229C	kinase
YBR160W	YLR238W	kinase
YBR160W	YLR248W	kinase
YBR160W	YLR263W	kinase
YBR160W	YLR273C	kinase
YBR160W	YLR314C	kinase
YBR160W	YLR319C	kinase
YBR160W	YLR337C	kinase
YBR160W	YLR353W	kinase
YBR160W	YLR357W	kinase
YBR160W	YLR371W	kinase
YBR160W	YLR386W	kinase
YBR160W	YLR410W	kinase
YBR160W	YLR425W	kinase
YBR160W	YLR442C	kinase
YBR160W	YLR457C	kinase
YBR160W	YML016C	kinase
YBR160W	YML017W	kinase
YBR160W	YML027W	kinase
YBR160W	YML029W	kinase
YBR160W	YML034W	kinase
YBR160W	YML059C	kinase
YBR160W	YML064C	kinase
YBR160W	YML065W	kinase
YBR160W	YML072C	kinase
YBR160W	YML076C	kinase
YBR160W	YML100W	kinase
YBR160W	YML123C	kinase
YBR160W	YMR001C	kinase
YBR160W	YMR005W	kinase
YBR160W	YMR032W	kinase
YBR160W	YMR036C	kinase
YBR160W	YMR068W	kinase
YBR160W	YMR086W	kinase
YBR160W	YMR124W	kinase
YBR160W	YMR137C	kinase
YBR160W	YMR153W	kinase
YBR160W	YMR165C	kinase
YBR160W	YMR192W	kinase
YBR160W	YMR196W	kinase
YBR160W	YMR199W	kinase
YBR160W	YMR219W	kinase
YBR160W	YMR233W	kinase
YBR160W	YMR255W	kinase
YBR160W	YMR261C	kinase
YBR160W	YMR291W	kinase
YBR160W	YNL042W	kinase
YBR160W	YNL047C	kinase
YBR160W	YNL054W	kinase
YBR160W	YNL058C	kinase
YBR160W	YNL068C	kinase
YBR160W	YNL074C	kinase
YBR160W	YNL088W	kinase
YBR160W	YNL102W	kinase
YBR160W	YNL106C	kinase
YBR160W	YNL161W	kinase
YBR160W	YNL167C	kinase
YBR160W	YNL224C	kinase
YBR160W	YNL225C	kinase
YBR160W	YNL230C	kinase
YBR160W	YNL233W	kinase
YBR160W	YNL243W	kinase
YBR160W	YNL278W	kinase
YBR160W	YNL289W	kinase
YBR160W	YNL298W	kinase
YBR160W	YNL309W	kinase
YBR160W	YNL321W	kinase
YBR160W	YNR009W	kinase
YBR160W	YNR031C	kinase
YBR160W	YNR039C	kinase
YBR160W	YNR047W	kinase
YBR160W	YOL004W	kinase
YBR160W	YOL070C	kinase
YBR160W	YOL100W	kinase
YBR160W	YOL123W	kinase
YBR160W	YOL130W	kinase
YBR160W	YOR001W	kinase
YBR160W	YOR014W	kinase
YBR160W	YOR042W	kinase
YBR160W	YOR054C	kinase
YBR160W	YOR056C	kinase
YBR160W	YOR057W	kinase
YBR160W	YOR058C	kinase
YBR160W	YOR066W	kinase
YBR160W	YOR070C	kinase
YBR160W	YOR083W	kinase
YBR160W	YOR098C	kinase
YBR160W	YOR109W	kinase
YBR160W	YOR127W	kinase
YBR160W	YOR178C	kinase
YBR160W	YOR195W	kinase
YBR160W	YOR198C	kinase
YBR160W	YOR217W	kinase
YBR160W	YOR227W	kinase
YBR160W	YOR233W	kinase
YBR160W	YOR304W	kinase
YBR160W	YOR315W	kinase
YBR160W	YOR358W	kinase
YBR160W	YOR372C	kinase
YBR160W	YPL014W	kinase
YBR160W	YPL020C	kinase
YBR160W	YPL031C	kinase
YBR160W	YPL070W	kinase
YBR160W	YPL082C	kinase
YBR160W	YPL085W	kinase
YBR160W	YPL101W	kinase
YBR160W	YPL115C	kinase
YBR160W	YPL124W	kinase
YBR160W	YPL127C	kinase
YBR160W	YPL141C	kinase
YBR160W	YPL150W	kinase
YBR160W	YPL153C	kinase
YBR160W	YPL155C	kinase
YBR160W	YPL160W	kinase
YBR160W	YPL180W	kinase
YBR160W	YPL209C	kinase
YBR160W	YPL221W	kinase
YBR160W	YPL242C	kinase
YBR160W	YPL248C	kinase
YBR160W	YPL256C	kinase
YBR160W	YPL267W	kinase
YBR160W	YPL269W	kinase
YBR160W	YPR018W	kinase
YBR160W	YPR019W	kinase
YBR160W	YPR030W	kinase
YBR160W	YPR054W	kinase
YBR160W	YPR072W	kinase
YBR160W	YPR091C	kinase
YBR160W	YPR095C	kinase
YBR160W	YPR111W	kinase
YBR160W	YPR115W	kinase
YBR160W	YPR119W	kinase
YBR160W	YPR120C	kinase
YBR160W	YPR141C	kinase
YBR160W	YPR162C	kinase
YBR160W	YPR171W	kinase
YBR160W	YPR174C	kinase
YBR160W	YPR175W	kinase
YBR274W	YBR019C	kinase
YBR274W	YBR177C	kinase
YBR274W	YBR252W	kinase
YBR274W	YDL236W	kinase
YBR274W	YDR113C	kinase
YBR274W	YDR516C	kinase
YBR274W	YGR200C	kinase
YBR274W	YHR174W	kinase
YBR274W	YJR082C	kinase
YBR274W	YKL181W	kinase
YBR274W	YKL210W	kinase
YBR274W	YKL211C	kinase
YBR274W	YKR047W	kinase
YBR274W	YMR146C	kinase
YBR274W	YNR046W	kinase
YBR274W	YPL171C	kinase
YBR274W	YPR145W	kinase
YBR276C	YCL032W	phosphatase
YBR276C	YDL223C	phosphatase
YCL024W	YBL011W	-
YCL024W	YCL035C	-
YCL024W	YDR098C	-
YCL024W	YDR382W	-
YCL024W	YDR507C	-
YCL024W	YEL037C	-
YCL024W	YFL010C	-
YCL024W	YGR021W	-
YCL024W	YHR107C	-
YCL024W	YJR062C	-
YCL024W	YJR076C	-
YCL024W	YJR092W	-
YCL024W	YJR097W	-
YCL024W	YJR112W	-
YCL024W	YKL091C	-
YCL024W	YKL181W	-
YCL024W	YKR071C	-
YCL024W	YLR055C	-
YCL024W	YLR060W	-
YCL024W	YLR314C	-
YCL024W	YML062C	-
YCL024W	YMR140W	-
YCL024W	YNL027W	-
YCL024W	YNL113W	-
YCL024W	YNL206C	-
YCL024W	YNL272C	-
YCL024W	YOR141C	-
YCR008W	YAR009C	kinase
YCR008W	YDL006W	kinase
YCR008W	YDL177C	kinase
YCR008W	YDL223C	kinase
YCR008W	YDR364C	kinase
YCR008W	YER174C	kinase
YCR008W	YGR258C	kinase
YCR008W	YHR068W	kinase
YCR008W	YIL016W	kinase
YCR008W	YJL004C	kinase
YCR008W	YJL033W	kinase
YCR008W	YJL189W	kinase
YCR008W	YJR076C	kinase
YCR008W	YLR054C	kinase
YCR008W	YMR140W	kinase
YCR073C	YJL128C	kinase
YCR073C	YLR006C	kinase
YCR073C	YLR113W	kinase
YCR079W	YFL014W	phosphatase
YCR091W	YDL195W	kinase
YCR091W	YDR173C	kinase
YCR091W	YEL028W	kinase
YCR091W	YGR223C	kinase
YCR091W	YKL126W	kinase
YCR091W	YMR216C	kinase
YDL006W	YHR030C	phosphatase
YDL006W	YLR113W	phosphatase
YDL006W	YOR216C	phosphatase
YDL017W	YBL023C	kinase
YDL017W	YBR060C	kinase
YDL017W	YBR098W	kinase
YDL017W	YDL017W	kinase
YDL017W	YDR052C	kinase
YDL017W	YDR439W	kinase
YDL017W	YEL032W	kinase
YDL017W	YGL201C	kinase
YDL017W	YHR118C	kinase
YDL017W	YIR008C	kinase
YDL017W	YJR021C	kinase
YDL017W	YJR082C	kinase
YDL017W	YKR047W	kinase
YDL017W	YLR103C	kinase
YDL017W	YMR001C	kinase
YDL017W	YMR043W	kinase
YDL017W	YMR146C	kinase
YDL017W	YNL312W	kinase
YDL017W	YPR007C	kinase
YDL017W	YPR019W	kinase
YDL025C	YBL055C	kinase
YDL025C	YDL183C	kinase
YDL025C	YDR132C	kinase
YDL025C	YDR203W	kinase
YDL025C	YEL028W	kinase
YDL025C	YEL046C	kinase
YDL025C	YGL034C	kinase
YDL025C	YGL077C	kinase
YDL025C	YGR240C	kinase
YDL025C	YJL033W	kinase
YDL025C	YJL105W	kinase
YDL025C	YJR129C	kinase
YDL025C	YML048W	kinase
YDL025C	YMR196W	kinase
YDL025C	YMR205C	kinase
YDL025C	YMR216C	kinase
YDL025C	YOR054C	kinase
YDL025C	YOR094W	kinase
YDL025C	YOR177C	kinase
YDL025C	YPL220W	kinase
YDL025C	YPR019W	kinase
YDL028C	YBL055C	kinase
YDL028C	YBL078C	kinase
YDL028C	YBR200W	kinase
YDL028C	YBR211C	kinase
YDL028C	YDL126C	kinase
YDL028C	YDL132W	kinase
YDL028C	YDL203C	kinase
YDL028C	YDR162C	kinase
YDL028C	YDR168W	kinase
YDL028C	YDR211W	kinase
YDL028C	YDR328C	kinase
YDL028C	YDR356W	kinase
YDL028C	YDR393W	kinase
YDL028C	YFR038W	kinase
YDL028C	YFR046C	kinase
YDL028C	YGL086W	kinase
YDL028C	YGL093W	kinase
YDL028C	YGR113W	kinase
YDL028C	YGR179C	kinase
YDL028C	YGR188C	kinase
YDL028C	YIL072W	kinase
YDL028C	YIL106W	kinase
YDL028C	YIL144W	kinase
YDL028C	YIL149C	kinase
YDL028C	YIR010W	kinase
YDL028C	YJL030W	kinase
YDL028C	YJL084C	kinase
YDL028C	YJR019C	kinase
YDL028C	YJR090C	kinase
YDL028C	YKL023W	kinase
YDL028C	YKL042W	kinase
YDL028C	YKL089W	kinase
YDL028C	YLR016C	kinase
YDL028C	YML045WA	kinase
YDL028C	YML055W	kinase
YDL028C	YML087C	kinase
YDL028C	YMR114C	kinase
YDL028C	YMR117C	kinase
YDL028C	YMR139W	kinase
YDL028C	YNL007C	kinase
YDL028C	YNL126W	kinase
YDL028C	YOL133W	kinase
YDL028C	YOR056C	kinase
YDL028C	YOR257W	kinase
YDL028C	YPL124W	kinase
YDL028C	YPL204W	kinase
YDL028C	YPL233W	kinase
YDL028C	YPR115W	kinase
YDL047W	YBL051C	phosphatase
YDL047W	YCL032W	phosphatase
YDL047W	YCR021C	phosphatase
YDL047W	YDR033W	phosphatase
YDL047W	YDR283C	phosphatase
YDL047W	YDR361C	phosphatase
YDL047W	YDR481C	phosphatase
YDL047W	YER040W	phosphatase
YDL047W	YER079W	phosphatase
YDL047W	YFR040W	phosphatase
YDL047W	YHR030C	phosphatase
YDL047W	YIL135C	phosphatase
YDL047W	YJL098W	phosphatase
YDL047W	YKR028W	phosphatase
YDL047W	YLL018C	phosphatase
YDL047W	YLR330W	phosphatase
YDL047W	YLR384C	phosphatase
YDL047W	YLR442C	phosphatase
YDL047W	YML073C	phosphatase
YDL047W	YMR183C	phosphatase
YDL047W	YNL183C	phosphatase
YDL047W	YOR204W	phosphatase
YDL047W	YPL019C	phosphatase
YDL047W	YPL058C	phosphatase
YDL047W	YPL232W	phosphatase
YDL047W	YPR040W	phosphatase
YDL079C	YBR019C	kinase
YDL079C	YBR252W	kinase
YDL079C	YCR016W	kinase
YDL079C	YDR207C	kinase
YDL079C	YGL144C	kinase
YDL079C	YGR200C	kinase
YDL079C	YHR030C	kinase
YDL079C	YIL033C	kinase
YDL079C	YKL210W	kinase
YDL101C	YBL101C	kinase
YDL101C	YBR215W	kinase
YDL101C	YDL207W	kinase
YDL101C	YDR076W	kinase
YDL101C	YDR216W	kinase
YDL101C	YDR263C	kinase
YDL101C	YDR432W	kinase
YDL101C	YGR180C	kinase
YDL101C	YIL026C	kinase
YDL101C	YIL066C	kinase
YDL101C	YIL115C	kinase
YDL101C	YJL026W	kinase
YDL101C	YJL092W	kinase
YDL101C	YJL115W	kinase
YDL101C	YKL142W	kinase
YDL101C	YKR095W	kinase
YDL101C	YLR032W	kinase
YDL101C	YLR176C	kinase
YDL101C	YLR265C	kinase
YDL101C	YLR437C	kinase
YDL101C	YML058W	kinase
YDL101C	YMR075W	kinase
YDL101C	YNL002C	kinase
YDL101C	YPL153C	kinase
YDL108W	YBL011W	kinase
YDL108W	YBL039C	kinase
YDL108W	YBL058W	kinase
YDL108W	YBR088C	kinase
YDL108W	YDL125C	kinase
YDL108W	YDL140C	kinase
YDL108W	YDR087C	kinase
YDL108W	YDR188W	kinase
YDL108W	YDR382W	kinase
YDL108W	YDR460W	kinase
YDL108W	YEL037C	kinase
YDL108W	YER171W	kinase
YDL108W	YGL130W	kinase
YDL108W	YGR021W	kinase
YDL108W	YJR092W	kinase
YDL108W	YJR097W	kinase
YDL108W	YKR071C	kinase
YDL108W	YLL008W	kinase
YDL108W	YLR060W	kinase
YDL108W	YLR287C	kinase
YDL108W	YLR449W	kinase
YDL108W	YNL113W	kinase
YDL108W	YNL206C	kinase
YDL108W	YNL272C	kinase
YDL108W	YNR007C	kinase
YDL108W	YOR141C	kinase
YDL108W	YOR174W	kinase
YDL108W	YPL248C	kinase
YDL108W	YPR025C	kinase
YDL127W	YDR388W	kinase
YDL127W	YOR171C	kinase
YDL134C	YBR160W	phosphatase
YDL134C	YDL074C	phosphatase
YDL134C	YDL225W	phosphatase
YDL134C	YDR005C	phosphatase
YDL134C	YDR057W	phosphatase
YDL134C	YDR171W	phosphatase
YDL134C	YDR178W	phosphatase
YDL134C	YDR283C	phosphatase
YDL134C	YDR348C	phosphatase
YDL134C	YER040W	phosphatase
YDL134C	YFR029W	phosphatase
YDL134C	YJL076W	phosphatase
YDL134C	YJL155C	phosphatase
YDL134C	YJR053W	phosphatase
YDL134C	YLR257W	phosphatase
YDL134C	YLR429W	phosphatase
YDL134C	YLR457C	phosphatase
YDL134C	YML064C	phosphatase
YDL134C	YMR032W	phosphatase
YDL134C	YMR036C	phosphatase
YDL134C	YPR007C	phosphatase
YDL159W	YBL016W	kinase
YDL159W	YDR103W	kinase
YDL159W	YGR040W	kinase
YDL159W	YGR240C	kinase
YDL159W	YGR287C	kinase
YDL159W	YPL201C	kinase
YDL159W	YPR082C	kinase
YDL188C	YBR160W	phosphatase
YDL188C	YDL223C	phosphatase
YDL188C	YDL225W	phosphatase
YDL188C	YDR005C	phosphatase
YDL188C	YDR283C	phosphatase
YDL188C	YFR029W	phosphatase
YDL188C	YHR132W-A	phosphatase
YDL188C	YIL136W	phosphatase
YDL188C	YJL076W	phosphatase
YDL188C	YJL155C	phosphatase
YDL188C	YJR053W	phosphatase
YDL188C	YKL033W	phosphatase
YDL188C	YML064C	phosphatase
YDL188C	YMR032W	phosphatase
YDL188C	YMR036C	phosphatase
YDL188C	YOR386W	phosphatase
YDL188C	YPR007C	phosphatase
YDL214C	YEL037C	-
YDL230W	YBR233W	phosphatase
YDL230W	YGL222C	phosphatase
YDL230W	YIL135C	phosphatase
YDL230W	YKL052C	phosphatase
YDL230W	YLR335W	phosphatase
YDL230W	YOL070C	phosphatase
YDL235C	YHR206W	-
YDL235C	YIL147C	-
YDL235C	YLR006C	-
YDR028C	YDR477W	phosphatase
YDR028C	YGL253W	phosphatase
YDR028C	YMR037C	phosphatase
YDR075W	YDR225W	phosphatase
YDR075W	YDR285W	phosphatase
YDR122W	YGL019W	-
YDR122W	YGR001C	-
YDR122W	YGR009C	-
YDR122W	YIL165C	-
YDR122W	YIR004W	-
YDR122W	YPL133C	-
YDR247W	YCR073W-A	kinase
YDR247W	YDL177C	kinase
YDR247W	YDL203C	kinase
YDR247W	YDL220C	kinase
YDR247W	YDR257C	kinase
YDR247W	YFR010W	kinase
YDR247W	YGL208W	kinase
YDR247W	YHL024W	kinase
YDR247W	YIL156W	kinase
YDR247W	YJR025C	kinase
YDR247W	YKL193C	kinase
YDR247W	YKR049C	kinase
YDR247W	YLR003C	kinase
YDR247W	YML045WA	kinase
YDR247W	YMR216C	kinase
YDR247W	YOR094W	kinase
YDR247W	YOR177C	kinase
YDR247W	YPL208W	kinase
YDR247W	YPR082C	kinase
YDR247W	YPR115W	kinase
YDR283C	YBL055C	kinase
YDR283C	YBR154C	kinase
YDR283C	YDR283C	kinase
YDR283C	YEL053C	kinase
YDR283C	YFR010W	kinase
YDR283C	YGL043W	kinase
YDR283C	YGL190C	kinase
YDR283C	YJR007W	kinase
YDR283C	YMR216C	kinase
YDR283C	YOR056C	kinase
YDR283C	YOR309C	kinase
YDR283C	YPL133C	kinase
YDR283C	YPR115W	kinase
YDR436W	YHR030C	phosphatase
YDR436W	YJL129C	phosphatase
YDR466W	YBL058W	kinase
YDR466W	YDR161W	kinase
YDR466W	YDR188W	kinase
YDR466W	YER139C	kinase
YDR466W	YFL023W	kinase
YDR466W	YGR017W	kinase
YDR466W	YGR021W	kinase
YDR466W	YGR078C	kinase
YDR466W	YGR180C	kinase
YDR466W	YHL024W	kinase
YDR466W	YIL105C	kinase
YDR466W	YJR097W	kinase
YDR466W	YJR154W	kinase
YDR466W	YKL181W	kinase
YDR466W	YLL008W	kinase
YDR466W	YLR060W	kinase
YDR466W	YML062C	kinase
YDR466W	YMR048W	kinase
YDR466W	YNL099C	kinase
YDR466W	YOL082W	kinase
YDR466W	YOR141C	kinase
YDR466W	YPL032C	kinase
YDR477W	YAR009C	kinase
YDR477W	YAR042W	kinase
YDR477W	YBR010W	kinase
YDR477W	YBR066C	kinase
YDR477W	YBR096W	kinase
YDR477W	YBR112C	kinase
YDR477W	YBR127C	kinase
YDR477W	YCL014W	kinase
YDR477W	YCR072C	kinase
YDR477W	YDL025C	kinase
YDR477W	YDR028C	kinase
YDR477W	YDR043C	kinase
YDR477W	YDR122W	kinase
YDR477W	YDR188W	kinase
YDR477W	YDR216W	kinase
YDR477W	YDR326C	kinase
YDR477W	YDR372C	kinase
YDR477W	YDR422C	kinase
YDR477W	YEL060C	kinase
YDR477W	YER027C	kinase
YDR477W	YER028C	kinase
YDR477W	YER040W	kinase
YDR477W	YER129W	kinase
YDR477W	YER151C	kinase
YDR477W	YFL021W	kinase
YDR477W	YGL035C	kinase
YDR477W	YGL043W	kinase
YDR477W	YGL073W	kinase
YDR477W	YGL115W	kinase
YDR477W	YGL179C	kinase
YDR477W	YGL184C	kinase
YDR477W	YGL208W	kinase
YDR477W	YGL253W	kinase
YDR477W	YGL255W	kinase
YDR477W	YGR043C	kinase
YDR477W	YGR118W	kinase
YDR477W	YGR138C	kinase
YDR477W	YGR252W	kinase
YDR477W	YGR256W	kinase
YDR477W	YHL007C	kinase
YDR477W	YHL015W	kinase
YDR477W	YHL024W	kinase
YDR477W	YHL033C	kinase
YDR477W	YHR073W	kinase
YDR477W	YHR114W	kinase
YDR477W	YHR133C	kinase
YDR477W	YHR189W	kinase
YDR477W	YHR195W	kinase
YDR477W	YHR207C	kinase
YDR477W	YHR214CC	kinase
YDR477W	YIL112W	kinase
YDR477W	YIL160C	kinase
YDR477W	YJL005W	kinase
YDR477W	YJL080C	kinase
YDR477W	YJL089W	kinase
YDR477W	YJR111C	kinase
YDR477W	YKL038W	kinase
YDR477W	YKL091C	kinase
YDR477W	YKL105C	kinase
YDR477W	YKL139W	kinase
YDR477W	YKL182W	kinase
YDR477W	YLR003C	kinase
YDR477W	YLR132C	kinase
YDR477W	YLR150W	kinase
YDR477W	YLR187W	kinase
YDR477W	YLR258W	kinase
YDR477W	YML006C	kinase
YDR477W	YML048W	kinase
YDR477W	YMR014W	kinase
YDR477W	YMR031C	kinase
YDR477W	YMR037C	kinase
YDR477W	YMR140W	kinase
YDR477W	YMR205C	kinase
YDR477W	YMR219W	kinase
YDR477W	YMR280C	kinase
YDR477W	YNL007C	kinase
YDR477W	YNL025C	kinase
YDR477W	YNL031C	kinase
YDR477W	YNL098C	kinase
YDR477W	YNL225C	kinase
YDR477W	YNL236W	kinase
YDR477W	YNL272C	kinase
YDR477W	YNL284CA	kinase
YDR477W	YNR004W	kinase
YDR477W	YNR016C	kinase
YDR477W	YNR024W	kinase
YDR477W	YOL066C	kinase
YDR477W	YOL136C	kinase
YDR477W	YOL138C	kinase
YDR477W	YOR018W	kinase
YDR477W	YOR027W	kinase
YDR477W	YOR047C	kinase
YDR477W	YOR051C	kinase
YDR477W	YOR153W	kinase
YDR477W	YOR227W	kinase
YDR477W	YOR269W	kinase
YDR477W	YPL031C	kinase
YDR477W	YPL042C	kinase
YDR477W	YPL133C	kinase
YDR477W	YPR158CC	kinase
YDR490C	YBL105C	kinase
YDR490C	YDR283C	kinase
YDR490C	YGR086C	kinase
YDR490C	YHL016C	kinase
YDR490C	YHR205W	kinase
YDR490C	YIL105C	kinase
YDR490C	YJL164C	kinase
YDR490C	YKL126W	kinase
YDR490C	YKL166C	kinase
YDR490C	YMR104C	kinase
YDR490C	YPL004C	kinase
YDR490C	YPL203W	kinase
YDR507C	YBR133C	kinase
YDR507C	YBR160W	kinase
YDR507C	YCL024W	kinase
YDR507C	YCL032W	kinase
YDR507C	YCL035C	kinase
YDR507C	YCR002C	kinase
YDR507C	YDL153C	kinase
YDR507C	YDL225W	kinase
YDR507C	YDR507C	kinase
YDR507C	YEL012W	kinase
YDR507C	YEL053C	kinase
YDR507C	YGL187C	kinase
YDR507C	YGR017W	kinase
YDR507C	YHR088W	kinase
YDR507C	YHR107C	kinase
YDR507C	YIL010W	kinase
YDR507C	YJL187C	kinase
YDR507C	YJR047C	kinase
YDR507C	YJR076C	kinase
YDR507C	YKL048C	kinase
YDR507C	YKL101W	kinase
YDR507C	YKR048C	kinase
YDR507C	YLR003C	kinase
YDR507C	YLR208W	kinase
YDR507C	YLR258W	kinase
YDR507C	YLR314C	kinase
YDR507C	YMR110C	kinase
YDR507C	YMR153W	kinase
YDR507C	YMR235C	kinase
YDR507C	YNL027W	kinase
YDR507C	YNL166C	kinase
YDR507C	YNL272C	kinase
YDR507C	YOR141C	kinase
YDR507C	YOR260W	kinase
YDR507C	YOR288C	kinase
YDR507C	YPL133C	kinase
YDR507C	YPR083W	kinase
YDR523C	YBL036C	kinase
YDR523C	YBR009C	kinase
YDR523C	YDR188W	kinase
YDR523C	YDR364C	kinase
YDR523C	YEL039C	kinase
YDR523C	YER100W	kinase
YDR523C	YGL019W	kinase
YDR523C	YGL245W	kinase
YDR523C	YKL023W	kinase
YDR523C	YKL114C	kinase
YDR523C	YKL193C	kinase
YDR523C	YLL018C	kinase
YDR523C	YMR196W	kinase
YDR523C	YMR235C	kinase
YDR523C	YNL001W	kinase
YDR523C	YNL186W	kinase
YDR523C	YOR094W	kinase
YDR523C	YOR177C	kinase
YDR523C	YPL106C	kinase
YDR523C	YPL133C	kinase
YDR523C	YPR082C	kinase
YER075C	YBL016W	phosphatase
YER075C	YHR030C	phosphatase
YER075C	YLR113W	phosphatase
YER075C	YNL307C	phosphatase
YER089C	YBR160W	phosphatase
YER089C	YDR217C	phosphatase
YER089C	YHR079C	phosphatase
YER089C	YLR113W	phosphatase
YER089C	YPL153C	phosphatase
YER123W	YDR080W	kinase
YER123W	YDR516C	kinase
YER123W	YGR264C	kinase
YER123W	YHR135C	kinase
YER123W	YJR007W	kinase
YER123W	YKL210W	kinase
YER123W	YLL024C	kinase
YER129W	YDR028C	kinase
YER129W	YDR477W	kinase
YER129W	YER027C	kinase
YER129W	YGL115W	kinase
YER129W	YGL208W	kinase
YER129W	YHR005C	kinase
YER133W	YBL007C	phosphatase
YER133W	YBR010W	phosphatase
YER133W	YDR028C	phosphatase
YER133W	YDR422C	phosphatase
YER133W	YDR432W	phosphatase
YER133W	YDR477W	phosphatase
YER133W	YER178W	phosphatase
YER133W	YFR015C	phosphatase
YER133W	YGL035C	phosphatase
YER133W	YGL253W	phosphatase
YER133W	YGR113W	phosphatase
YER133W	YGR140W	phosphatase
YER133W	YIR006C	phosphatase
YER133W	YLR258W	phosphatase
YER133W	YLR259C	phosphatase
YER133W	YLR263W	phosphatase
YER133W	YMR037C	phosphatase
YER133W	YNL031C	phosphatase
YER133W	YOR058C	phosphatase
YFL029C	YBR088C	kinase
YFL029C	YBR160W	kinase
YFL029C	YDL108W	kinase
YFL029C	YDL220C	kinase
YFL029C	YJL106W	kinase
YFL029C	YKL139W	kinase
YFL029C	YLL008W	kinase
YFL029C	YLR079W	kinase
YFL029C	YPL256C	kinase
YFL029C	YPR054W	kinase
YFL029C	YPR119W	kinase
YFL029C	YPR161C	kinase
YFL033C	YDR096W	kinase
YFL033C	YDR207C	kinase
YFL033C	YGL073W	kinase
YFL033C	YHR205W	kinase
YFL033C	YJL164C	kinase
YFL033C	YMR037C	kinase
YFL033C	YNL157W	kinase
YFL033C	YPL031C	kinase
YFL034C-B	YFR028C	kinase
YFR014C	YBR099C	kinase
YFR014C	YBR109C	kinase
YFR014C	YBR170C	kinase
YFR014C	YCR075C	kinase
YFR014C	YDL143W	kinase
YFR014C	YDL223C	kinase
YFR014C	YDR471W	kinase
YFR014C	YER139C	kinase
YFR014C	YER153C	kinase
YFR014C	YER174C	kinase
YFR014C	YGL210W	kinase
YFR014C	YGR135W	kinase
YFR014C	YGR180C	kinase
YFR014C	YGR264C	kinase
YFR014C	YHR033W	kinase
YFR014C	YIL053W	kinase
YFR014C	YIL065C	kinase
YFR014C	YIL167W	kinase
YFR014C	YJL167W	kinase
YFR014C	YJL175W	kinase
YFR014C	YJL188C	kinase
YFR014C	YJR129C	kinase
YFR014C	YLR307W	kinase
YFR014C	YML001W	kinase
YFR014C	YML022W	kinase
YFR014C	YML048W	kinase
YFR014C	YMR116C	kinase
YFR014C	YMR205C	kinase
YFR014C	YNL111C	kinase
YFR014C	YNR064C	kinase
YFR014C	YOR089C	kinase
YFR014C	YOR101W	kinase
YFR014C	YOR184W	kinase
YFR014C	YOR271C	kinase
YFR028C	YAL024C	phosphatase
YFR028C	YAR019C	phosphatase
YFR028C	YBL035C	phosphatase
YFR028C	YBR060C	phosphatase
YFR028C	YBR156C	phosphatase
YFR028C	YDR130C	phosphatase
YFR028C	YDR146C	phosphatase
YFR028C	YEL032W	phosphatase
YFR028C	YGL003C	phosphatase
YFR028C	YHR118C	phosphatase
YFR028C	YHR152W	phosphatase
YFR028C	YIR010W	phosphatase
YFR028C	YJL076W	phosphatase
YFR028C	YJR053W	phosphatase
YFR028C	YKL108W	phosphatase
YFR028C	YLR079W	phosphatase
YFR028C	YLR182W	phosphatase
YFR028C	YNL112W	phosphatase
YFR028C	YOR058C	phosphatase
YFR028C	YPL267W	phosphatase
YFR028C	YPR119W	phosphatase
YGL019W	YBR160W	kinase
YGL019W	YDL020C	kinase
YGL019W	YDR005C	kinase
YGL019W	YDR043C	kinase
YGL019W	YDR054C	kinase
YGL019W	YDR168W	kinase
YGL019W	YDR397C	kinase
YGL019W	YDR496C	kinase
YGL019W	YER027C	kinase
YGL019W	YER089C	kinase
YGL019W	YER159C	kinase
YGL019W	YHL020C	kinase
YGL019W	YJR007W	kinase
YGL019W	YJR093C	kinase
YGL019W	YKL112W	kinase
YGL019W	YKR048C	kinase
YGL019W	YLR079W	kinase
YGL019W	YML074C	kinase
YGL019W	YNL030W	kinase
YGL019W	YOL139C	kinase
YGL019W	YOR057W	kinase
YGL019W	YOR119C	kinase
YGL019W	YOR254C	kinase
YGL021W	YGR138C	kinase
YGL059W	YAR010C	kinase
YGL059W	YER178W	kinase
YGL059W	YHL007C	kinase
YGL059W	YPL049C	kinase
YGL083W	YDR188W	-
YGL083W	YGR173W	-
YGL083W	YNL272C	-
YGL083W	YOR056C	-
YGL083W	YPL281C	-
YGL083W	YPR137CB	-
YGL134W	YLR258W	kinase
YGL158W	YCR012W	-
YGL158W	YDL006W	-
YGL158W	YDL103C	-
YGL158W	YDR147W	-
YGL158W	YDR423C	-
YGL158W	YHR104W	-
YGL158W	YJR119C	-
YGL158W	YLR113W	-
YGL158W	YML048W	-
YGL158W	YMR235C	-
YGL158W	YNL186W	-
YGL158W	YOL070C	-
YGL158W	YOR271C	-
YGL179C	YDR477W	kinase
YGL179C	YEL037C	kinase
YGL179C	YER027C	kinase
YGL179C	YGL035C	kinase
YGL179C	YGL208W	kinase
YGL179C	YJR154W	kinase
YGL179C	YMR140W	kinase
YGL180W	YBL078C	-
YGL180W	YDL149W	-
YGL180W	YDR022C	-
YGL180W	YFR021W	-
YGL180W	YGL180W	-
YGL180W	YLR423C	-
YGL180W	YNL242W	-
YGL180W	YPL166W	-
YGL180W	YPR049C	-
YGL180W	YPR185W	-
YGR040W	YBL055C	kinase
YGR040W	YCL047C	kinase
YGR040W	YDL006W	kinase
YGR040W	YDL159W	kinase
YGR040W	YDL230W	kinase
YGR040W	YDR256C	kinase
YGR040W	YDR480W	kinase
YGR040W	YFL028C	kinase
YGR040W	YGR013W	kinase
YGR040W	YGR180C	kinase
YGR040W	YHR084W	kinase
YGR040W	YJL157C	kinase
YGR040W	YJR070C	kinase
YGR040W	YKL178C	kinase
YGR040W	YLR310C	kinase
YGR040W	YLR452C	kinase
YGR040W	YML048W	kinase
YGR040W	YMR041C	kinase
YGR040W	YNL117W	kinase
YGR040W	YNR033W	kinase
YGR040W	YOL070C	kinase
YGR040W	YPL049C	kinase
YGR040W	YPL233W	kinase
YGR040W	YPR035W	kinase
YGR052W	YDL065C	-
YGR052W	YGR180C	-
YGR052W	YHR200W	-
YGR052W	YML013W	-
YGR052W	YNL117W	-
YGR092W	YBR038W	kinase
YGR092W	YBR160W	kinase
YGR092W	YBR177C	kinase
YGR092W	YEL029C	kinase
YGR092W	YFR028C	kinase
YGR092W	YGR200C	kinase
YGR092W	YIL106W	kinase
YGR092W	YJL076W	kinase
YGR092W	YKR041W	kinase
YGR092W	YKR047W	kinase
YGR092W	YKR080W	kinase
YGR092W	YMR032W	kinase
YGR092W	YNR046W	kinase
YGR109C	YLR182W	kinase
YGR123C	YPL240C	phosphatase
YGR188C	YGL086W	kinase
YGR188C	YJL013C	kinase
YGR188C	YOR026W	kinase
YGR188C	YPL153C	kinase
YGR203W	YDL173W	phosphatase
YGR203W	YDR418W	phosphatase
YGR203W	YJL123C	phosphatase
YGR262C	YER174C	kinase
YGR262C	YFL007W	kinase
YGR262C	YGR126W	kinase
YGR262C	YJR125C	kinase
YGR262C	YKR038C	kinase
YGR262C	YML036W	kinase
YGR262C	YNL074C	kinase
YGR262C	YOL109W	kinase
YGR262C	YPL274W	kinase
YHL007C	YAR019C	kinase
YHL007C	YBL002W	kinase
YHL007C	YDR224C	kinase
YHL007C	YGL012W	kinase
YHL007C	YGL019W	kinase
YHL007C	YHL007C	kinase
YHL007C	YIL043C	kinase
YHL007C	YKL129C	kinase
YHL007C	YLL008W	kinase
YHL007C	YLR113W	kinase
YHL007C	YLR229C	kinase
YHL007C	YLR362W	kinase
YHL007C	YNL118C	kinase
YHL007C	YPL201C	kinase
YHL007C	YPL256C	kinase
YHR004C	YMR165C	phosphatase
YHR030C	YBL105C	kinase
YHR030C	YBR260C	kinase
YHR030C	YDL006W	kinase
YHR030C	YDL127W	kinase
YHR030C	YDR356W	kinase
YHR030C	YDR358W	kinase
YHR030C	YER111C	kinase
YHR030C	YFL031W	kinase
YHR030C	YFR038W	kinase
YHR030C	YGL098W	kinase
YHR030C	YGL122C	kinase
YHR030C	YGR032W	kinase
YHR030C	YGR189C	kinase
YHR030C	YGR217W	kinase
YHR030C	YGR229C	kinase
YHR030C	YHL011C	kinase
YHR030C	YHR030C	kinase
YHR030C	YIL113W	kinase
YHR030C	YJL095W	kinase
YHR030C	YJL148W	kinase
YHR030C	YKL126W	kinase
YHR030C	YKL161C	kinase
YHR030C	YKL190W	kinase
YHR030C	YLL021W	kinase
YHR030C	YLR113W	kinase
YHR030C	YLR182W	kinase
YHR030C	YLR371W	kinase
YHR030C	YLR442C	kinase
YHR030C	YMR238W	kinase
YHR030C	YMR273C	kinase
YHR030C	YMR295C	kinase
YHR030C	YMR307W	kinase
YHR030C	YNL025C	kinase
YHR030C	YNL053W	kinase
YHR030C	YNL289W	kinase
YHR030C	YNL294C	kinase
YHR030C	YOR208W	kinase
YHR030C	YOR220W	kinase
YHR030C	YOR231W	kinase
YHR030C	YOR276W	kinase
YHR030C	YPL077C	kinase
YHR030C	YPL089C	kinase
YHR030C	YPL140C	kinase
YHR030C	YPL240C	kinase
YHR030C	YPR159W	kinase
YHR030C	YPR165W	kinase
YHR071W	YEL009C	kinase
YHR076W	YDR169C	phosphatase
YHR079C	YFL031W	kinase
YHR079C	YGR252W	kinase
YHR079C	YHR079C	kinase
YHR079C	YJL034W	kinase
YHR082C	YFR024C-A	kinase
YHR082C	YGR162W	kinase
YHR082C	YGR180C	kinase
YHR082C	YHR033W	kinase
YHR082C	YLR055C	kinase
YHR082C	YLR258W	kinase
YHR082C	YML062C	kinase
YHR082C	YML074C	kinase
YHR082C	YMR205C	kinase
YHR082C	YNL272C	kinase
YHR082C	YOR042W	kinase
YHR082C	YOR141C	kinase
YHR102W	YFL034C-B	-
YHR102W	YKL189W	-
YHR102W	YLR131C	-
YHR102W	YNL161W	-
YHR102W	YOR257W	-
YHR102W	YOR353C	-
YHR135C	MAL61	kinase
YHR135C	YAL030W	kinase
YHR135C	YBL032W	kinase
YHR135C	YBR021W	kinase
YHR135C	YCL032W	kinase
YHR135C	YDR208W	kinase
YHR135C	YDR277C	kinase
YHR135C	YDR463W	kinase
YHR135C	YEL062W	kinase
YHR135C	YER123W	kinase
YHR135C	YFR029W	kinase
YHR135C	YGL008C	kinase
YHR135C	YGR184C	kinase
YHR135C	YJL156C	kinase
YHR135C	YJR007W	kinase
YHR135C	YKL178C	kinase
YHR135C	YLL028W	kinase
YHR135C	YMR036C	kinase
YHR135C	YNL154C	kinase
YHR135C	YOR047C	kinase
YHR135C	YOR153W	kinase
YHR135C	YOR204W	kinase
YHR135C	YPR075C	kinase
YHR205W	YBL054W	kinase
YHR205W	YDR005C	kinase
YHR205W	YDR054C	kinase
YHR205W	YDR169C	kinase
YHR205W	YEL012W	kinase
YHR205W	YEL028W	kinase
YHR205W	YER088C	kinase
YHR205W	YER174C	kinase
YHR205W	YFL010C	kinase
YHR205W	YFL033C	kinase
YHR205W	YFR034C	kinase
YHR205W	YGL019W	kinase
YHR205W	YGR086C	kinase
YHR205W	YGR262C	kinase
YHR205W	YHL024W	kinase
YHR205W	YHL033C	kinase
YHR205W	YIL036W	kinase
YHR205W	YIL153W	kinase
YHR205W	YJR097W	kinase
YHR205W	YMR196W	kinase
YHR205W	YMR216C	kinase
YHR205W	YNL167C	kinase
YHR205W	YOR094W	kinase
YHR205W	YPL004C	kinase
YIL035C	YBR160W	kinase
YIL035C	YDL020C	kinase
YIL035C	YDL065C	kinase
YIL035C	YDL081C	kinase
YIL035C	YDL122W	kinase
YIL035C	YDL130W	kinase
YIL035C	YDL226C	kinase
YIL035C	YDR005C	kinase
YIL035C	YDR043C	kinase
YIL035C	YDR054C	kinase
YIL035C	YDR135C	kinase
YIL035C	YDR168W	kinase
YIL035C	YDR346C	kinase
YIL035C	YDR382W	kinase
YIL035C	YDR397C	kinase
YIL035C	YDR496C	kinase
YIL035C	YER027C	kinase
YIL035C	YER079W	kinase
YIL035C	YER089C	kinase
YIL035C	YER159C	kinase
YIL035C	YER161C	kinase
YIL035C	YFR024C-A	kinase
YIL035C	YGL019W	kinase
YIL035C	YGR196C	kinase
YIL035C	YGR270W	kinase
YIL035C	YHL020C	kinase
YIL035C	YJR007W	kinase
YIL035C	YJR093C	kinase
YIL035C	YKL089W	kinase
YIL035C	YKL112W	kinase
YIL035C	YKL160W	kinase
YIL035C	YKR048C	kinase
YIL035C	YKR092C	kinase
YIL035C	YLR079W	kinase
YIL035C	YLR399C	kinase
YIL035C	YML074C	kinase
YIL035C	YML100W	kinase
YIL035C	YMR031C	kinase
YIL035C	YNL030W	kinase
YIL035C	YNL088W	kinase
YIL035C	YNL173C	kinase
YIL035C	YNL189W	kinase
YIL035C	YOL039W	kinase
YIL035C	YOL139C	kinase
YIL035C	YOR039W	kinase
YIL035C	YOR057W	kinase
YIL035C	YOR061W	kinase
YIL035C	YOR119C	kinase
YIL035C	YOR254C	kinase
YIL035C	YPR041W	kinase
YIL042C	YDL223C	kinase
YIL042C	YER178W	kinase
YIL042C	YFL014W	kinase
YIL042C	YMR031C	kinase
YIL095W	YBL007C	kinase
YIL095W	YBL047C	kinase
YIL095W	YCR088W	kinase
YIL095W	YDL161W	kinase
YIL095W	YER155C	kinase
YIL095W	YHR161C	kinase
YIL095W	YIR006C	kinase
YIL095W	YLR206W	kinase
YIL095W	YNL084C	kinase
YIL095W	YNL243W	kinase
YIL095W	YNL271C	kinase
YIL095W	YOR329C	kinase
YIL113W	YHR030C	phosphatase
YIL147C	YDL235C	kinase
YIL147C	YHR206W	kinase
YIL147C	YLR006C	kinase
YIL147C	YLR113W	kinase
YIR026C	YBL032W	phosphatase
YIR026C	YDR460W	phosphatase
YIR026C	YHR097C	phosphatase
YIR026C	YMR031C	phosphatase
YJL006C	YBL058W	kinase
YJL006C	YDL065C	kinase
YJL006C	YDL103C	kinase
YJL006C	YDL140C	kinase
YJL006C	YDR256C	kinase
YJL006C	YER139C	kinase
YJL006C	YFL023W	kinase
YJL006C	YGR001C	kinase
YJL006C	YGR167W	kinase
YJL006C	YGR180C	kinase
YJL006C	YJL138C	kinase
YJL006C	YJR070C	kinase
YJL006C	YJR076C	kinase
YJL006C	YKL091C	kinase
YJL006C	YKR018C	kinase
YJL006C	YMR041C	kinase
YJL006C	YNR033W	kinase
YJL006C	YNR064C	kinase
YJL006C	YOR335C	kinase
YJL006C	YPL077C	kinase
YJL006C	YPR035W	kinase
YJL057C	YAL016W	-
YJL057C	YDL065C	-
YJL057C	YDL103C	-
YJL057C	YDR147W	-
YJL057C	YDR161W	-
YJL057C	YDR179C	-
YJL057C	YDR273W	-
YJL057C	YDR308C	-
YJL057C	YDR382W	-
YJL057C	YDR383C	-
YJL057C	YDR397C	-
YJL057C	YER139C	-
YJL057C	YGL172W	-
YJL057C	YGR043C	-
YJL057C	YGR167W	-
YJL057C	YGR180C	-
YJL057C	YGR234W	-
YJL057C	YHR055C	-
YJL057C	YHR214CC	-
YJL057C	YIL075C	-
YJL057C	YJL019W	-
YJL057C	YJR032W	-
YJL057C	YJR070C	-
YJL057C	YJR076C	-
YJL057C	YKL130C	-
YJL057C	YLR181C	-
YJL057C	YLR287C	-
YJL057C	YLR309C	-
YJL057C	YLR315W	-
YJL057C	YML045WA	-
YJL057C	YMR192W	-
YJL057C	YNL113W	-
YJL057C	YNL117W	-
YJL057C	YNL121C	-
YJL057C	YOR027W	-
YJL057C	YOR162C	-
YJL057C	YOR335C	-
YJL057C	YPL233W	-
YJL057C	YPR168W	-
YJL095W	YBL105C	kinase
YJL095W	YBR260C	kinase
YJL095W	YDL006W	kinase
YJL095W	YDL159W	kinase
YJL095W	YER120W	kinase
YJL095W	YER133W	kinase
YJL095W	YFL023W	kinase
YJL095W	YHR030C	kinase
YJL095W	YIL104C	kinase
YJL095W	YJR097W	kinase
YJL095W	YKL161C	kinase
YJL095W	YKL190W	kinase
YJL095W	YLR305C	kinase
YJL095W	YOR061W	kinase
YJL095W	YOR231W	kinase
YJL095W	YPL089C	kinase
YJL095W	YPL140C	kinase
YJL106W	YBR045C	kinase
YJL106W	YDR113C	kinase
YJL106W	YDR130C	kinase
YJL106W	YDR146C	kinase
YJL106W	YDR310C	kinase
YJL106W	YER020W	kinase
YJL106W	YFR028C	kinase
YJL106W	YGL003C	kinase
YJL106W	YHR124W	kinase
YJL106W	YJL194W	kinase
YJL106W	YJR094C	kinase
YJL106W	YLR079W	kinase
YJL106W	YMR190C	kinase
YJL106W	YNL312W	kinase
YJL106W	YPR054W	kinase
YJL128C	YCR016W	kinase
YJL128C	YCR073C	kinase
YJL128C	YDL006W	kinase
YJL128C	YDL022W	kinase
YJL128C	YDL223C	kinase
YJL128C	YDR162C	kinase
YJL128C	YDR171W	kinase
YJL128C	YDR475C	kinase
YJL128C	YDR510W	kinase
YJL128C	YER118C	kinase
YJL128C	YGR040W	kinase
YJL128C	YHR030C	kinase
YJL128C	YLR006C	kinase
YJL128C	YLR113W	kinase
YJL128C	YLR248W	kinase
YJL128C	YLR362W	kinase
YJL128C	YMR039C	kinase
YJL128C	YNR031C	kinase
YJL128C	YOR208W	kinase
YJL141C	YBL055C	kinase
YJL141C	YBR195C	kinase
YJL141C	YDR223W	kinase
YJL141C	YDR364C	kinase
YJL141C	YDR381W	kinase
YJL141C	YDR523C	kinase
YJL141C	YER092W	kinase
YJL141C	YER117W	kinase
YJL141C	YER127W	kinase
YJL141C	YER139C	kinase
YJL141C	YER141W	kinase
YJL141C	YER151C	kinase
YJL141C	YER170W	kinase
YJL141C	YGL073W	kinase
YJL141C	YIL033C	kinase
YJL141C	YJL141C	kinase
YJL141C	YJL164C	kinase
YJL141C	YJR017C	kinase
YJL141C	YKL023W	kinase
YJL141C	YKL091C	kinase
YJL141C	YLR270W	kinase
YJL141C	YLR410W	kinase
YJL141C	YML035C	kinase
YJL141C	YML078W	kinase
YJL141C	YNL098C	kinase
YJL141C	YNR052C	kinase
YJL141C	YOR056C	kinase
YJL141C	YPL133C	kinase
YJL164C	YAL038W	kinase
YJL164C	YBL039C	kinase
YJL164C	YBR028C	kinase
YJL164C	YDR001C	kinase
YJL164C	YDR005C	kinase
YJL164C	YDR135C	kinase
YJL164C	YDR172W	kinase
YJL164C	YDR216W	kinase
YJL164C	YDR443C	kinase
YJL164C	YDR468C	kinase
YJL164C	YDR490C	kinase
YJL164C	YER026C	kinase
YJL164C	YER088C	kinase
YJL164C	YER174C	kinase
YJL164C	YER177W	kinase
YJL164C	YFL033C	kinase
YJL164C	YGL116W	kinase
YJL164C	YGL180W	kinase
YJL164C	YGL181W	kinase
YJL164C	YGL248W	kinase
YJL164C	YGL253W	kinase
YJL164C	YHL020C	kinase
YJL164C	YIL033C	kinase
YJL164C	YIL107C	kinase
YJL164C	YJL130C	kinase
YJL164C	YJL141C	kinase
YJL164C	YJL155C	kinase
YJL164C	YJL164C	kinase
YJL164C	YKL038W	kinase
YJL164C	YLL028W	kinase
YJL164C	YLR026C	kinase
YJL164C	YLR133W	kinase
YJL164C	YLR310C	kinase
YJL164C	YLR377C	kinase
YJL164C	YML048W	kinase
YJL164C	YMR016C	kinase
YJL164C	YMR037C	kinase
YJL164C	YMR072W	kinase
YJL164C	YMR205C	kinase
YJL164C	YNL027W	kinase
YJL164C	YNL167C	kinase
YJL164C	YNL197C	kinase
YJL164C	YOL018C	kinase
YJL164C	YOR028C	kinase
YJL164C	YOR347C	kinase
YJL164C	YPL201C	kinase
YJL164C	YPL232W	kinase
YJL164C	YPR160W	kinase
YJL164C	YPR183W	kinase
YJL164C	YPR185W	kinase
YJL165C	YCR016W	-
YJL165C	YDR135C	-
YJL165C	YKL038W	-
YJL165C	YMR153W	-
YJL187C	YAR014C	kinase
YJL187C	YBR031W	kinase
YJL187C	YBR133C	kinase
YJL187C	YBR160W	kinase
YJL187C	YJR082C	kinase
YJL187C	YKL211C	kinase
YJL187C	YKR047W	kinase
YJL187C	YLR113W	kinase
YJL187C	YMR001C	kinase
YJL187C	YMR036C	kinase
YJL187C	YMR186W	kinase
YJL187C	YNR046W	kinase
YJL187C	YPL240C	kinase
YJL187C	YPR119W	kinase
YJR059W	YBR074W	kinase
YJR059W	YCR088W	kinase
YJR059W	YDR372C	kinase
YJR059W	YDR466W	kinase
YJR059W	YGL008C	kinase
YJR059W	YGR170W	kinase
YJR059W	YHL016C	kinase
YJR059W	YJR059W	kinase
YJR059W	YKR041W	kinase
YJR059W	YKR048C	kinase
YJR059W	YML093W	kinase
YJR059W	YMR140W	kinase
YJR059W	YNL166C	kinase
YJR059W	YPL180W	kinase
YJR059W	YPL256C	kinase
YJR066W	YCL029C	kinase
YJR066W	YDR283C	kinase
YJR066W	YDR293C	kinase
YJR066W	YER040W	kinase
YJR066W	YFL033C	kinase
YJR066W	YHR030C	kinase
YJR066W	YHR082C	kinase
YJR066W	YHR205W	kinase
YJR066W	YLR403W	kinase
YJR066W	YNL076W	kinase
YJR066W	YNL183C	kinase
YJR066W	YPL180W	kinase
YJR066W	YPR185W	kinase
YKL048C	YBR160W	kinase
YKL048C	YCL024W	kinase
YKL048C	YCR052W	kinase
YKL048C	YCR064C	kinase
YKL048C	YDR477W	kinase
YKL048C	YDR507C	kinase
YKL048C	YEL012W	kinase
YKL048C	YER139C	kinase
YKL048C	YGL035C	kinase
YKL048C	YGR021W	kinase
YKL048C	YHR005C	kinase
YKL048C	YJL187C	kinase
YKL048C	YJR076C	kinase
YKL048C	YJR097W	kinase
YKL048C	YKL101W	kinase
YKL048C	YKL181W	kinase
YKL048C	YLL008W	kinase
YKL048C	YLR060W	kinase
YKL048C	YML062C	kinase
YKL048C	YMR235C	kinase
YKL048C	YNL298W	kinase
YKL048C	YOR233W	kinase
YKL101W	YBR133C	kinase
YKL101W	YBR160W	kinase
YKL101W	YBR176W	kinase
YKL101W	YDL220C	kinase
YKL101W	YDR507C	kinase
YKL101W	YDR521W	kinase
YKL101W	YGL003C	kinase
YKL101W	YGL034C	kinase
YKL101W	YGL116W	kinase
YKL101W	YGR017W	kinase
YKL101W	YGR168C	kinase
YKL101W	YGR187C	kinase
YKL101W	YGR244C	kinase
YKL101W	YHR107C	kinase
YKL101W	YIL139C	kinase
YKL101W	YJL187C	kinase
YKL101W	YJR047C	kinase
YKL101W	YKL101W	kinase
YKL101W	YMR001C	kinase
YKL101W	YOR141C	kinase
YKL101W	YPL201C	kinase
YKL101W	YPR036W	kinase
YKL116C	YBR031W	kinase
YKL116C	YCR016W	kinase
YKL116C	YGR293C	kinase
YKL116C	YKL116C	kinase
YKL116C	YPR135W	kinase
YKL126W	YAR009C	kinase
YKL126W	YBR086C	kinase
YKL126W	YCL035C	kinase
YKL126W	YDR033W	kinase
YKL126W	YDR490C	kinase
YKL126W	YDR523C	kinase
YKL126W	YGR038W	kinase
YKL126W	YGR130C	kinase
YKL126W	YHR030C	kinase
YKL126W	YKL182W	kinase
YKL126W	YKR067W	kinase
YKL126W	YLR350W	kinase
YKL126W	YML123C	kinase
YKL126W	YMR031C	kinase
YKL126W	YMR109W	kinase
YKL126W	YNL074C	kinase
YKL126W	YNL156C	kinase
YKL126W	YNR047W	kinase
YKL126W	YPL153C	kinase
YKL139W	YAR009C	kinase
YKL139W	YBL085W	kinase
YKL139W	YBR086C	kinase
YKL139W	YBR214W	kinase
YKL139W	YDL022W	kinase
YKL139W	YDL103C	kinase
YKL139W	YDL140C	kinase
YKL139W	YDR188W	kinase
YKL139W	YDR239C	kinase
YKL139W	YDR477W	kinase
YKL139W	YDR508C	kinase
YKL139W	YEL017W	kinase
YKL139W	YER139C	kinase
YKL139W	YFL010C	kinase
YKL139W	YGL123W	kinase
YKL139W	YGR021W	kinase
YKL139W	YHL007C	kinase
YKL139W	YJL006C	kinase
YKL139W	YJR060W	kinase
YKL139W	YJR070C	kinase
YKL139W	YKL062W	kinase
YKL139W	YKL126W	kinase
YKL139W	YKL152C	kinase
YKL139W	YKL185W	kinase
YKL139W	YKR018C	kinase
YKL139W	YLR060W	kinase
YKL139W	YLR314C	kinase
YKL139W	YLR438W	kinase
YKL139W	YML112W	kinase
YKL139W	YMR041C	kinase
YKL139W	YMR048W	kinase
YKL139W	YMR054W	kinase
YKL139W	YNL027W	kinase
YKL139W	YNR014W	kinase
YKL139W	YOL006C	kinase
YKL139W	YOL082W	kinase
YKL139W	YPL019C	kinase
YKL139W	YPL032C	kinase
YKL139W	YPL077C	kinase
YKL139W	YPL085W	kinase
YKL139W	YPL133C	kinase
YKL139W	YPL274W	kinase
YKL161C	YGR097W	-
YKL161C	YPL089C	-
YKL166C	YAL038W	kinase
YKL166C	YAR009C	kinase
YKL166C	YAR014C	kinase
YKL166C	YBL005W-A	kinase
YKL166C	YBR028C	kinase
YKL166C	YBR031W	kinase
YKL166C	YDR054C	kinase
YKL166C	YDR172W	kinase
YKL166C	YDR264C	kinase
YKL166C	YER079W	kinase
YKL166C	YFL033C	kinase
YKL166C	YFR017C	kinase
YKL166C	YGL116W	kinase
YKL166C	YGL180W	kinase
YKL166C	YGL181W	kinase
YKL166C	YGR130C	kinase
YKL166C	YGR200C	kinase
YKL166C	YHL020C	kinase
YKL166C	YIL033C	kinase
YKL166C	YIL107C	kinase
YKL166C	YJL070C	kinase
YKL166C	YJL141C	kinase
YKL166C	YJL155C	kinase
YKL166C	YKL023W	kinase
YKL166C	YKL038W	kinase
YKL166C	YKL039W	kinase
YKL166C	YKL140W	kinase
YKL166C	YLR003C	kinase
YKL166C	YLR377C	kinase
YKL166C	YML052W	kinase
YKL166C	YMR016C	kinase
YKL166C	YMR037C	kinase
YKL166C	YMR045C	kinase
YKL166C	YMR072W	kinase
YKL166C	YMR205C	kinase
YKL166C	YNL027W	kinase
YKL166C	YOR028C	kinase
YKL166C	YPL203W	kinase
YKL166C	YPR185W	kinase
YKL168C	YDL006W	kinase
YKL168C	YDL103C	kinase
YKL168C	YDR179C	kinase
YKL168C	YER177W	kinase
YKL168C	YFL023W	kinase
YKL168C	YGR180C	kinase
YKL168C	YGR205W	kinase
YKL168C	YHR182W	kinase
YKL168C	YJL138C	kinase
YKL168C	YJL189W	kinase
YKL168C	YJR076C	kinase
YKL168C	YKL091C	kinase
YKL168C	YKL130C	kinase
YKL168C	YMR140W	kinase
YKL168C	YMR196W	kinase
YKL168C	YNR033W	kinase
YKL168C	YOR195W	kinase
YKL168C	YOR335C	kinase
YKL168C	YPR035W	kinase
YKL171W	YDR089W	kinase
YKL171W	YOL158C	kinase
YKL190W	YKL159C	phosphatase
YKL198C	YAR002W	kinase
YKL198C	YBL058W	kinase
YKL198C	YDR208W	kinase
YKL198C	YDR309C	kinase
YKL198C	YDR328C	kinase
YKL198C	YDR351W	kinase
YKL198C	YDR451C	kinase
YKL198C	YER033C	kinase
YKL198C	YER088C	kinase
YKL198C	YER151C	kinase
YKL198C	YFL021W	kinase
YKL198C	YHL003C	kinase
YKL198C	YHR097C	kinase
YKL198C	YJR002W	kinase
YKL198C	YLR257W	kinase
YKL198C	YLR410W	kinase
YKL198C	YNL074C	kinase
YKL198C	YOL082W	kinase
YKL198C	YOL109W	kinase
YKL198C	YPL043W	kinase
YKL198C	YPL074W	kinase
YKL198C	YPL124W	kinase
YKL198C	YPL208W	kinase
YKL198C	YPR171W	kinase
YKL203C	YBL105C	kinase
YKL203C	YCR053W	kinase
YKL203C	YER040W	kinase
YKL203C	YER093C	kinase
YKL203C	YHR030C	kinase
YKL203C	YIL105C	kinase
YKL203C	YKL126W	kinase
YKL203C	YMR028W	kinase
YKL203C	YMR104C	kinase
YKL203C	YNL006W	kinase
YKL203C	YNL229C	kinase
YKL203C	YOL078W	kinase
YKL203C	YPR185W	kinase
YLL010C	YHR052W	phosphatase
YLL010C	YKL116C	phosphatase
YLL010C	YKL204W	phosphatase
YLL010C	YMR037C	phosphatase
YLL010C	YMR171C	phosphatase
YLL019C	YBL058W	kinase
YLL019C	YBR112C	kinase
YLL019C	YCL050C	kinase
YLL019C	YIL033C	kinase
YLL019C	YKR056W	kinase
YLL019C	YML101C	kinase
YLL019C	YNL088W	kinase
YLL019C	YPR133C	kinase
YLR019W	YBL002W	phosphatase
YLR019W	YBL007C	phosphatase
YLR019W	YBL047C	phosphatase
YLR019W	YBR103W	phosphatase
YLR019W	YDR507C	phosphatase
YLR019W	YHL007C	phosphatase
YLR019W	YMR037C	phosphatase
YLR096W	YAR015W	-
YLR096W	YBR088C	-
YLR096W	YDR071C	-
YLR096W	YDR173C	-
YLR096W	YFR010W	-
YLR096W	YGL210W	-
YLR096W	YGR001C	-
YLR096W	YGR009C	-
YLR096W	YGR238C	-
YLR096W	YGR287C	-
YLR096W	YHR049W	-
YLR096W	YJR092W	-
YLR096W	YLR438W	-
YLR096W	YML048W	-
YLR096W	YMR120C	-
YLR096W	YMR196W	-
YLR096W	YNL027W	-
YLR096W	YNR064C	-
YLR096W	YOL082W	-
YLR096W	YOR184W	-
YLR096W	YOR224C	-
YLR113W	YAR002W	kinase
YLR113W	YBR072W	kinase
YLR113W	YBR083W	kinase
YLR113W	YBR182C	kinase
YLR113W	YCL032W	kinase
YLR113W	YCL061C	kinase
YLR113W	YDL022W	kinase
YLR113W	YDL140C	kinase
YLR113W	YDR037W	kinase
YLR113W	YDR443C	kinase
YLR113W	YDR448W	kinase
YLR113W	YER022W	kinase
YLR113W	YER075C	kinase
YLR113W	YER118C	kinase
YLR113W	YER151C	kinase
YLR113W	YFL014W	kinase
YLR113W	YGL158W	kinase
YLR113W	YGR014W	kinase
YLR113W	YGR040W	kinase
YLR113W	YGR097W	kinase
YLR113W	YGR192C	kinase
YLR113W	YHR030C	kinase
YLR113W	YHR094C	kinase
YLR113W	YJL093C	kinase
YLR113W	YJL128C	kinase
YLR113W	YJL187C	kinase
YLR113W	YKL101W	kinase
YLR113W	YLL043W	kinase
YLR113W	YLR006C	kinase
YLR113W	YLR058C	kinase
YLR113W	YLR079W	kinase
YLR113W	YLR138W	kinase
YLR113W	YLR248W	kinase
YLR113W	YLR257W	kinase
YLR113W	YLR335W	kinase
YLR113W	YMR172W	kinase
YLR113W	YNL167C	kinase
YLR113W	YNL330C	kinase
YLR113W	YNR031C	kinase
YLR113W	YOL004W	kinase
YLR113W	YOL148C	kinase
YLR113W	YOR066W	kinase
YLR113W	YOR083W	kinase
YLR113W	YOR098C	kinase
YLR113W	YOR208W	kinase
YLR113W	YPR115W	kinase
YLR210W	YPL269W	kinase
YLR226W	YDL140C	kinase
YLR226W	YML010W	kinase
YLR240W	YDR170C	kinase
YLR240W	YIL121W	kinase
YLR240W	YJL056C	kinase
YLR240W	YOL109W	kinase
YLR240W	YOR022C	kinase
YLR248W	YDL203C	kinase
YLR248W	YDR385W	kinase
YLR248W	YKL114C	kinase
YLR248W	YLL040C	kinase
YLR248W	YLR113W	kinase
YLR248W	YMR068W	kinase
YLR248W	YMR178W	kinase
YLR248W	YMR243C	kinase
YLR248W	YOR133W	kinase
YLR361C	YHR079C	phosphatase
YLR362W	YCL032W	kinase
YLR362W	YDL159W	kinase
YLR362W	YER087W	kinase
YLR362W	YER174C	kinase
YLR362W	YGR187C	kinase
YLR362W	YHR152W	kinase
YLR362W	YJL128C	kinase
YLR362W	YJL138C	kinase
YLR362W	YJR047C	kinase
YLR362W	YLR113W	kinase
YLR362W	YMR139W	kinase
YLR362W	YNL113W	kinase
YLR362W	YPL049C	kinase
YLR362W	YPL133C	kinase
YLR362W	YPL201C	kinase
YLR433C	YDR184C	phosphatase
YLR433C	YIL033C	phosphatase
YLR433C	YIL105C	phosphatase
YLR433C	YKL101W	phosphatase
YLR433C	YKL159C	phosphatase
YLR433C	YLR113W	phosphatase
YLR433C	YML007W	phosphatase
YLR433C	YNL027W	phosphatase
YLR433C	YNL047C	phosphatase
YLR433C	YOR324C	phosphatase
YML016C	YDR028C	phosphatase
YML016C	YHR030C	phosphatase
YML016C	YJL129C	phosphatase
YML057W	YBL047C	phosphatase
YML057W	YBL103C	phosphatase
YML057W	YDR184C	phosphatase
YML057W	YDR365C	phosphatase
YML057W	YGR285C	phosphatase
YML057W	YIL105C	phosphatase
YML057W	YKL101W	phosphatase
YML057W	YKL159C	phosphatase
YML057W	YLR003C	phosphatase
YML057W	YLR113W	phosphatase
YML057W	YLR221C	phosphatase
YML057W	YML007W	phosphatase
YML057W	YML074C	phosphatase
YML057W	YNL027W	phosphatase
YML057W	YNL047C	phosphatase
YML057W	YOR123C	phosphatase
YML057W	YOR324C	phosphatase
YMR001C	YAL024C	kinase
YMR001C	YAL047C	kinase
YMR001C	YBL097W	kinase
YMR001C	YBR098W	kinase
YMR001C	YDL003W	kinase
YMR001C	YDR052C	kinase
YMR001C	YDR118W	kinase
YMR001C	YDR217C	kinase
YMR001C	YDR325W	kinase
YMR001C	YDR386W	kinase
YMR001C	YDR439W	kinase
YMR001C	YER106W	kinase
YMR001C	YFR028C	kinase
YMR001C	YGL003C	kinase
YMR001C	YGL175C	kinase
YMR001C	YGR092W	kinase
YMR001C	YGR108W	kinase
YMR001C	YHR014W	kinase
YMR001C	YHR107C	kinase
YMR001C	YIL031W	kinase
YMR001C	YJL013C	kinase
YMR001C	YJL076W	kinase
YMR001C	YJL187C	kinase
YMR001C	YJR053W	kinase
YMR001C	YJR076C	kinase
YMR001C	YLR045C	kinase
YMR001C	YLR086W	kinase
YMR001C	YLR102C	kinase
YMR001C	YLR127C	kinase
YMR001C	YLR272C	kinase
YMR001C	YLR425W	kinase
YMR001C	YMR032W	kinase
YMR001C	YMR055C	kinase
YMR001C	YMR076C	kinase
YMR001C	YNL172W	kinase
YMR001C	YOR195W	kinase
YMR001C	YOR372C	kinase
YMR001C	YOR373W	kinase
YMR001C	YPL115C	kinase
YMR001C	YPL153C	kinase
YMR001C	YPR007C	kinase
YMR001C	YPR165W	kinase
YMR036C	YBR160W	phosphatase
YMR104C	YMR109W	kinase
YMR139W	YCL032W	kinase
YMR139W	YDR207C	kinase
YMR139W	YDR432W	kinase
YMR139W	YGL144C	kinase
YMR139W	YIL082WA	kinase
YMR139W	YJR094C	kinase
YMR139W	YKL193C	kinase
YMR139W	YMR291W	kinase
YMR139W	YOR028C	kinase
YMR216C	YCL011C	kinase
YMR216C	YDL160C	kinase
YMR216C	YDR432W	kinase
YMR216C	YFR024C-A	kinase
YMR216C	YGL255W	kinase
YMR216C	YGR287C	kinase
YMR216C	YIL082WA	kinase
YMR216C	YJR119C	kinase
YMR216C	YML016C	kinase
YMR216C	YMR114C	kinase
YMR216C	YMR140W	kinase
YMR216C	YNL004W	kinase
YMR216C	YNL112W	kinase
YMR216C	YOR309C	kinase
YMR216C	YPR174C	kinase
YMR277W	YDL140C	phosphatase
YMR291W	YDL115C	kinase
YMR291W	YEL012W	kinase
YMR291W	YER139C	kinase
YMR291W	YGL137W	kinase
YMR291W	YGL210W	kinase
YMR291W	YGR135W	kinase
YMR291W	YKL181W	kinase
YMR291W	YML058W	kinase
YMR291W	YMR139W	kinase
YMR291W	YOR089C	kinase
YMR291W	YOR141C	kinase
YNL020C	YBL007C	kinase
YNL020C	YCR088W	kinase
YNL020C	YGR130C	kinase
YNL020C	YIR006C	kinase
YNL020C	YMR196W	kinase
YNL020C	YNL272C	kinase
YNL025C	YHR084W	kinase
YNL025C	YPL248C	kinase
YNL032W	YBR054W	phosphatase
YNL032W	YDL223C	phosphatase
YNL032W	YGR162W	phosphatase
YNL032W	YKR092C	phosphatase
YNL032W	YLL021W	phosphatase
YNL032W	YMR031C	phosphatase
YNL032W	YPL127C	phosphatase
YNL053W	YBL016W	phosphatase
YNL053W	YHR030C	phosphatase
YNL053W	YML074C	phosphatase
YNL099C	YLL013C	phosphatase
YNL099C	YML016C	phosphatase
YNL099C	YML092C	phosphatase
YNL154C	MAL61	kinase
YNL154C	YAL030W	kinase
YNL154C	YBR021W	kinase
YNL154C	YCL032W	kinase
YNL154C	YDL203C	kinase
YNL154C	YDR208W	kinase
YNL154C	YDR277C	kinase
YNL154C	YDR463W	kinase
YNL154C	YEL062W	kinase
YNL154C	YFL026W	kinase
YNL154C	YFR029W	kinase
YNL154C	YGL008C	kinase
YNL154C	YGL245W	kinase
YNL154C	YGR168C	kinase
YNL154C	YHR135C	kinase
YNL154C	YJL156C	kinase
YNL154C	YJR007W	kinase
YNL154C	YKL091C	kinase
YNL154C	YKL178C	kinase
YNL154C	YKR048C	kinase
YNL154C	YLR410W	kinase
YNL154C	YMR036C	kinase
YNL154C	YMR153W	kinase
YNL154C	YNL189W	kinase
YNL154C	YNL292W	kinase
YNL154C	YNR034W	kinase
YNL154C	YOR047C	kinase
YNL154C	YOR084W	kinase
YNL154C	YOR119C	kinase
YNL154C	YOR153W	kinase
YNL154C	YPR075C	kinase
YNL161W	YBL069W	kinase
YNL161W	YBR169C	kinase
YNL161W	YCL051W	kinase
YNL161W	YDR132C	kinase
YNL161W	YDR293C	kinase
YNL161W	YER032W	kinase
YNL161W	YER036C	kinase
YNL161W	YER067W	kinase
YNL161W	YER124C	kinase
YNL161W	YFL010C	kinase
YNL161W	YFL034C-B	kinase
YNL161W	YGL210W	kinase
YNL161W	YHR102W	kinase
YNL161W	YIL016W	kinase
YNL161W	YIL129C	kinase
YNL161W	YKR079C	kinase
YNL161W	YLR131C	kinase
YNL161W	YNL161W	kinase
YNL161W	YNL272C	kinase
YNL161W	YOL070C	kinase
YNL183C	YDL126C	kinase
YNL183C	YDL173W	kinase
YNL183C	YEL053C	kinase
YNL183C	YER027C	kinase
YNL183C	YER074W	kinase
YNL183C	YER087W	kinase
YNL183C	YGL023C	kinase
YNL183C	YGL031C	kinase
YNL183C	YGR167W	kinase
YNL183C	YHL034C	kinase
YNL183C	YKL181W	kinase
YNL183C	YKR039W	kinase
YNL183C	YLL018C	kinase
YNL183C	YLR257W	kinase
YNL183C	YNL148C	kinase
YNL183C	YNL183C	kinase
YNL183C	YOL066C	kinase
YNL183C	YPL077C	kinase
YNL183C	YPL239W	kinase
YNL183C	YPR135W	kinase
YNL201C	YDR285W	phosphatase
YNL222W	YDL140C	phosphatase
YNL289W	YDL225W	kinase
YNL289W	YEL009C	kinase
YNL289W	YLR079W	kinase
YNL289W	YOR171C	kinase
YNL298W	YAL024C	kinase
YNL298W	YAL041W	kinase
YNL298W	YBR031W	kinase
YNL298W	YBR160W	kinase
YNL298W	YBR200W	kinase
YNL298W	YBR252W	kinase
YNL298W	YCR002C	kinase
YNL298W	YDL223C	kinase
YNL298W	YDR309C	kinase
YNL298W	YDR507C	kinase
YNL298W	YEL029C	kinase
YNL298W	YGR008C	kinase
YNL298W	YGR200C	kinase
YNL298W	YHR061C	kinase
YNL298W	YHR107C	kinase
YNL298W	YJL070C	kinase
YNL298W	YJL187C	kinase
YNL298W	YJR076C	kinase
YNL298W	YJR082C	kinase
YNL298W	YKL023W	kinase
YNL298W	YKL101W	kinase
YNL298W	YKL129C	kinase
YNL298W	YLR229C	kinase
YNL298W	YLR314C	kinase
YNL298W	YMR055C	kinase
YNL298W	YMR232W	kinase
YNL298W	YMR295C	kinase
YNL307C	YAL038W	kinase
YNL307C	YCR034W	kinase
YNL307C	YDL150W	kinase
YNL307C	YDL223C	kinase
YNL307C	YDL226C	kinase
YNL307C	YDR207C	kinase
YNL307C	YFL014W	kinase
YNL307C	YFR015C	kinase
YNL307C	YGL019W	kinase
YNL307C	YGL144C	kinase
YNL307C	YGL197W	kinase
YNL307C	YGR001C	kinase
YNL307C	YGR054W	kinase
YNL307C	YGR140W	kinase
YNL307C	YHR030C	kinase
YNL307C	YHR052W	kinase
YNL307C	YIL033C	kinase
YNL307C	YJL164C	kinase
YNL307C	YJL165C	kinase
YNL307C	YJR076C	kinase
YNL307C	YJR129C	kinase
YNL307C	YKL101W	kinase
YNL307C	YKL159C	kinase
YNL307C	YKL204W	kinase
YNL307C	YLR258W	kinase
YNL307C	YLR335W	kinase
YNL307C	YML100W	kinase
YNL307C	YMR031C	kinase
YNL307C	YMR036C	kinase
YNL307C	YMR273C	kinase
YNL307C	YNL104C	kinase
YNL307C	YNL307C	kinase
YNL307C	YNR014W	kinase
YNL307C	YNR033W	kinase
YNL307C	YOL060C	kinase
YNL307C	YOR028C	kinase
YNL307C	YOR173W	kinase
YNL307C	YOR204W	kinase
YNL307C	YPL155C	kinase
YNL307C	YPR089W	kinase
YNR031C	YDR256C	kinase
YNR031C	YFL023W	kinase
YNR031C	YFL039C	kinase
YNR031C	YGR167W	kinase
YNR031C	YGR287C	kinase
YNR031C	YHL033C	kinase
YNR031C	YHR182W	kinase
YNR031C	YJL019W	kinase
YNR031C	YJL128C	kinase
YNR031C	YKL052C	kinase
YNR031C	YLR006C	kinase
YNR031C	YLR113W	kinase
YNR031C	YLR248W	kinase
YNR031C	YLR287C	kinase
YNR031C	YML074C	kinase
YNR031C	YMR140W	kinase
YNR031C	YMR196W	kinase
YNR031C	YNL243W	kinase
YNR031C	YPR133C	kinase
YNR047W	YKL126W	-
YOL001W	YFL033C	kinase
YOL001W	YFR034C	kinase
YOL001W	YOL001W	kinase
YOL016C	YBR071W	-
YOL016C	YBR087W	-
YOL016C	YBR099C	-
YOL016C	YBR129C	-
YOL016C	YBR220C	-
YOL016C	YCL061C	-
YOL016C	YCR075C	-
YOL016C	YDL143W	-
YOL016C	YDR335W	-
YOL016C	YDR344C	-
YOL016C	YDR416W	-
YOL016C	YEL028W	-
YOL016C	YER119C	-
YOL016C	YER128W	-
YOL016C	YER142C	-
YOL016C	YER154W	-
YOL016C	YER174C	-
YOL016C	YGR205W	-
YOL016C	YGR258C	-
YOL016C	YHR008C	-
YOL016C	YHR104W	-
YOL016C	YIL032C	-
YOL016C	YIL053W	-
YOL016C	YIL167W	-
YOL016C	YJL076W	-
YOL016C	YJL124C	-
YOL016C	YJL175W	-
YOL016C	YJL177W	-
YOL016C	YJL188C	-
YOL016C	YKL142W	-
YOL016C	YKL149C	-
YOL016C	YKL164C	-
YOL016C	YKL167C	-
YOL016C	YLR212C	-
YOL016C	YLR307W	-
YOL016C	YLR370C	-
YOL016C	YMR071C	-
YOL016C	YMR153W	-
YOL016C	YMR154C	-
YOL016C	YNL201C	-
YOL016C	YOR057W	-
YOL016C	YOR264W	-
YOL016C	YPL138C	-
YOL016C	YPL166W	-
YOL016C	YPR036W	-
YOL016C	YPR169W	-
YOL016C	YPR187W	-
YOL045W	YBR177C	kinase
YOL045W	YCL037C	kinase
YOL045W	YDL103C	kinase
YOL045W	YDL110C	kinase
YOL045W	YDL223C	kinase
YOL045W	YDR033W	kinase
YOL045W	YDR256C	kinase
YOL045W	YGR180C	kinase
YOL045W	YHR104W	kinase
YOL045W	YHR214CC	kinase
YOL045W	YIR003W	kinase
YOL045W	YJL138C	kinase
YOL045W	YJR070C	kinase
YOL045W	YKL035W	kinase
YOL045W	YKL127W	kinase
YOL045W	YKL160W	kinase
YOL045W	YLR258W	kinase
YOL045W	YMR031C	kinase
YOL045W	YMR041C	kinase
YOL045W	YMR205C	kinase
YOL045W	YMR260C	kinase
YOL045W	YNL117W	kinase
YOL045W	YNL121C	kinase
YOL045W	YNL135C	kinase
YOL045W	YNL173C	kinase
YOL045W	YNL317W	kinase
YOL045W	YNR033W	kinase
YOL045W	YNR064C	kinase
YOL045W	YOR184W	kinase
YOL045W	YOR276W	kinase
YOL045W	YOR335C	kinase
YOL045W	YPL077C	kinase
YOL045W	YPR035W	kinase
YOL061W	YBR031W	-
YOL061W	YBR252W	-
YOL061W	YEL029C	-
YOL061W	YGR200C	-
YOL061W	YJR082C	-
YOL061W	YKL023W	-
YOL061W	YKL211C	-
YOL061W	YKR047W	-
YOL061W	YMR146C	-
YOL061W	YNR046W	-
YOL100W	YBL058W	kinase
YOL100W	YBL105C	kinase
YOL100W	YCR052W	kinase
YOL100W	YDL099W	kinase
YOL100W	YDR188W	kinase
YOL100W	YDR382W	kinase
YOL100W	YER139C	kinase
YOL100W	YFL023W	kinase
YOL100W	YGR021W	kinase
YOL100W	YGR078C	kinase
YOL100W	YGR086C	kinase
YOL100W	YGR138C	kinase
YOL100W	YGR167W	kinase
YOL100W	YHL009C	kinase
YOL100W	YHL016C	kinase
YOL100W	YHL024W	kinase
YOL100W	YHR205W	kinase
YOL100W	YIL104C	kinase
YOL100W	YIL105C	kinase
YOL100W	YJL138C	kinase
YOL100W	YJR006W	kinase
YOL100W	YJR070C	kinase
YOL100W	YJR092W	kinase
YOL100W	YJR097W	kinase
YOL100W	YJR112W	kinase
YOL100W	YKL002W	kinase
YOL100W	YKL126W	kinase
YOL100W	YKL181W	kinase
YOL100W	YKR018C	kinase
YOL100W	YLL008W	kinase
YOL100W	YLR060W	kinase
YOL100W	YLR258W	kinase
YOL100W	YML001W	kinase
YOL100W	YML034W	kinase
YOL100W	YMR041C	kinase
YOL100W	YMR048W	kinase
YOL100W	YMR104C	kinase
YOL100W	YMR109W	kinase
YOL100W	YNL027W	kinase
YOL100W	YOL082W	kinase
YOL100W	YOR117W	kinase
YOL100W	YOR173W	kinase
YOL100W	YOR260W	kinase
YOL100W	YPL004C	kinase
YOL100W	YPL077C	kinase
YOL100W	YPL133C	kinase
YOL100W	YPR083W	kinase
YOL113W	YBR177C	-
YOL113W	YBR252W	-
YOL113W	YEL029C	-
YOL113W	YGR200C	-
YOL113W	YJR025C	-
YOL113W	YJR082C	-
YOL113W	YKL211C	-
YOL113W	YKR047W	-
YOL113W	YNR046W	-
YOL128C	YBL058W	kinase
YOL128C	YER009W	kinase
YOL128C	YER087W	kinase
YOL128C	YER174C	kinase
YOL128C	YGL144C	kinase
YOL128C	YHR030C	kinase
YOL128C	YIL033C	kinase
YOL128C	YJR047C	kinase
YOL128C	YJR109C	kinase
YOL128C	YKL181W	kinase
YOL128C	YLR258W	kinase
YOL128C	YMR041C	kinase
YOL128C	YMR139W	kinase
YOL128C	YNL027W	kinase
YOL128C	YPL201C	kinase
YOR014W	YFR029W	phosphatase
YOR039W	YBR160W	kinase
YOR039W	YDL020C	kinase
YOR039W	YDR005C	kinase
YOR039W	YDR043C	kinase
YOR039W	YDR054C	kinase
YOR039W	YDR168W	kinase
YOR039W	YDR397C	kinase
YOR039W	YDR496C	kinase
YOR039W	YER027C	kinase
YOR039W	YER089C	kinase
YOR039W	YER159C	kinase
YOR039W	YHL020C	kinase
YOR039W	YJR007W	kinase
YOR039W	YJR093C	kinase
YOR039W	YKL112W	kinase
YOR039W	YKR048C	kinase
YOR039W	YLR079W	kinase
YOR039W	YML074C	kinase
YOR039W	YNL030W	kinase
YOR039W	YOL139C	kinase
YOR039W	YOR057W	kinase
YOR039W	YOR119C	kinase
YOR039W	YOR254C	kinase
YOR061W	YBR143C	kinase
YOR061W	YBR160W	kinase
YOR061W	YDL020C	kinase
YOR061W	YDL081C	kinase
YOR061W	YDL099W	kinase
YOR061W	YDL130W	kinase
YOR061W	YDR005C	kinase
YOR061W	YDR043C	kinase
YOR061W	YDR054C	kinase
YOR061W	YDR135C	kinase
YOR061W	YDR168W	kinase
YOR061W	YDR346C	kinase
YOR061W	YDR382W	kinase
YOR061W	YDR397C	kinase
YOR061W	YDR496C	kinase
YOR061W	YER027C	kinase
YOR061W	YER089C	kinase
YOR061W	YER148W	kinase
YOR061W	YER159C	kinase
YOR061W	YER161C	kinase
YOR061W	YER164W	kinase
YOR061W	YGR270W	kinase
YOR061W	YHL020C	kinase
YOR061W	YIL035C	kinase
YOR061W	YJL095W	kinase
YOR061W	YJR007W	kinase
YOR061W	YJR093C	kinase
YOR061W	YKL089W	kinase
YOR061W	YKL112W	kinase
YOR061W	YKL160W	kinase
YOR061W	YKR048C	kinase
YOR061W	YKR092C	kinase
YOR061W	YLR079W	kinase
YOR061W	YLR309C	kinase
YOR061W	YLR399C	kinase
YOR061W	YML074C	kinase
YOR061W	YMR036C	kinase
YOR061W	YMR109W	kinase
YOR061W	YMR281W	kinase
YOR061W	YNL030W	kinase
YOR061W	YNL088W	kinase
YOR061W	YNL189W	kinase
YOR061W	YOL039W	kinase
YOR061W	YOL054W	kinase
YOR061W	YOL139C	kinase
YOR061W	YOR057W	kinase
YOR061W	YOR119C	kinase
YOR061W	YOR254C	kinase
YOR061W	YPR041W	kinase
YOR090C	YBR160W	phosphatase
YOR090C	YML093W	phosphatase
YOR119C	YBR176W	kinase
YOR119C	YDR257C	kinase
YOR119C	YFR034C	kinase
YOR119C	YGL019W	kinase
YOR119C	YGL137W	kinase
YOR119C	YIL070C	kinase
YOR119C	YKR021W	kinase
YOR119C	YMR165C	kinase
YOR119C	YMR260C	kinase
YOR119C	YOR198C	kinase
YOR119C	YPL146C	kinase
YOR119C	YPR036W	kinase
YOR119C	YPR082C	kinase
YOR208W	YBL016W	phosphatase
YOR208W	YHR030C	phosphatase
YOR208W	YLR113W	phosphatase
YOR208W	YNL307C	phosphatase
YOR231W	YDL048C	kinase
YOR231W	YDR087C	kinase
YOR231W	YDR203W	kinase
YOR231W	YDR374C	kinase
YOR231W	YDR432W	kinase
YOR231W	YER139C	kinase
YOR231W	YFL010C	kinase
YOR231W	YFL023W	kinase
YOR231W	YGR021W	kinase
YOR231W	YGR097W	kinase
YOR231W	YGR167W	kinase
YOR231W	YGR202C	kinase
YOR231W	YHR030C	kinase
YOR231W	YJL020C	kinase
YOR231W	YJL095W	kinase
YOR231W	YJR062C	kinase
YOR231W	YJR092W	kinase
YOR231W	YKL181W	kinase
YOR231W	YLL008W	kinase
YOR231W	YLL021W	kinase
YOR231W	YLR060W	kinase
YOR231W	YLR287C	kinase
YOR231W	YNL052W	kinase
YOR231W	YNL053W	kinase
YOR231W	YOL082W	kinase
YOR231W	YOR042W	kinase
YOR231W	YOR208W	kinase
YOR231W	YPL140C	kinase
YOR231W	YPL201C	kinase
YOR233W	YAL047C	kinase
YOR233W	YIL033C	kinase
YOR233W	YJR053W	kinase
YOR233W	YKR054C	kinase
YOR233W	YMR055C	kinase
YOR267C	YOR267C	kinase
YOR351C	YBL050W	kinase
YOR351C	YDL103C	kinase
YOR351C	YDR225W	kinase
YOR351C	YDR256C	kinase
YOR351C	YER133W	kinase
YOR351C	YFL010C	kinase
YOR351C	YFL023W	kinase
YOR351C	YGL017W	kinase
YOR351C	YGL163C	kinase
YOR351C	YGR001C	kinase
YOR351C	YGR078C	kinase
YOR351C	YGR240C	kinase
YOR351C	YGR287C	kinase
YOR351C	YHL024W	kinase
YOR351C	YHR033W	kinase
YOR351C	YIL072W	kinase
YOR351C	YJL138C	kinase
YOR351C	YJR070C	kinase
YOR351C	YJR154W	kinase
YOR351C	YKL052C	kinase
YOR351C	YLR258W	kinase
YOR351C	YLR263W	kinase
YOR351C	YML048W	kinase
YOR351C	YMR041C	kinase
YOR351C	YMR140W	kinase
YOR351C	YNL104C	kinase
YOR351C	YNL117W	kinase
YOR351C	YNR033W	kinase
YOR351C	YNR064C	kinase
YOR351C	YOL082W	kinase
YOR351C	YOR335C	kinase
YOR351C	YPL077C	kinase
YOR351C	YPL194W	kinase
YOR351C	YPR035W	kinase
YOR367W	YDL140C	phosphatase
YPL026C	YCR016W	-
YPL026C	YDL194W	-
YPL026C	YDR516C	-
YPL026C	YGR200C	-
YPL026C	YKL023W	-
YPL026C	YKL210W	-
YPL026C	YKL211C	-
YPL026C	YKR080W	-
YPL026C	YPL171C	-
YPL031C	YAL041W	kinase
YPL031C	YBL047C	kinase
YPL031C	YDL127W	kinase
YPL031C	YDL173W	kinase
YPL031C	YDL179W	kinase
YPL031C	YDL225W	kinase
YPL031C	YDR028C	kinase
YPL031C	YDR146C	kinase
YPL031C	YDR293C	kinase
YPL031C	YDR328C	kinase
YPL031C	YDR379W	kinase
YPL031C	YDR388W	kinase
YPL031C	YDR477W	kinase
YPL031C	YEL009C	kinase
YPL031C	YER059W	kinase
YPL031C	YER133W	kinase
YPL031C	YFL033C	kinase
YPL031C	YFR015C	kinase
YPL031C	YFR034C	kinase
YPL031C	YGL013C	kinase
YPL031C	YGL134W	kinase
YPL031C	YGL180W	kinase
YPL031C	YGR233C	kinase
YPL031C	YHL027W	kinase
YPL031C	YHR042W	kinase
YPL031C	YHR071W	kinase
YPL031C	YIL038C	kinase
YPL031C	YIL050W	kinase
YPL031C	YIL084C	kinase
YPL031C	YJL084C	kinase
YPL031C	YJR072C	kinase
YPL031C	YKL052C	kinase
YPL031C	YKL185W	kinase
YPL031C	YLR079W	kinase
YPL031C	YLR190W	kinase
YPL031C	YLR258W	kinase
YPL031C	YLR410W	kinase
YPL031C	YMR165C	kinase
YPL031C	YMR311C	kinase
YPL031C	YNL027W	kinase
YPL031C	YNL233W	kinase
YPL031C	YNL289W	kinase
YPL031C	YOL001W	kinase
YPL031C	YOR032C	kinase
YPL031C	YOR083W	kinase
YPL031C	YOR171C	kinase
YPL031C	YOR175C	kinase
YPL031C	YOR348C	kinase
YPL031C	YPL049C	kinase
YPL031C	YPL219W	kinase
YPL031C	YPL256C	kinase
YPL031C	YPR160W	kinase
YPL042C	YAL040C	kinase
YPL042C	YCR084C	kinase
YPL042C	YDL005C	kinase
YPL042C	YDL140C	kinase
YPL042C	YDR443C	kinase
YPL042C	YDR507C	kinase
YPL042C	YEL009C	kinase
YPL042C	YGL019W	kinase
YPL042C	YHR084W	kinase
YPL042C	YHR136C	kinase
YPL042C	YJL056C	kinase
YPL042C	YJL089W	kinase
YPL042C	YJR060W	kinase
YPL042C	YKL043W	kinase
YPL042C	YLR399C	kinase
YPL042C	YML123C	kinase
YPL042C	YMR037C	kinase
YPL042C	YMR196W	kinase
YPL042C	YNL025C	kinase
YPL042C	YNL074C	kinase
YPL042C	YOL051W	kinase
YPL042C	YOL070C	kinase
YPL042C	YPL248C	kinase
YPL042C	YPL274W	kinase
YPL042C	YPR070W	kinase
YPL140C	YBL024W	kinase
YPL140C	YGR097W	kinase
YPL140C	YHR030C	kinase
YPL140C	YJL095W	kinase
YPL140C	YLR410W	kinase
YPL140C	YOR231W	kinase
YPL141C	YBR053C	kinase
YPL141C	YDR207C	kinase
YPL141C	YEL012W	kinase
YPL141C	YEL037C	kinase
YPL141C	YFL010C	kinase
YPL141C	YGR017W	kinase
YPL141C	YGR125W	kinase
YPL141C	YJL138C	kinase
YPL141C	YJR047C	kinase
YPL141C	YJR062C	kinase
YPL141C	YJR097W	kinase
YPL141C	YJR154W	kinase
YPL141C	YKL127W	kinase
YPL141C	YKL208W	kinase
YPL141C	YLR175W	kinase
YPL141C	YLR257W	kinase
YPL141C	YLR258W	kinase
YPL141C	YML013W	kinase
YPL141C	YML028W	kinase
YPL141C	YMR031C	kinase
YPL141C	YMR139W	kinase
YPL141C	YMR311C	kinase
YPL141C	YNL027W	kinase
YPL141C	YNL076W	kinase
YPL141C	YNL166C	kinase
YPL141C	YOL082W	kinase
YPL141C	YOR260W	kinase
YPL141C	YOR276W	kinase
YPL141C	YPL137C	kinase
YPL141C	YPL201C	kinase
YPL150W	YDR256C	kinase
YPL150W	YDR516C	kinase
YPL150W	YEL029C	kinase
YPL150W	YEL047C	kinase
YPL150W	YGR223C	kinase
YPL150W	YHR183W	kinase
YPL150W	YJR096W	kinase
YPL150W	YLR285W	kinase
YPL150W	YMR303C	kinase
YPL150W	YOL066C	kinase
YPL150W	YOR014W	kinase
YPL150W	YOR238W	kinase
YPL153C	YAL019W	kinase
YPL153C	YAR002W	kinase
YPL153C	YBL051C	kinase
YPL153C	YBR009C	kinase
YPL153C	YBR010W	kinase
YPL153C	YBR136W	kinase
YPL153C	YBR215W	kinase
YPL153C	YBR247C	kinase
YPL153C	YCL061C	kinase
YPL153C	YCR042C	kinase
YPL153C	YDL003W	kinase
YPL153C	YDL017W	kinase
YPL153C	YDL058W	kinase
YPL153C	YDL101C	kinase
YPL153C	YDL102W	kinase
YPL153C	YDL195W	kinase
YPL153C	YDL220C	kinase
YPL153C	YDL225W	kinase
YPL153C	YDR052C	kinase
YPL153C	YDR076W	kinase
YPL153C	YDR156W	kinase
YPL153C	YDR217C	kinase
YPL153C	YDR304C	kinase
YPL153C	YDR501W	kinase
YPL153C	YER006W	kinase
YPL153C	YER089C	kinase
YPL153C	YER111C	kinase
YPL153C	YER169W	kinase
YPL153C	YER177W	kinase
YPL153C	YGL113W	kinase
YPL153C	YGL133W	kinase
YPL153C	YGL163C	kinase
YPL153C	YGR233C	kinase
YPL153C	YHR030C	kinase
YPL153C	YHR154W	kinase
YPL153C	YIL063C	kinase
YPL153C	YJL041W	kinase
YPL153C	YJL076W	kinase
YPL153C	YJL092W	kinase
YPL153C	YJL115W	kinase
YPL153C	YJL187C	kinase
YPL153C	YJR057W	kinase
YPL153C	YKL054C	kinase
YPL153C	YKL113C	kinase
YPL153C	YKR095W	kinase
YPL153C	YLR176C	kinase
YPL153C	YLR182W	kinase
YPL153C	YLR335W	kinase
YPL153C	YML058W	kinase
YPL153C	YMR001C	kinase
YPL153C	YMR105C	kinase
YPL153C	YMR168C	kinase
YPL153C	YMR190C	kinase
YPL153C	YMR219W	kinase
YPL153C	YNL031C	kinase
YPL153C	YNL102W	kinase
YPL153C	YNL273W	kinase
YPL153C	YNL312W	kinase
YPL153C	YOR033C	kinase
YPL153C	YOR098C	kinase
YPL153C	YOR290C	kinase
YPL153C	YOR372C	kinase
YPL153C	YPL153C	kinase
YPL153C	YPR135W	kinase
YPL179W	YHR097C	phosphatase
YPL179W	YHR136C	phosphatase
YPL179W	YML123C	phosphatase
YPL179W	YPL019C	phosphatase
YPL203W	YAL038W	kinase
YPL203W	YBR028C	kinase
YPL203W	YBR160W	kinase
YPL203W	YBR207W	kinase
YPL203W	YDL065C	kinase
YPL203W	YDR172W	kinase
YPL203W	YER109C	kinase
YPL203W	YFL033C	kinase
YPL203W	YGL116W	kinase
YPL203W	YGL180W	kinase
YPL203W	YGL181W	kinase
YPL203W	YHL020C	kinase
YPL203W	YIL016W	kinase
YPL203W	YIL033C	kinase
YPL203W	YIL107C	kinase
YPL203W	YJL141C	kinase
YPL203W	YJL155C	kinase
YPL203W	YKL038W	kinase
YPL203W	YKL166C	kinase
YPL203W	YLL028W	kinase
YPL203W	YLR377C	kinase
YPL203W	YMR016C	kinase
YPL203W	YMR037C	kinase
YPL203W	YMR072W	kinase
YPL203W	YMR140W	kinase
YPL203W	YMR205C	kinase
YPL203W	YNL198C	kinase
YPL203W	YOL147C	kinase
YPL203W	YOR028C	kinase
YPL203W	YOR140W	kinase
YPL203W	YOR220W	kinase
YPL203W	YPR185W	kinase
YPL204W	YBR019C	kinase
YPL204W	YBR247C	kinase
YPL204W	YCL032W	kinase
YPL204W	YDL110C	kinase
YPL204W	YDR099W	kinase
YPL204W	YDR309C	kinase
YPL204W	YEL029C	kinase
YPL204W	YER106W	kinase
YPL204W	YER175C	kinase
YPL204W	YER177W	kinase
YPL204W	YGL134W	kinase
YPL204W	YGR028W	kinase
YPL204W	YGR200C	kinase
YPL204W	YGR223C	kinase
YPL204W	YHR014W	kinase
YPL204W	YHR043C	kinase
YPL204W	YHR074W	kinase
YPL204W	YIL109C	kinase
YPL204W	YJL051W	kinase
YPL204W	YJR025C	kinase
YPL204W	YJR082C	kinase
YPL204W	YJR103W	kinase
YPL204W	YJR105W	kinase
YPL204W	YJR109C	kinase
YPL204W	YKL110C	kinase
YPL204W	YKL143W	kinase
YPL204W	YKL181W	kinase
YPL204W	YKL210W	kinase
YPL204W	YKR047W	kinase
YPL204W	YKR080W	kinase
YPL204W	YLR182W	kinase
YPL204W	YLR258W	kinase
YPL204W	YLR285W	kinase
YPL204W	YLR301W	kinase
YPL204W	YLR384C	kinase
YPL204W	YMR004W	kinase
YPL204W	YMR153W	kinase
YPL204W	YMR196W	kinase
YPL204W	YMR216C	kinase
YPL204W	YNL027W	kinase
YPL204W	YNL066W	kinase
YPL204W	YNL178W	kinase
YPL204W	YNL192W	kinase
YPL204W	YOL083W	kinase
YPL204W	YOR117W	kinase
YPL204W	YOR141C	kinase
YPL204W	YOR155C	kinase
YPL204W	YOR306C	kinase
YPL204W	YPL061W	kinase
YPL204W	YPL171C	kinase
YPL204W	YPR007C	kinase
YPL204W	YPR008W	kinase
YPL204W	YPR016C	kinase
YPL204W	YPR083W	kinase
YPL204W	YPR145W	kinase
YPL204W	YPR181C	kinase
YPL209C	YBL011W	kinase
YPL209C	YBL095W	kinase
YPL209C	YBR010W	kinase
YPL209C	YBR156C	kinase
YPL209C	YBR260C	kinase
YPL209C	YCR064C	kinase
YPL209C	YDL183C	kinase
YPL209C	YDR098C	kinase
YPL209C	YDR135C	kinase
YPL209C	YDR325W	kinase
YPL209C	YER016W	kinase
YPL209C	YFR046C	kinase
YPL209C	YGL076C	kinase
YPL209C	YGR113W	kinase
YPL209C	YGR130C	kinase
YPL209C	YGR140W	kinase
YPL209C	YGR168C	kinase
YPL209C	YIL010W	kinase
YPL209C	YIL144W	kinase
YPL209C	YIR010W	kinase
YPL209C	YJL013C	kinase
YPL209C	YJR089W	kinase
YPL209C	YKL049C	kinase
YPL209C	YKL052C	kinase
YPL209C	YKL089W	kinase
YPL209C	YKL091C	kinase
YPL209C	YKR037C	kinase
YPL209C	YLL008W	kinase
YPL209C	YLR055C	kinase
YPL209C	YLR248W	kinase
YPL209C	YMR168C	kinase
YPL209C	YMR229C	kinase
YPL209C	YMR235C	kinase
YPL209C	YMR260C	kinase
YPL209C	YNL031C	kinase
YPL209C	YNL246W	kinase
YPL209C	YOR058C	kinase
YPL209C	YOR141C	kinase
YPL209C	YOR288C	kinase
YPL209C	YPL150W	kinase
YPL209C	YPL209C	kinase
YPL256C	YDR103W	kinase
YPL256C	YHL007C	kinase
YPL256C	YJL157C	kinase
YPL256C	YLR079W	kinase
YPL256C	YPL115C	kinase
YPR025C	YDL140C	kinase
YPR025C	YEL009C	kinase
YPR025C	YOR174W	kinase
YPR025C	YPL248C	kinase
YPR054W	YGR223C	-
YPR054W	YJR025C	-
YPR054W	YKL210W	-
YPR054W	YKR047W	-
YPR054W	YNR046W	-
YPR073C	YML074C	phosphatase
YPR106W	YDL103C	kinase
YPR106W	YFL023W	kinase
YPR106W	YGR180C	kinase
YPR106W	YGR210C	kinase
YPR106W	YHL024W	kinase
YPR106W	YJR076C	kinase
YPR106W	YJR154W	kinase
YPR106W	YKR018C	kinase
YPR106W	YKR079C	kinase
YPR106W	YLR060W	kinase
YPR106W	YML001W	kinase
YPR106W	YML048W	kinase
YPR106W	YMR139W	kinase
YPR106W	YNL027W	kinase
YPR106W	YNL064C	kinase
YPR106W	YNL104C	kinase
YPR106W	YNL121C	kinase
YPR106W	YOR027W	kinase
YPR106W	YOR335C	kinase
YPR106W	YPL077C	kinase
YPR106W	YPL124W	kinase
YPR111W	YEL029C	-
YPR111W	YIL106W	-
YPR111W	YKR047W	-
YPR119W	YAL024C	kinase
YPR119W	YAR002W	kinase
YPR119W	YBL007C	kinase
YPR119W	YBL046W	kinase
YPR119W	YBL084C	kinase
YPR119W	YBL101C	kinase
YPR119W	YBR038W	kinase
YPR119W	YBR059C	kinase
YPR119W	YBR102C	kinase
YPR119W	YBR156C	kinase
YPR119W	YCL014W	kinase
YPR119W	YCL019W	kinase
YPR119W	YCR088W	kinase
YPR119W	YDL089W	kinase
YPR119W	YDL173W	kinase
YPR119W	YDL226C	kinase
YPR119W	YDR052C	kinase
YPR119W	YDR097C	kinase
YPR119W	YDR103W	kinase
YPR119W	YDR130C	kinase
YPR119W	YDR146C	kinase
YPR119W	YDR195W	kinase
YPR119W	YDR227W	kinase
YPR119W	YDR239C	kinase
YPR119W	YDR293C	kinase
YPR119W	YDR309C	kinase
YPR119W	YDR310C	kinase
YPR119W	YDR379W	kinase
YPR119W	YDR389W	kinase
YPR119W	YDR409W	kinase
YPR119W	YDR418W	kinase
YPR119W	YDR436W	kinase
YPR119W	YDR439W	kinase
YPR119W	YDR458C	kinase
YPR119W	YDR507C	kinase
YPR119W	YEL032W	kinase
YPR119W	YER032W	kinase
YPR119W	YER088C	kinase
YPR119W	YER093C	kinase
YPR119W	YER114C	kinase
YPR119W	YER120W	kinase
YPR119W	YER129W	kinase
YPR119W	YFL007W	kinase
YPR119W	YGL035C	kinase
YPR119W	YGL090W	kinase
YPR119W	YGL197W	kinase
YPR119W	YGR005C	kinase
YPR119W	YGR092W	kinase
YPR119W	YGR178C	kinase
YPR119W	YGR237C	kinase
YPR119W	YHL007C	kinase
YPR119W	YHL028W	kinase
YPR119W	YHL029C	kinase
YPR119W	YHR016C	kinase
YPR119W	YHR102W	kinase
YPR119W	YHR132W-A	kinase
YPR119W	YHR158C	kinase
YPR119W	YHR159W	kinase
YPR119W	YHR164C	kinase
YPR119W	YHR166C	kinase
YPR119W	YIL024C	kinase
YPR119W	YIL031W	kinase
YPR119W	YIL106W	kinase
YPR119W	YIL112W	kinase
YPR119W	YIL115C	kinase
YPR119W	YIL122W	kinase
YPR119W	YIL153W	kinase
YPR119W	YJL076W	kinase
YPR119W	YJL084C	kinase
YPR119W	YJL095W	kinase
YPR119W	YJL122W	kinase
YPR119W	YJL157C	kinase
YPR119W	YJR059W	kinase
YPR119W	YJR083C	kinase
YPR119W	YKL022C	kinase
YPR119W	YKL052C	kinase
YPR119W	YKL092C	kinase
YPR119W	YKR062W	kinase
YPR119W	YKR089C	kinase
YPR119W	YLL021W	kinase
YPR119W	YLL032C	kinase
YPR119W	YLR018C	kinase
YPR119W	YLR086W	kinase
YPR119W	YLR096W	kinase
YPR119W	YLR131C	kinase
YPR119W	YLR183C	kinase
YPR119W	YLR314C	kinase
YPR119W	YLR353W	kinase
YPR119W	YLR357W	kinase
YPR119W	YLR371W	kinase
YPR119W	YML016C	kinase
YPR119W	YML034W	kinase
YPR119W	YML064C	kinase
YPR119W	YML072C	kinase
YPR119W	YML123C	kinase
YPR119W	YMR001C	kinase
YPR119W	YMR005W	kinase
YPR119W	YMR068W	kinase
YPR119W	YMR086W	kinase
YPR119W	YMR124W	kinase
YPR119W	YMR192W	kinase
YPR119W	YMR255W	kinase
YPR119W	YNL058C	kinase
YPR119W	YNL068C	kinase
YPR119W	YNL074C	kinase
YPR119W	YNL106C	kinase
YPR119W	YNL161W	kinase
YPR119W	YNL233W	kinase
YPR119W	YNL278W	kinase
YPR119W	YNL321W	kinase
YPR119W	YNR039C	kinase
YPR119W	YOL130W	kinase
YPR119W	YOR042W	kinase
YPR119W	YOR083W	kinase
YPR119W	YOR109W	kinase
YPR119W	YOR127W	kinase
YPR119W	YOR178C	kinase
YPR119W	YOR217W	kinase
YPR119W	YOR233W	kinase
YPR119W	YOR372C	kinase
YPR119W	YPL070W	kinase
YPR119W	YPL124W	kinase
YPR119W	YPL153C	kinase
YPR119W	YPL180W	kinase
YPR119W	YPL209C	kinase
YPR119W	YPL242C	kinase
YPR119W	YPR018W	kinase
YPR119W	YPR115W	kinase
YPR119W	YPR141C	kinase
YPR119W	YPR174C	kinase
YPR120C	YBR060C	kinase
YPR120C	YDR285W	kinase
YPR120C	YGL003C	kinase
YPR120C	YGL113W	kinase
YPR120C	YHR118C	kinase
YPR120C	YJL194W	kinase
YPR120C	YKL108W	kinase
YPR120C	YOR058C	kinase
YPR120C	YPL269W	kinase
YPR161C	YDL140C	kinase
YPR161C	YGL058W	kinase
YPR161C	YLR226W	kinase
YPR161C	YML010W	kinase
