YCR065W	YHR099W
YCR065W	YHR040W
YCR065W	tR(UCU)G2
YCR065W	YDRCTy1-2A
YCR065W	YAR009C
YCR065W	YMR324C
YCR065W	YNL134C
YCR065W	YNLCdelta1-3
YCR065W	YHR132C
YCR065W	YLL067C-1
YCR065W	YBLWTy2-1A
YCR065W	YNR032W
YCR065W	YOR069W
YCR065W	YLR192C
YCR065W	YHR108W
YCR065W	YLR035C-A-1
YCR065W	YNR076W
YCR065W	YCR036W
YCR065W	YBL033C
YCR065W	YGR118W
YCR065W	YNR075W
YCR065W	YMR230W
YCR065W	YGR075C
YCR065W	YNL129W
YCR065W	YPR035W
YCR065W	YLL066C-0
YCR065W	YDR523C
YCR065W	YNL338W
YCR065W	YHL010C
YCR065W	YDR267C
YCR065W	YNL108C
YCR065W	YDR088C
YCR065W	YHR149C
YCR065W	YLR460C-1
YCR065W	YPR074C
YCR065W	YLR025W
YCR065W	YHR139C-A
YCR065W	YML133C-1
YCR065W	YPR049C
YCR065W	YHL050C
YCR065W	YGR287C
YCR065W	YNR058W
YCR065W	YDR275W
YCR065W	YCR027C
YCR065W	YPR002C-A
YCR065W	YGL215W
YCR065W	YNLCdelta1-1
YCR065W	YMR165C
YCR065W	YNL339C
YCR065W	YIL090W
YCR065W	YOLWtau1-1
YCR065W	YER060W-A
YCR065W	YBLWdelta10
YCR065W	YPL283C-0
YCR065W	YJL197W
YCR065W	YMR308C
YCR065W	YLR037C-0
YCR065W	YDR501W
YCR065W	YGR105W
YCR065W	YLR205C
YCR065W	YML133C-0
YCR065W	YBR035C
YCR065W	YERWdelta21-2
YCR065W	YKLWdelta7
YCR065W	YNLCdelta1-2
YCR065W	YDL160C
YCR065W	YPR108W
YCR065W	YBRCdelta14
YCR065W	YPR045C
YCR065W	YHL046C
YCR065W	YDR262W
YCR065W	YELCdelta4
YCR065W	YMR171C
YCR065W	YDL108W
YCR065W	YDR322W
YCR065W	YNR054C-1
YCR065W	YILWTy3-1A
YCR065W	YGR156W
YCR065W	YNL079C
YCR065W	YOL119C
YCR065W	YGR170W
YCR065W	YERWdelta17
YCR065W	YDR160W
YCR065W	YPL029W
YCR065W	YDR143C
YCR065W	YOR058C-0
YCR065W	YGR254W
YCR065W	YIL124W
YCR065W	YOR070C-1
YCR065W	YOLWdelta6
YCR065W	YIL119C-1
YCR065W	YPL056C
YCR065W	YBL023C
YCR065W	YDL168W
YCR065W	YNL294C
YCR065W	tV(AAC)L
YCR065W	YDR245W
YCR065W	YGL210W
YCR065W	tL(CAA)G1
YCR065W	YNR016C-0
YCR065W	YBLCsigma1
YCR065W	YHR138C
YCR065W	YNR071C
YCR065W	YKLCdelta6
YCR065W	YDR297W
YCR065W	YOR065W
YCR065W	YPRCdelta22
YCR065W	YLR228C-0
YCR065W	YDL186W
YCR065W	YHL025W
YCR065W	YLR072W
YCR065W	YMR325W
YCR065W	YBLWTy2-1B
YCR065W	YGL161C
YCR065W	YLR160C-1
YCR065W	YPL283C-1
YCR065W	YGR250C-1
YCR065W	YOR018W
YCR065W	YPL280W
YCR065W	YLL066C-1
YCR065W	YAR062W
YCR065W	YAR035W
YCR065W	YKL070W
YCR065W	YKR095W
YCR065W	YAR019C-1
YCR065W	YHL049C-0
YCR065W	YERWdelta21
YCR065W	YOL015W
YCR065W	YBL071C
YCR065W	YIL091C
YCR065W	YLR089C
YCR065W	YAL040C
YCR065W	YHR113W
YCR065W	YOR067C
YCR065W	YIL177C-0
YCR065W	YEL059W
YCR065W	YCL052C
YCR065W	YDL215C
YCR065W	YJL107C
YCR065W	YKL162C-A-0
YCR065W	YDL032W
YCR065W	YDL130W-A
YCR065W	YOR226C
YCR065W	YOR144C
YCR065W	YDL089W
YCR065W	YDR026C
YCR065W	tT(AGU)N1
YCR065W	YAR019C-0
YCR065W	YPR010C
YCR065W	YOL152W
YCR065W	YHL040C
YCR065W	YGR165W
YCR065W	YGL218W
YCR065W	YOR390W
YCR065W	YCL058C
YCR065W	YNL032W
YCR065W	YPR013C-0
YCR065W	YNL013C
YCR065W	YDR527W-0
YCR065W	YBR231C
YCR065W	YNL271C
YCR065W	YDL003W
YCR065W	YDL012C
YCR065W	YBR107C
YCR065W	YDR082W
YCR065W	YJRWdelta14
YCR065W	YHR062C
YCR065W	YBR253W
YCR065W	YLL014W
YCR065W	YDL025C
YCR065W	YGL223C
YCR065W	YDL245C-1
YCR065W	YPL171C
YCR065W	tI(AAU)I1
YCR065W	YNL113W
YCR065W	YDR070C
YCR065W	YIL145C
YCR065W	YJL155C
YCR065W	YJR156C
YCR065W	YER022W
YCR065W	YOR191W
YCR065W	YBL093C
YCR065W	YOR071C
YCR065W	YERWdelta22
YCR065W	YDL181W
YCR065W	YOR133W
YCR065W	YOLWdelta10-0
YCR065W	YIL164C-0
YCR065W	YDL248W-0
YCR065W	YDL142C
YCR065W	YGL147C
YCR065W	YGL157W
YCR065W	YEL061C
YCR065W	YHR107C
YCR065W	YPR083W
YCR065W	YDRCTy1-2C
YCR065W	YOR254C
YCR065W	YNL311C
YCR065W	YIR040C
YCR065W	YLR004C
YCR065W	YDR039C
YCR065W	YPL178W
YCR065W	YPL277C
YCR065W	YIL089W
YCR065W	YDL110C
YCR065W	tV(AAC)G3-0
YCR065W	YDR132C
YCR065W	YGL211W
YCR065W	YLR332W-1
YCR065W	YGR148C
YCR065W	YPL281C
YCR065W	YDRCTy1-2D
YCR065W	YOR307C
YCR065W	YDL175C
YCR065W	YPL156C
YCR065W	YML067C
YCR065W	YDR277C
YCR065W	YNL094W
YCR065W	YDR411C
YCR065W	YDL223C
YCR065W	tF(GAA)G
YCR065W	YPL161C
YCR065W	YOR354C-0
YCR065W	YCL044C
YCR065W	YMR247C
YCR065W	YNL041C
YCR065W	YCR018C-A
YCR065W	YPL052W
YCR065W	YGL124C
YCR065W	YDR268W
YCR065W	YDR038C
YCR065W	YIL112W
YCR065W	YPL282C
YCR065W	YPL152W
YCR065W	YML131W
YCR065W	YGL194C
YCR065W	YOR076C
YCR065W	YMR201C
YCR065W	YGL034C-1
YCR065W	YDL088C
YCR065W	YLR460C-0
YCR065W	YORWdelta22
YCR065W	YCR073W-A
YCR065W	YOL136C
YCR065W	YMR233W
YCR065W	YBR007C-0
YCR065W	YPL217C
YCR065W	YDR286C
YCR065W	YJL199C
YCR065W	YNL131W
YCR065W	YKL148C
YCR065W	YERCdelta24
YCR065W	YIR028W
YCR065W	YOL060C
YCR065W	YDL169C
YCR065W	YER107C
YCR065W	YDR472W
YCR065W	SNR59
YCR065W	YOR008C
YDR501W	YNR048W
YDR501W	YDL142C
YDR501W	YGR197C
YDR501W	YBR273C
YDR501W	YNR057C
YDR501W	YGL114W
YDR501W	YEL059W
YDR501W	YGL192W
YDR501W	YNR031C
YDR501W	YHL018W
YDR501W	YDL128W
YDR501W	YDR062W
YDR501W	YGL196W
YDR501W	YHL025W
YDR501W	YDRCTy1-2B
YDR501W	YOR350C
YDR501W	YLR035C-A-1
YDR501W	YDR167W
YDR501W	YFR055W-0
YDR501W	YDL177C
YDR501W	YDR421W
YDR501W	YER099C
YDR501W	YBR187W
YDR501W	YNR039C
YDR501W	YGR098C
YDR501W	YMR230W
YDR501W	YBR261C
YDR501W	YBL034C
YDR501W	YDR311W
YDR501W	tN(GUU)N1
YDR501W	YHL009C
YDR501W	YGR111W
YDR501W	YDR228C
YDR501W	YIL020C
YDR501W	YCL046W
YDR501W	tV(AAC)E1
YDR501W	YDL216C
YDR501W	YPL244C
YDR501W	YDR328C
YDR501W	YBR229C
YDR501W	YNLCdelta1-1
YDR501W	YGL160W
YDR501W	YHR058C
YDR501W	YDR004W
YDR501W	YDL108W
YDR501W	YIR031C
YDR501W	YGR147C
YDR501W	YGR247W
YDR501W	YDL113C
YDR501W	YDL197C
YDR501W	YMR255W
YDR501W	YBR221C
YDR501W	YIL049W
YDR501W	YML001W
YDR501W	YGL096W-1
YDR501W	YFR029W
YDR501W	YDL225W
YDR501W	YER044C
YDR501W	YPL139C
YDR501W	YDR037W
YDR501W	YOL159C
YDR501W	YDR283C
YDR501W	YDL083C
YDR501W	YDR544C
YDR501W	YHR106W
YDR501W	YOR327C
YDR501W	YLR114C
YDR501W	YHR042W
YDR501W	YPR128C
YDR501W	YER060W-A
YDR501W	YGL051W
YDR501W	YGR156W
YDR501W	YBR094W
YDR501W	YDL120W
YDR501W	SNR68
YDR501W	YOR266W
YDR501W	YBR293W
YDR501W	YER032W
YDR501W	YCR036W
YDR501W	YHR136C
YDR501W	YGLWomega1-0
YDR501W	YGR246C
YDR501W	YDR112W
YDR501W	YMR110C
YDR501W	YPR046W
YDR501W	YDR110W
YDR501W	YPR130C
YDR501W	YBR103W
YDR501W	YDRCTy1-2A
YDR501W	YIL108W
YDR501W	YOL137W
YDR501W	YDR077W
YDR501W	YPR133C
YDR501W	YDR300C
YDR501W	YOR197W
YDR501W	YHL012W
YDR501W	YBL026W
YDR501W	YDL090C
YDR501W	YJR041C
YDR501W	YOR063W
YDR501W	YLR089C
YDR501W	YILWTy3-1A
YDR501W	YDR423C
YDR501W	YARCdelta8-3
YDR501W	YDL175C
YDR501W	YIL001W
YDR501W	YNL262W
YDR501W	YPL189W
YDR501W	YFR048W
YDR501W	YFL012W
YDR501W	YDL114W
YDR501W	YDL089W
YDR501W	YIL131C
YDR501W	YBLWTy2-1A
YDR501W	YIR037W
YDR501W	YHR001W-A
YDR501W	YDR473C-0
YDR501W	YNR061C
YDR501W	YNR010W
YDR501W	YER178W
YDR501W	YGR158C
YDR501W	tN(GUU)G
YDR501W	YER162C
YDR501W	YKL087C
YDR501W	tT(UGU)P
YDR501W	YAR009C
YDR501W	YML133C-1
YDR501W	YGL115W
YDR501W	YFL034C-A
YDR501W	YDR030C
YDR501W	YNL256W
YDR501W	YAL044C
YDR501W	YBR171W
YDR501W	YDR234W
YDR501W	YDR303C
YDR501W	YER103W
YDR501W	YHR184W
YDR501W	YBR042C
YDR501W	YEL009C
YDR501W	YPL045W
YDR501W	YDR213W
YDR501W	YLL067C-1
YDR501W	YPR045C
YDR501W	YCR066W
YDR501W	YER101C
YDR501W	YGRCdelta25
YDR501W	YPR035W
YDR501W	YPRWdelta16
YDR501W	YDL150W
YDR501W	YGR036C
YDR501W	YGL186C
YDR501W	YNL292W
YDR501W	YGR048W
YDR501W	YCR030C
YDR501W	YOL044W
YDR501W	YJL050W
YDR501W	YER034W
YDR501W	YDR525W-A
YDR501W	YLR214W
YDR501W	YLR038C
YDR501W	YER025W
YDR501W	YNL113W
YDR501W	YJR059W
YDR501W	YER157W
YDR501W	YER006W
YDR501W	YER139C
YDR501W	YDL191W
YDR501W	YBR286W
YDR501W	YDR378C
YDR501W	YAL058C-A
YDR501W	YBL011W
YDR501W	YER082C
YDR501W	YBR285W
YDR501W	YJL031C
YDR501W	YDL070W
YDR501W	YNL152W
YDR501W	tG(GCC)D1
YDR501W	YER046W
YDR501W	YGR069W
YDR501W	YJL175W
YDR501W	YNRCdelta9
YDR501W	YDR219C
YDR501W	YDL160C
YDR501W	YPR071W
YDR501W	YHR143W-A
YDR501W	YDR286C
YDR501W	YBR072W
YDR501W	YOL069W
YDR501W	YAL039C-0
YDR501W	YDL231C
YDR501W	YOR030W
YDR501W	YER089C
YDR501W	YDL107W
YDR501W	YGR261C
YDR501W	YPL031C
YDR501W	YNL337W
YDR501W	YBR064W
YDR501W	YOL161C-1
YDR501W	YKR067W
YDR501W	YDR185C
YDR501W	YBL020W
YDR501W	YNR063W
YDR501W	YDR183W
YDR501W	YIL021W
YDR501W	YIL123W
YDR501W	YDL218W
YDR501W	tV(AAC)L
YDR501W	YBR160W
YDR501W	YKL109W
YDR501W	YFL021W-0
YDR501W	YHR147C
YDR501W	YAR035W
YIL122W	YIR024C
YIL122W	YKL048C
YIL122W	YBR039W
YIL122W	YFL039C
YIL122W	YGR156W
YIL122W	YBR244W
YIL122W	YER002W
YIL122W	YIL076W
YIL122W	YIL037C
YIL122W	YHR004C
YIL122W	YDL217C
YIL122W	YDR528W
YIL122W	YBL022C
YIL122W	YKL098W
YIL122W	YBL008W
YIL122W	YOL096C
YIL122W	YGR098C
YIL122W	YKL009W
YIL122W	YOL105C
YIL122W	YDR010C
YIL122W	YOL035C
YIL122W	YPR107C
YIL122W	YKR010C
YIL122W	YJL050W
YIL122W	YPL269W
YIL122W	YBR247C
YIL122W	YJL081C
YIL122W	YBL002W
YIL122W	YBR160W
YIL122W	YHLComega1
YIL122W	YLR392C
YIL122W	YJLWdelta16
YIL122W	IntQ0280D
YIL122W	YIR004W
YIL122W	YGR015C
YIL122W	YBL099W
YIL122W	YKL057C
YIL122W	YOL042W
YIL122W	YGL101W
YIL122W	YDR104C
YIL122W	YBR272C
YIL122W	YNR038W
YIL122W	YML069W
YIL122W	YAR008W
YIL122W	YGL094C
YIL122W	YBR134W
YIL122W	YGR188C
YIL122W	YKL090W
YIL122W	Q0180
YIL122W	YBL011W
YIL122W	YDR250C
YIL122W	YBR100W
YIL122W	YGR123C
YIL122W	YGL249W
YIL122W	YNL323W
YIL122W	YNL260C
YIL122W	YLR106C
YIL122W	YGR196C
YIL122W	YDR272W
YIL122W	YCL054W
YIL122W	IntQ0185C
YIL122W	YPL174C
YIL122W	IntQ0185G
YIL122W	YFL007W
YIL122W	YIL058W
YIL122W	YPR009W
YIL122W	YIL016W
YIL122W	YBL007C
YIL122W	YDR131C
YIL122W	YCL065W-1
YIL122W	YPL233W
YIL122W	YBR284W
YIL122W	YOR283W
YIL122W	YBR096W
YIL122W	YGR173W
YIL122W	YDR522C
YIL122W	YDR200C
YIL122W	YGR184C
YIL122W	YCR035C
YIL122W	YPR104C
YIL122W	YDR053W
YIL122W	YBR017C
YIL122W	YBR020W
YIL122W	YDL083C
YIL122W	YGR165W
YIL122W	YHR090C
YIL122W	YNL134C
YIL122W	YGR118W
YIL122W	YGR116W
YIL122W	YDR168W
YIL122W	CEN8
YIL122W	YDR255C
YIL122W	YBR019C
YIL122W	YIL070C
YIL122W	YKR024C
YIL122W	YHL022C
YIL122W	YIL035C
YIL122W	YOL021C
YIL122W	YGR161C-1
YIL122W	YOL138C
YIL122W	YDR473C-0
YIL122W	YMR100W
YIL122W	YGL015C
YIL122W	YGL014W
YMR016C	YAR009C
YMR016C	YNR076W
YMR016C	YPR035W
YMR016C	YNLCdelta1-1
YMR016C	YLL066C-1
YMR016C	YDRCTy1-2A
YMR016C	YDRCTy1-2B
YMR016C	YHL049C-0
YMR016C	YLL066C-0
YMR016C	YNL294C
YMR016C	YLR035C-A-1
YMR016C	YLL065W
YMR016C	YBLWTy2-1A
YMR016C	tV(AAC)L
YMR016C	YML133C-0
YMR016C	YOR070C-1
YMR016C	YCR037C
YMR016C	YORWdelta22
YMR016C	YPR013C-0
YMR016C	YLL067C-1
YMR016C	YHR055C
YMR016C	YNR075W
YMR016C	YNL337W
YMR016C	YHRCdelta16-0
YMR016C	YHL049C-1
YMR016C	YPL282C
YMR016C	YMR324C
YMR016C	YFR053C-2
YMR016C	YILWTy3-1A
YMR016C	YPR002C-A
YMR016C	YLR460C-1
YMR016C	YPL283C-1
YMR016C	YPR074C
YMR016C	YEL075C
YMR016C	YKL091C
YMR016C	YNLCdelta1-2
YMR016C	YOR390W
YMR016C	YHL050C
YMR016C	YDL160C
YMR016C	YPL281C
YMR016C	YNL302C
YMR016C	YML133C-1
YMR016C	YGR148C
YMR016C	YNL160W
YMR016C	YNL339C
YMR016C	YHR138C
YMR016C	YOR048C
YMR016C	YHR054C
YMR016C	YDR544C
YMR016C	YLR332W-1
YMR016C	YEL012W
YMR016C	YOL038W
YMR016C	YIL177C-1
YMR016C	YKL157W
YMR016C	YHL025W
YMR016C	YCR018C-A
YMR016C	YPL280W
YMR016C	YIR040C
YMR016C	YHL016C
YMR016C	tQ(UUG)D2
YMR016C	YNL041C
YMR016C	YOR186W
YMR016C	YIR042C
YMR016C	YMR230W
YMR016C	YHR072W
YMR016C	YERWdelta21
YMR016C	YGL256W-0
YMR016C	YKL125W
YMR016C	YNL338W
YMR016C	YNL283C
YMR016C	YPL283C-0
YMR016C	YHR047C-1
YMR016C	YHL046C
YMR016C	YBLWdelta10
YMR016C	YDR527W-0
YMR016C	YGR292W-0
YMR016C	YCR017C
YMR016C	YERWdelta21-2
YMR016C	YGR112W
YMR016C	YGR131W
YMR016C	YIR041W
YMR016C	YML004C
YMR016C	YOR018W
YMR016C	YPR027C
YMR016C	YBLCsigma1
YMR016C	YNLCdelta1-3
YMR016C	YHR098C
YMR016C	YMR323W
YMR016C	YHR201C
YMR016C	YFR055W-1
YMR016C	YDL245C-1
YMR016C	YDR516C
YMR016C	YOR191W
YMR016C	YNR016C-0
YMR016C	tI(AAU)N1
YMR016C	YLR089C
YMR016C	YDR539W-0
YMR016C	YJL225C-1
YMR016C	YHL021C
YMR016C	YLRWdelta15
YMR016C	YOLWtau1-1
YMR016C	YJR102C
YMR016C	YMR192W
YMR016C	tW(CCA)K-0
YMR016C	YAR044W-0
YMR016C	YPL160W
YMR016C	YNL079C
YMR016C	YBLWTy2-1B
YMR016C	YJR156C
YMR016C	YNL018C
YMR016C	YMR205C
YMR016C	YLR461W-1
YMR016C	YGL258W
YMR016C	YILCdelta2
YMR016C	YIRCdelta6-1
YMR016C	YIR027C
YMR016C	YCR024C
YMR016C	YOLWtau1-0
YMR016C	YGL167C
YMR016C	YJR137C
YMR016C	YGRWdelta32
YMR016C	YDR121W
YMR016C	YIR018W-1
YMR016C	YOR130C
YMR016C	YBLWtau1
YMR016C	YOR032C
YMR016C	YOR100C
YMR016C	YLR262C
YMR016C	YOR106W
YMR016C	YDL227C-0
YMR016C	YOR020C-0
YMR016C	YPR049C
YMR016C	YOR351C
YMR016C	YOR172W
YMR016C	YAR019C-1
YMR016C	YOL152W
YMR016C	YJR094C-0
YMR016C	YBR201W-0
YMR016C	YGL124C
YMR016C	YDL246C-1
YMR016C	YOR296W
YMR016C	YIL172C
YMR016C	tV(AAC)G3-0
YMR016C	YGR146C
YMR016C	tK(CUU)J
YMR016C	YDL205C
YMR016C	YKR095W
YMR016C	YOR138C
YMR016C	YOR184W
YMR016C	YHR013C
YMR016C	YNL005C
YMR016C	YMR321C
YMR016C	YGL260W
YMR016C	YHR047C-0
YMR016C	tI(AAU)I1
YMR016C	YJL223C-0
YMR016C	YIL174W-0
YMR016C	YJR005W
YMR016C	YNL100W
YMR016C	YCR027C
YMR016C	YOR038C
YMR016C	YKR105C
YMR016C	YGRWdelta26
YMR016C	YOR086C
YMR016C	YOL133W
YMR016C	YGR244C
YMR016C	tL(CAA)A
YMR016C	YJL173C
YMR016C	YGR286C-0
YMR016C	YGL034C-1
YMR016C	YMR039C
YMR016C	YGR286C-1
YMR016C	YGR132C
YMR016C	YIL156W
YMR016C	YOR307C
YMR016C	YNL289W-1
YMR016C	YOR310C
YMR016C	YKL162C-A-0
YMR016C	YJR055W
YMR016C	YNL151C
YMR016C	YPL150W
YMR016C	YGR087C-0
YMR016C	YJRWdelta20
YMR016C	YMLCdelta1
YMR016C	YGR130C
YMR016C	YCR028C
YMR016C	YEL074W
YMR016C	YDL243C
YMR016C	YOR290C
YMR016C	YNL088W
YMR016C	YJR151C-2
YMR016C	YHR112C
YLR183C	YKL138C
YLR183C	YPR135W
YLR183C	YBL022C
YLR183C	YORCdelta11
YLR183C	tR(UCU)G2
YLR183C	YDL090C
YLR183C	YFR015C
YLR183C	YBR176W
YLR183C	YIL142W
YLR183C	YNL068C
YLR183C	tL(UAA)B2
YLR183C	YBR198C
YLR183C	YGL238W
YLR183C	YDL088C
YLR183C	YOR393W
YLR183C	YNR039C
YLR183C	YBR094W
YLR183C	YNL147W
YLR183C	YGR197C
YLR183C	YPR066W
YLR183C	YHR151C
YLR183C	YMR172C-A
YLR183C	YCL074W
YLR183C	YPL172C
YLR183C	YER010C-0
YLR183C	YJL154C
YLR183C	YGR189C
YLR183C	YPL173W
YLR183C	YBL082C
YLR183C	YGL062W
YLR183C	YOR152C-0
YLR183C	YCR100C
YLR183C	YNL154C
YLR183C	YIL023C
YLR183C	YDR085C
YLR183C	YLR136C
YLR183C	YGR198W
YLR183C	YOL032W
YLR183C	YDR260C
YLR183C	YPL040C
YLR183C	YNL077W
YLR183C	YPL270W
YLR183C	YCL067C
YLR183C	YFR013W
YLR183C	YCR083W
YLR183C	YMR299C
YLR183C	YJL159W
YLR183C	YEL068C
YLR183C	YGR150C
YLR183C	YGL118C
YLR183C	YOR251C
YLR183C	YOR143C
YLR183C	YER039C-A
YLR183C	YKL218C-2
YLR183C	YDL175C
YLR183C	YCR088W
YLR183C	YFR021W
YLR183C	tG(GCC)C
YLR183C	YDL155W
YLR183C	YEL040W
YLR183C	YGR131W
YLR183C	YNL221C
YLR183C	YDR479C
YLR183C	YHR102W
YLR183C	YJR129C
YLR183C	YBR165W
YLR183C	YPR068C
YLR183C	YER072W
YLR183C	YHRCdelta4
YLR183C	YPLWdelta11
YLR183C	YBR161W
YLR183C	YBR235W
YLR183C	YPL207W
YLR183C	YJR061W
YLR183C	YHR163W
YLR183C	YKRCdelta11
YLR183C	tI(AAU)N2
YLR183C	YER147C
YLR183C	YKR041W
YLR183C	YNL071W
YLR183C	YDR080W
YLR183C	YBR042C
YLR183C	YPR065W
YLR183C	YDL178W
YLR183C	YBR278W
YLR183C	YGLWomega1-0
YLR183C	YOL117W
YLR183C	YHL015W
YLR183C	tH(GUG)E1
YLR183C	YLR181C
YLR183C	YBR243C
YLR183C	YBR261C
YLR183C	YPR064W
YLR183C	YHR147C
YLR183C	YBR270C
YLR183C	YLR435W
YLR183C	YIL020C
YLR183C	YPR110C
YLR183C	YFR027W
YLR183C	YKL108W
YLR183C	YBL093C
YLR183C	YNR017W
YLR183C	YKR069W
YLR183C	YJR014W
YLR183C	YER023W
YLR183C	YBRCdelta19
YLR183C	YGL184C
YLR183C	YBL001C
YLR183C	tC(GCA)P1
YLR183C	YPRWsigma2-0
YLR183C	YOR252W
YLR183C	YCL022C
YLR183C	YKL068W
YLR183C	tQ(UUG)E2
YLR183C	YDR031W
YLR183C	YHR063C
YLR183C	YHR084W
YLR183C	YDR315C
YLR183C	SNR42
YLR183C	YKR089C
YLR183C	YBL013W
YLR183C	YNR018W
YLR183C	YBL058W
YLR183C	YER178W
YLR183C	YPR174C
YLR183C	YDR257C
YLR183C	Q0005
YLR183C	YDR487C
YLR183C	YGR215W
YLR183C	YPL083C
YLR183C	YJR151C-0
YLR183C	YDR067C
YLR183C	YBR170C
YLR183C	YML076C
YLR183C	YOL129W
YLR183C	YDR042C
YLR183C	YOR208W
YLR183C	YAR060C
YLR183C	YDL053C
YLR183C	YER106W
YLR183C	YPR139C
YLR183C	YHR020W
YLR183C	YER139C
YLR183C	YOL034W
YLR183C	YHR017W
YLR183C	YFL008W
YLR183C	YMR286W
YLR183C	YFR037C
YLR183C	YBL003C
YLR183C	YER140W
YLR183C	YHR061C
YLR183C	YER055C
YLR183C	YKR043C
YLR183C	YMR266W
YLR183C	YLR084C
YLR183C	YCR028C-A
YLR183C	YNL086W
YLR183C	YER145C
YLR183C	YAL039C-1
YLR183C	YJL071W
YLR183C	YHR083W
YLR183C	YBR082C-1
YLR183C	SNR46
YLR183C	YJL138C
YLR183C	YLL008W
YLR183C	tE(UUC)E1
YLR183C	YPR188C
YLR183C	YER091C
YLR183C	YLR400W
YLR183C	YER031C
YLR183C	YLR383W
YLR183C	YMR140W
YLR183C	YML074C-0
YLR183C	YNL052W
YLR183C	YPLCTy4-1A
YLR183C	YHR185C
YLR183C	YLR249W
YLR183C	YBR067C
YLR183C	YLR072W
YLR183C	YNR036C
YLR183C	YER159C
YLR183C	YOR303W
YLR183C	tH(GUG)H
YLR183C	YAL043C
YLR183C	YGR015C
YLR183C	YJL210W
YLR183C	YPR169W
YLR183C	YOL073C
YLR183C	YGRCTy1-2C
YLR183C	YIL094C
YLR183C	YGR020C
YLR183C	YBL073W
YLR183C	YDR169C-0
YLR183C	YER116C
YLR183C	YDRCTy1-2B
YLR183C	YCR066W
YLR183C	YJR101W
YLR183C	YER104W
YLR183C	YDR089W
YLR183C	YMR275C
YLR183C	YGR154C
YLR183C	YER045C-1
YLR183C	YDR511W
YLR183C	YDR239C
YLR183C	YFR001W
YLR183C	YDR160W
YLR183C	YPL070W
YLR183C	YDR320C
YLR183C	YOLCdelta1
YLR183C	YLR039C
YLR183C	YNR016C-1
YLR183C	21SrRNA1
YLR183C	YLR071C
YLR183C	YLL002W
YLR183C	YER181C
YLR183C	YLL005C
YLR183C	YOR204W
YLR183C	YEL021W
YLR183C	YCL028W
YLR183C	YFL052W
YLR183C	YHR042W
YLR183C	YBR118W
YLR183C	YBL029W
YLR183C	YCL038C
YLR183C	YNL338W
YLR183C	YDL120W
YLR183C	YGL151W
YLR183C	YGL081W
YLR183C	YHR019C
YLR183C	YKR027W
YLR183C	YGR283C
YLR183C	YIL099W
YLR183C	YDR066C
YLR183C	YGL016W
YLR183C	YPL194W
YLR183C	YMR163C
YLR183C	YGL207W
YLR183C	YAL063C-0
YGL096W	YDL247W
YGL096W	YKL060C
YGL096W	YLL067C-1
YGL096W	YER121W
YGL096W	YMR230W
YGL096W	YDL160C
YGL096W	YIL138C
YGL096W	YLL066C-1
YGL096W	YER143W
YGL096W	YPL158C
YGL096W	YLR460C-1
YGL096W	YAR009C
YGL096W	YBLWTy2-1A
YGL096W	YOL077C
YGL096W	YDRCTy1-2A
YGL096W	YBR194W
YGL096W	YPR035W
YGL096W	YILWTy3-1A
YGL096W	SNR45
YGL096W	YNL338W
YGL096W	YNL339C
YGL096W	YPR144C
YGL096W	YERWdelta21
YGL096W	YLR089C
YGL096W	YJL225C-1
YGL096W	YERWdelta21-2
YGL096W	YJR059W
YGL096W	YLL065W
YGL096W	YBR018C
YGL096W	YDR356W
YGL096W	YOL147C
YGL096W	YIL015C-A
YGL096W	YOR354C-0
YGL096W	YLL066C-0
YGL096W	tV(AAC)L
YGL096W	YFR006W
YGL096W	YOR042W
YGL096W	YFL010C
YGL096W	YOR248W
YGL096W	YOR060C
YGL096W	YNL337W
YGL096W	YGL115W
YGL096W	YBR129C
YGL096W	YJR069C
YGL096W	YGL231C
YGL096W	YPR158W
YGL096W	YPL161C
YGL096W	YNLCdelta1-1
YGL096W	YML133C-1
YGL096W	YPR074C
YGL096W	YBR022W
YGL096W	YERWdelta21-1
YGL096W	YIL177C-1
YGL096W	YER136W
YGL096W	YNL062C
YGL096W	YHR060W
YGL096W	tG(GCC)F1
YGL096W	YOL005C
YGL096W	YOL108C
YGL096W	YNR038W
YGL096W	YNL294C
YGL096W	YCR059C
YGL096W	YJR148W
YGL096W	YKL148C
YGL096W	YER013W
YGL096W	YPL283C-1
YGL096W	YBR167C
YGL096W	YJL034W
YGL096W	YNL074C
YGL096W	YDR474C
YGL096W	YBLWdelta10
YGL096W	YNL097C
YGL096W	YHL028W
YGL096W	YDRCTy1-2D
YGL096W	YHL015W
YGL096W	YER100W
YGL096W	YDL058W
YGL096W	YBLWTy2-1B
YGL096W	YER161C
YGL096W	YLR287C-A
YGL096W	YHL046C
YGL096W	YNL052W
YGL096W	YFL034C-A
YGL096W	YLR461W-1
YGL096W	YKL011C
YGL096W	YPL248C
YGL096W	YOR180C
YGL096W	tF(GAA)F
YGL096W	YERWdelta7
YGL096W	YGR018C
YGL096W	YLR290C
YGL096W	YEL075C
YGL096W	YPR002C-A
YGL096W	YDR500C
YGL096W	YDR404C
YGL096W	tD(GUC)D
YGL096W	YPL049C
YGL096W	YPR201W-1
YGL096W	YAR066W
YGL096W	YFL012W
YGL096W	YJR131W
YGL096W	YGLWtau2
YGL096W	YIL063C
YGL096W	YNL324W
YGL096W	YNLCdelta1-2
YGL096W	YDR544C
YGL096W	tN(GUU)G
YGL096W	YJL096W
YGL096W	YHR039C
YGL096W	YHL040C
YGL096W	YDL174C
YGL096W	YJL051W
YGL096W	YBL103C
YGL096W	YNR076W
YGL096W	YDL243C
YGL096W	YDRCTy1-2C
YGL096W	YDR019C
YGL096W	YDL128W
YGL096W	YPL282C
YGL096W	YML133C-0
YGL096W	YGL079W
YGL096W	YGL036W
YGL096W	YOR358W
YGL096W	YPL279C
YGL096W	YELCdelta4
YGL096W	YCL052C
YGL096W	YML078W
YGL096W	YER026C
YGL096W	YCR043C
YGL096W	YPR139C
YGL096W	YHL049C-0
YGL096W	tT(AGU)I1
YGL096W	YBR006W
YGL096W	YGR037C
YGL096W	YPL014W
YGL096W	YIL002C
YGL096W	YJR043C
YGL096W	YDR543C
YGL096W	YNL111C
YGL096W	YOR100C
YGL096W	YPL283C-0
YGL096W	YKR042W
YGL096W	YDL227C-0
YGL096W	LSR1
YGL096W	YNR063W
YGL096W	YOL161C-0
YGL096W	YMR276W
YGL096W	YHR041C
YGL096W	YER027C
YGL096W	YPL115C
YGL096W	YDL223C
YGL096W	YMR113W
YGL096W	YJR033C
YGL096W	YPL197C
YGL096W	YOL073C
YGL096W	YKL058W
YGL096W	YCR026C
YGL096W	YBR234C
YGL096W	YNL234W
YGL096W	YER029C
YGL096W	YGL143C
YGL096W	YMR138W
YGL096W	YMR324C
YGL096W	YDR542W
YGL096W	YIL107C
YGL096W	YOR226C
YGL096W	YOL061W
YGL096W	YCR057C
YGL096W	YNR016C-0
YGL096W	YGR148C
YGL096W	YCL050C
YGL096W	YAL037W
YGL096W	YNL079C
YGL096W	YIL044C
YGL096W	YDL028C
YGL096W	YJR084W
YGL096W	YPR024W
YGL096W	YBLCsigma1
YGL096W	YIL042C
YGL096W	YKL070W
YGL096W	YHR181W
YGL096W	YGR104C
YGL096W	YNR015W
YGL096W	YOR057W
YGL096W	YCR097W
YGL096W	YPR109W
YGL096W	YJL127C
YGL096W	YBR077C
YGL096W	YML132W-1
YGL096W	YNL235C
YGL096W	YGR040W
YGL096W	YGL047W
YGL096W	YAL059W
YGL096W	YHR104W
YGL096W	YNR075W
YGL096W	YFR011C
YGL096W	YOL113W
YGL096W	YPL208W
YGL096W	YHL021C
YGL096W	YDL084W
YGL096W	YPR027C
YGL096W	YEL020C
YGL096W	YMR229C
YGL096W	YDR186C
YGL096W	YLR440C
YGL096W	YGLWdelta6
YGL096W	YKL091C
YGL096W	YNR002C
YGL096W	YDR342C-1
YGL096W	YDL107W
YGL096W	YJLWtau4
YGL096W	tG(GCC)O2
YGL096W	YFR019W
YGL096W	YBRCdelta19
YGL096W	YOR032C
YGL096W	YER031C
YGL096W	YDR201W
YGL096W	YJR088C
YGL096W	YJL110C
YGL096W	YER079W
YGL096W	YLR286C
YGL096W	YLR240W
YGL096W	YHR199C
YGL096W	YMR218C
YGL096W	YOR383C
YGL096W	YML048W
YGL096W	YNL139C
YGL096W	YBLWtau1
YGL096W	YMR146C
YGL096W	YNL032W
YGL096W	YHR066W
YGL096W	YPL109C
YGL096W	YKL223W
YGL096W	tQ(UUG)D2
YGL096W	YJL012C
YOR344C	YCR045C
YOR344C	YAR068W
YOR344C	YKLCdelta6
YOR344C	YBL029W
YOR344C	YNL260C
YOR344C	YKL009W
YOR344C	YBR195C
YOR344C	YDL116W
YOR344C	YBR147W
YOR344C	YGR281W
YOR344C	Q0280F
YOR344C	YBL004W
YOR344C	YDL230W
YOR344C	tT(AGU)H
YOR344C	YJR124C
YOR344C	YPL212C
YOR344C	YIL148W
YOR344C	tN(GUU)N1
YOR344C	YJL139C
YOR344C	YBL022C
YOR344C	YAR008W
YOR344C	YAL061W
YOR344C	Q0185E
YOR344C	YDL085W
YOR344C	YEL004W
YOR344C	YAR002W
YOR344C	YDR042C
YOR344C	YDR131C
YOR344C	YKL219W-1
YOR344C	YNL070W
YOR344C	IntQ0280A
YOR344C	YPR090W
YOR344C	YGL154C
YOR344C	YIL116W
YOR344C	YBL099W
YOR344C	YGR224W
YOR344C	YKL097C
YOR344C	YGL180W
YOR344C	Q0205
YOR344C	YBLCdelta7
YOR344C	YJL217W
YOR344C	CEN2
YOR344C	YDR163W
YOR344C	YMR324C
YOR344C	YDL121C
YOR344C	YOLWdelta6
YOR344C	YMR266W
YOR344C	Q0195
YOR344C	YDL154W
YOR344C	YBR061C
YOR344C	YIR006C
YOR344C	YAR071W
YOR344C	YELCdelta4
YOR344C	YKR056W
YOR344C	YDRWdelta12
YOR344C	YGL230C
YOR344C	CEN5
YIR018W	YDL170W
YIR018W	YBR228W
YIR018W	YER095W
YIR018W	YDR423C
YIR018W	YAR047C-0
YIR018W	YPR035W
YIR018W	YER180C
YIR018W	YLL066C-1
YIR018W	YER183C-0
YIR018W	YOR097C
YIR018W	YDRCTy1-2B
YIR018W	YBLWTy2-1A
YIR018W	YFL022C
YIR018W	YMR230W
YIR018W	YIL003W
YIR018W	YCL069W
YIR018W	YLR035C-A-1
YIR018W	YER094C
YIR018W	YNLCdelta1-1
YIR018W	YMR082C-0
YIR018W	YLR089C
YIR018W	YLR217W
YIR018W	YDR226W
YIR018W	YKL102C
YIR018W	YDR403W
YIR018W	YNLCdelta1-3
YIR018W	YPL209C
YIR018W	YIL015W
YIR018W	YLL067C-1
YIR018W	tT(AGU)O1
YIR018W	YFR021W
YIR018W	YPR074C
YIR018W	YAL061W
YIR018W	YOR107W
YIR018W	YDL160C
YIR018W	YNL337W
YIR018W	YIL066C
YIR018W	YPR172W
YIR018W	YGL154C
YIR018W	YJL225C-1
YIR018W	YFL004W
YIR018W	YIL092W
YIR018W	tH(GUG)M
YIR018W	YHR150W
YIR018W	YGR195W
YIR018W	YILWTy3-1A
YIR018W	tV(AAC)L
YIR018W	YKL100C
YIR018W	YER139C
YIR018W	YFL020C
YIR018W	YLL066C-0
YIR018W	YGR139W
YIR018W	YLR290C
YIR018W	YDRCTy1-2A
YIR018W	YGR194C
YIR018W	YDR271C
YIR018W	YLR267W
YIR018W	YHR102W
YIR018W	YER162C
YIR018W	YNL338W
YIR018W	YNL135C
YIR018W	YBR244W
YIR018W	YHR018C
YIR018W	YERWdelta21-2
YIR018W	YAR009C
YIR018W	tL(UAA)B1
YIR018W	YGR168C
YIR018W	YNR076W
YIR018W	YCR042C
YIR018W	YER182W
YIR018W	YDL076C
YIR018W	YKR041W
YIR018W	YDR300C
YIR018W	YPL282C
YIR018W	YFL060C
YIR018W	YFL045C
YIR018W	YCL037C
YIR018W	YOL129W
YIR018W	YBR036C
YIR018W	YKR090W
YIR018W	YEL024W
YIR018W	YNL092W
YIR018W	YER104W
YIR018W	YERCdelta26
YIR018W	YBR117C
YIR018W	YDR160W
YIR018W	YBL044W
YIR018W	YBR201W-0
YIR018W	YER065C
YIR018W	YNR036C
YIR018W	YBR101C
YIR018W	YCR053W
YIR018W	YDR203W
YIR018W	YERWdelta21
YIR018W	YKL125W
YIR018W	YNLCdelta1-2
YIR018W	YLR460C-1
YIR018W	YOR385W
YIR018W	YDR297W
YIR018W	YAL054C
YIR018W	YMR166C
YIR018W	tR(UCU)M2
YIR018W	YKL101W
YIR018W	YAR014C
YIR018W	YMR276W
YIR018W	YLL065W
YIR018W	YNL281W
YIR018W	YERWdelta21-1
YIR018W	YBL075C
YIR018W	YLR244C
YIR018W	YLR039C
YIR018W	YCR031C
YIR018W	YNL339C
YIR018W	YFR032C
YIR018W	YPL283C-1
YIR018W	YAR028W
YIR018W	YCR022C
YIR018W	Q0065
YIR018W	YOL025W
YIR018W	YKL211C
YIR018W	SNR56
YIR018W	YNL307C
YIR018W	YBLWdelta10
YIR018W	YBR007C-0
YIR018W	YAR064W
YIR018W	YML038C
YIR018W	YBR196C
YIR018W	YLR356W
YIR018W	YPL031C
YIR018W	YCL033C
YIR018W	YML133C-1
YIR018W	YDR372C
YIR018W	YER075C
YIR018W	YBL005W
YIR018W	SNR63
YIR018W	YJL107C
YIR018W	YNR075W
YIR018W	YML097C
YIR018W	YBR199W
YIR018W	YOR198C
YIR018W	YLR460C-0
YIR018W	YMR323W
YIR018W	YOLCdelta3
YIR018W	YER116C
YIR018W	YNL049C
YIR018W	YKL218C-2
YIR018W	YBR110W
YIR018W	YKL020C
YIR018W	YMR056C
YIR018W	YDRCTy1-2D
YIR018W	YJR007W
YDR451C	YIR023W
YDR451C	YHR155W
YDR451C	YBL075C
YDR451C	YDL231C
YDR451C	YDR121W
YDR451C	YPL028W
YDR451C	YDL142C
YDR451C	YPL268W
YDR451C	YPL172C
YDR451C	YPR018W
YDR451C	YLR089C
YDR451C	YOL033W
YDR451C	YBRCdelta18
YDR451C	YHR058C
YDR451C	YLR093C
YDR451C	YCR077C
YDR451C	YJL214W-2
YDR451C	YGR277C
YDR451C	YHL040C
YDR451C	YLR035C-A-1
YDR451C	YNR031C
YDR451C	YJR148W
YDR451C	YER040W
YDR451C	YGR103W
YDR451C	YKL165C
YDR451C	YPL152W
YDR451C	YGR107W
YDR451C	YDR245W
YDR451C	YNL281W
YDR451C	YJL148W
YDR451C	YOL040C
YDR451C	YGL115W
YDR451C	YLL067C-1
YDR451C	YDR286C
YDR451C	YPR093C
YDR451C	YMR230W
YDR451C	YPL270W
YDR451C	YPR035W
YDR451C	YNR063W
YDR451C	YGR072W
YDR451C	tT(CGU)K
YDR451C	YPR056W
YDR451C	YDR215C
YDR451C	YLL066C-1
YDR451C	YPL124W
YDR451C	tK(CUU)D2
YDR451C	YNLCdelta1-1
YDR451C	YBL037W
YDR451C	YLR199C
YDR451C	YGR283C
YDR451C	YBR047W
YDR451C	YDL157C
YDR451C	YPRWdelta14
YDR451C	YDR034W-B
YDR451C	YBL004W
YDR451C	YBR192W
YDR451C	YLL003W
YDR451C	YHR132C
YDR451C	YARCdelta5
YDR451C	YBLWTy2-1A
YDR451C	YGRWdelta31
YDR451C	YER067W
YDR451C	tD(GUC)J1
YDR451C	YPL094C
YDR451C	YBL008W
YDR451C	YDRCTy1-2B
YDR451C	YDR057W
YDR451C	YFR047C
YDR451C	YOL064C
YDR451C	YCR096C
YDR451C	YBR293W
YDR451C	YAR007C
YDR451C	YDR160W
YDR451C	YPR074C
YDR451C	YGR119C
YDR451C	YBL109W-0
YDR451C	YDL147W
YDR451C	YGRWdelta22
YDR451C	YDL165W
YDR451C	YDL167C
YDR451C	YIL110W
YDR451C	YBRCdelta14
YDR451C	YFR007W
YDR451C	YHR077C
YDR451C	YJR014W
YDR451C	YBR236C
YDR451C	YBL091C
YDR451C	YAR009C
YDR451C	YPL067C
YDR451C	YJL116C
YDR451C	YHR160C
YDR451C	YPL269W
YDR451C	YPL274W
YDR451C	YNR027W
YDR451C	YBL071C
YDR451C	YIL160C
YDR451C	YIL088C
YDR451C	YDR356W
YDR451C	YDR169C-1
YDR451C	YIL030C
YDR451C	YHR109W
YDR451C	YDR080W
YDR451C	YGL101W
YDR451C	YNL339C
YDR451C	YLR242C
YDR451C	YER139C
YDR451C	YERWdelta21-2
YDR451C	YGL257C
YDR451C	YPL242C
YDR451C	YBL099W
YDR451C	YJL124C
YDR451C	YER086W
YDR451C	YGL177W-0
YDR451C	YDRCTy1-2A
YDR451C	YDR291W
YDR451C	YJR124C
YDR451C	YMR288W
YDR451C	YGL152C
YDR451C	YOL129W
YDR451C	YLR048W
YDR451C	YHR059W
YDR451C	YDR137W
YDR451C	YGL252C
YDR451C	YDR060W
YDR451C	YFL008W
YDR451C	YNL083W
YDR451C	YLR412W-0
YDR451C	YER076C
YDR451C	YDL170W
YDR451C	YOL061W
YDR451C	YNL085W
YDR451C	YPL197C
YML027W	YBL004W
YML027W	YGR134W
YML027W	YOL112W
YML027W	YDR193W
YML027W	YBL075C
YML027W	YLR022C
YML027W	tL(UAA)B2
YML027W	YHR074W
YML027W	YPL269W
YML027W	YKL081W
YML027W	YCRWomega3
YML027W	YGR133W
YML027W	YBR076W
YML027W	YIL137C
YML027W	YDL219W
YML027W	YER006W
YML027W	YDR013W
YML027W	YPR179C
YML027W	YDR501W
YML027W	YBRCdelta18
YML027W	YDL121C
YML027W	YAL059W
YML027W	YFR010W
YML027W	YHL012W
YML027W	tL(CAA)G3
YML027W	YLR436C
YML027W	YCR024C-A
YML027W	YDL127W
YML027W	YER101C
YML027W	YNL282W
YML027W	YGR069W
YML027W	YFL062W-1
YML027W	YPL119C
YML027W	YDL091C
YML027W	YAR009C
YML027W	YDR011W
YML027W	YER178W
YML027W	YKR092C-1
YML027W	YIL066C
YML027W	YBL032W
YML027W	YJL151C
YML027W	YDRCTy1-2B
YML027W	YIL140W
YML027W	YER183C-0
YML027W	YDRCTy1-2A
YML027W	YNL031C
YML027W	YGR076C
YML027W	YMR131C
YML027W	YER090W
YML027W	YPL056C
YML027W	YDR131C
YML027W	YDL052C
YML027W	YDL122W
YML027W	YOR038C
YML027W	YOR134W
YML027W	YOR388C
YML027W	YGL187C
YML027W	YPR165W
YML027W	YOR380W-0
YML027W	YHR107C
YML027W	YAL034W-A
YML027W	YCR025C
YML027W	YPR109W
YML027W	YIRCdelta6-1
YML027W	YPR095C
YML027W	YBL036C
YML027W	YBL057C
YML027W	tT(UGU)H
YML027W	YDR183W
YML027W	YNL157W
YML027W	YIR029W
YML027W	YHR207C
YML027W	YLR035C-A-1
YML027W	YAL047C
YML027W	YER007W
YML027W	YPL227C
YML027W	YPL144W
YML027W	YPR035W
YML027W	YFL047W
YML027W	YLL066C-1
YML027W	YER010C-1
YML027W	YBLWTy2-1A
YML027W	YDL211C-0
YML027W	CEN13
YML027W	YLL067C-1
YML027W	YHR151C
YML027W	YOR073W
YML027W	YDR112W
YML027W	YPL283C-1
YML027W	YPR151C
YML027W	YGR009C
YML027W	YBR161W
YML027W	YPR170C
YML027W	YGL162W
YML027W	YJL084C
YML027W	YKL052C
YML027W	YDL125C
YML027W	YDL049C
YML027W	YNLCdelta1-1
YML027W	YPL283C-0
YML027W	YPL256C
YML027W	YNL210W
YML027W	tS(AGA)M
YML027W	YPL045W
YML027W	YAL017W
YML027W	YJL223C-1
YML027W	YHL037C
YML027W	YCR073W-A
YML027W	YEL005C
YML027W	YDL209C
YML027W	YDR519W
YML027W	YML057W
YML027W	YLL066C-0
YML027W	YOR376W-0
YML027W	YDR341C
YML027W	YBR048W
YML027W	YLR110C
YML027W	YFRCdelta8
YML027W	YIL115C
YML027W	YOR258W
YML027W	YIRCdelta6-0
YML027W	YMR090W
YML027W	YNL273W
YML027W	YNL339C
YML027W	YAL063C-1
YML027W	YOL139C
YML027W	YNR049C
YML027W	YCRWdelta13
YML027W	YHL001W
YML027W	YLR187W
YML027W	YGR211W
YML027W	YGR267C
YML027W	YBLWdelta10
YML027W	YAL036C
YML027W	SNR4
YML027W	YBR265W
YML027W	YOR308C
YML027W	YER099C
YML027W	YER123W
YML027W	YGR026W
YML027W	YPR074C
YML027W	YOR335C
YML027W	YFRWdelta7
YML027W	YLRWdelta14
YML027W	YLR220W
YML027W	YBL058W
YML027W	YCR031C
YML027W	YILWTy3-1A
YML027W	YOR045W
YML027W	YLR406C
YML027W	YOR124C
YML027W	tS(GCU)F
YML027W	YPL024W
YML027W	YMR204C
YML027W	YDR175C
YML027W	YGR109C
YML027W	YMR230W
YML027W	YEL073C-0
YML027W	YBL092W
YML027W	YER171W
YML027W	YIL139C
YML027W	YHR182W
YML027W	YJL081C
YML027W	YDR332W
YML027W	YNL338W
YML027W	YNL218W
YML027W	YCL055W-1
YML027W	YHR185C
YML027W	YPL157W
YML027W	YLR050C
YML027W	YGRCTy1-2D
YML027W	tY(GUA)F1
YML027W	YGRCdelta12
YML027W	YDR536W
YML027W	YKL044W
YML027W	YDR410C
YML027W	YOR044W
YML027W	YNR067C
YML027W	YGR043C-1
YML027W	YER167W
YML027W	YHR068W
YML027W	YGLWdelta10
YML027W	SNR51
YML027W	YBR002C
YML027W	YNR076W
YML027W	YMR286W
YML027W	YOR233W
YML027W	YBR289W
YML027W	YAR061W
YML027W	YNLCdelta1-3
YML027W	YIR042C
YML027W	YML133C-0
YML027W	tV(AAC)L
YML027W	YAL030W
YML027W	YPL006W
YML027W	YFR017C
YML027W	YIL092W
YML027W	YGR175C
YML027W	YFR034C
YML027W	YDL064W
YML027W	tG(GCC)F1
YML027W	YHR164C
YML027W	YMR146C
YML027W	YCR057C
YML027W	YCL025C
YML027W	tF(GAA)B
YML027W	SNR53
YML027W	YNL149C
YML027W	YLR384C
YML027W	YFRWdelta10
YML027W	tG(GCC)E
YML027W	YDR014W-0
YML027W	YGR052W
YML027W	YDR206W
YML027W	YBR215W
YML027W	YJL106W-0
YML027W	YKR069W
YML027W	YBL037W
YML027W	YPL139C
YML027W	YML133C-1
YML027W	YKR087C
YML027W	YMR020W
YML027W	YJL105W
YML027W	YOR238W
YML027W	tW(CCA)K-0
YML027W	YGL208W
YML027W	YBL051C
YML027W	YKR044W
YML027W	YJR085C
YML027W	YLR324W
YML027W	YML010C-B
YML027W	YERWdelta21-2
YML027W	YNL095C
YML027W	YER156C
YML027W	YDR544C
YML027W	YLR281C
YML027W	YMR154C
YML027W	YER094C
YML027W	YOR254C
YML027W	YJL117W
YML027W	YOR255W
YML027W	YGR295C-1
YML027W	YER038C
YML027W	YIL144W
YML027W	YNL069C
YML027W	YERWdelta21
YML027W	YFR026C
YML027W	YDR333C
YML027W	YMRWdelta17
YML027W	YPL150W
YML027W	YORCdelta11
YML027W	YKR089C
YML027W	YGL158W
YML027W	YKL106W
YML027W	YDR068W
YML027W	YPL094C
YML027W	YMR192W
YML027W	YKL091C
YML027W	YPL076W-0
YML027W	YAL064W
YML027W	YPL152W
YML027W	YNR004W
YML027W	YGR123C
YML027W	YIL062C
YML027W	YMR001C
YML027W	YGR247W
YML027W	YIR003W
YML027W	Q0085
YML027W	YFL011W
YML027W	YOL003C
YML027W	YGRWsigma5
YML027W	YOL093W
YML027W	YDR471W
YML027W	YPR002C-A
YML027W	tK(UUU)K
YML027W	YOR010C-1
YML027W	YGL228W
YML027W	YGL194C
YML027W	YBL081W
YML027W	YGR235C
YML027W	YDL178W
YML027W	IntQ0185E
YML027W	YKR088C
YML027W	YIL097W
YML027W	YGL233W
YML027W	YER166W
YML027W	YNL281W
YML027W	YILCdelta1
YML027W	YJL024C
YML027W	YKLWdelta7
YML027W	YKR094C
YML027W	YNL101W
YML027W	YHL024W
YML027W	YERWdelta21-1
YML027W	YMR208W
YML027W	YGR046W
YML027W	YGL100W
YML027W	YOR392W
YML027W	YPL176C
YML027W	YGL225W
YML027W	YKR051W
YML027W	Q0100
YML027W	YCR069W
YML027W	YOR111W
YML027W	YGR016W
YML027W	YFL003C
YML027W	YLL029W
YML027W	YBL008W
YML027W	YER159C
YML027W	YEL065W
YML027W	YNL073W
YML027W	YMR288W
YML027W	YMR221C
YML027W	YIL085C
YML027W	YOR357C
YML027W	YIL107C
YML027W	YBLCsigma1
YML027W	YARCdelta8-4
YML027W	YPR003C
YML027W	YLR380W
YML027W	YOR063W
YML027W	tE(UUC)G1
YML027W	YHL049C-0
YML027W	YPR059C
YML027W	Q0210
YML027W	YGR077C
YML027W	YGL257C
YML027W	YGL163C-1
YML027W	YER172C
YML027W	tL(CAA)A
YML027W	YHR191C
YML027W	YHR184W
YML027W	YCR033W
YML027W	YDR354W
YML027W	YLR074C
YML027W	YOR390W
YML027W	YDR208W
YML027W	YPL040C
YML027W	YBR285W
YML027W	tE(UUC)G3
YML027W	YJR003C
YML027W	YDR500C
YML027W	YGR105W
YML027W	YFL014W
YML027W	YKL123W
YML027W	YDR514C
YML027W	YDL160C
YML027W	YIL172C
YML027W	YKL043W
YML027W	YIR010W
YML027W	YPR155C
YML027W	YPL280W
YML027W	YLR363C
YML027W	YBR085W-0
YML027W	YMR324C
YML027W	YDR250C
YML027W	YCL058C
