KIN	AGC_group	PKBalpha
KIN	AGC_group	PKBbeta
KIN	AGC_group	PKBgamma
KIN	AGC_group	SGK1
KIN	AGC_group	SGK3
KIN	AGC_group	SGK2
KIN	AGC_group	PKCalpha
KIN	AGC_group	PKCbeta
KIN	AGC_group	PKCgamma
KIN	AGC_group	PKCeta
KIN	AGC_group	PKCepsilon
KIN	AGC_group	PKCdelta
KIN	AGC_group	PKCtheta
KIN	AGC_group	PKCiota
KIN	AGC_group	PKCzeta
KIN	AGC_group	PKN1
KIN	AGC_group	PKN2
KIN	AGC_group	PKN3
KIN	AGC_group	RSK5
KIN	AGC_group	RPS6KA4
KIN	AGC_group	p70S6K
KIN	AGC_group	p70S6Kb
KIN	AGC_group	RSK1
KIN	AGC_group	RSK2
KIN	AGC_group	RSK3
KIN	AGC_group	RSK4
KIN	AGC_group	GRK2
KIN	AGC_group	GRK3
KIN	AGC_group	GRK1
KIN	AGC_group	GRK7
KIN	AGC_group	GRK4
KIN	AGC_group	GRK5
KIN	AGC_group	GRK6
KIN	AGC_group	DMPK1
KIN	AGC_group	DMPK2
KIN	AGC_group	MRCKb
KIN	AGC_group	MRCKa
KIN	AGC_group	ROCK2
KIN	AGC_group	ROCK1
KIN	AGC_group	NDR1
KIN	AGC_group	NDR2
KIN	AGC_group	CRIK
KIN	AGC_group	LATS1
KIN	AGC_group	LATS2
KIN	AGC_group	MAST3
KIN	AGC_group	MAST2
KIN	AGC_group	MAST1
KIN	AGC_group	MAST4
KIN	AGC_group	MASTL
KIN	AGC_group	SgK494
KIN	AGC_group	YANK3
KIN	AGC_group	YANK2
KIN	AGC_group	YANK1
KIN	AGC_group	RSKL2
KIN	AGC_group	RSKL1
KIN	AGC_group	PRKX
KIN	AGC_group	PRKY
KIN	AGC_group	PKAalpha
KIN	AGC_group	PKAbeta
KIN	AGC_group	PKAgamma
KIN	AGC_group	PKG1cGKI
KIN	AGC_group	PKG2cGKII
KIN	AGC_group	PDK1
KIN	AGC_group	AuroraC
KIN	AGC_group	AuroraB
KIN	AGC_group	AuroraA
KIN	AGC_group	PLK1
KIN	AGC_group	PLK3
KIN	AGC_group	PLK2
KIN	AGC_group	PLK4
KIN	PKB_group	PKBalpha
KIN	PKB_group	PKBbeta
KIN	PKB_group	PKBgamma
KIN	PKBalpha_PKBbeta_group	PKBalpha
KIN	PKBalpha_PKBbeta_group	PKBbeta
KIN	PKBalpha	PKBalpha
KIN	PKBbeta	PKBbeta
KIN	PKBgamma	PKBgamma
KIN	SGK_group	SGK1
KIN	SGK_group	SGK3
KIN	SGK_group	SGK2
KIN	SGK1_SGK3_group	SGK1
KIN	SGK1_SGK3_group	SGK3
KIN	SGK1	SGK1
KIN	SGK3	SGK3
KIN	SGK2	SGK2
KIN	PKC_group	PKCalpha
KIN	PKC_group	PKCbeta
KIN	PKC_group	PKCgamma
KIN	PKC_group	PKCeta
KIN	PKC_group	PKCepsilon
KIN	PKC_group	PKCdelta
KIN	PKC_group	PKCtheta
KIN	PKC_group	PKCiota
KIN	PKC_group	PKCzeta
KIN	PKCalpha_PKCbeta_PKCgamma_group	PKCalpha
KIN	PKCalpha_PKCbeta_PKCgamma_group	PKCbeta
KIN	PKCalpha_PKCbeta_PKCgamma_group	PKCgamma
KIN	PKCalpha_PKCbeta_group	PKCalpha
KIN	PKCalpha_PKCbeta_group	PKCbeta
KIN	PKCalpha	PKCalpha
KIN	PKCbeta	PKCbeta
KIN	PKCgamma	PKCgamma
KIN	PKCeta_PKCepsilon_group	PKCeta
KIN	PKCeta_PKCepsilon_group	PKCepsilon
KIN	PKCeta	PKCeta
KIN	PKCepsilon	PKCepsilon
KIN	PKCdelta_PKCtheta_group	PKCdelta
KIN	PKCdelta_PKCtheta_group	PKCtheta
KIN	PKCdelta	PKCdelta
KIN	PKCtheta	PKCtheta
KIN	PKCiota_PKCzeta_group	PKCiota
KIN	PKCiota_PKCzeta_group	PKCzeta
KIN	PKCiota	PKCiota
KIN	PKCzeta	PKCzeta
KIN	PKN_group	PKN1
KIN	PKN_group	PKN2
KIN	PKN_group	PKN3
KIN	PKN1_PKN2_group	PKN1
KIN	PKN1_PKN2_group	PKN2
KIN	PKN1	PKN1
KIN	PKN2	PKN2
KIN	PKN3	PKN3
KIN	MSK_group	RSK5
KIN	MSK_group	RPS6KA4
KIN	RSK5	RSK5
KIN	RPS6KA4	RPS6KA4
KIN	p70S6K_group	p70S6K
KIN	p70S6K_group	p70S6Kb
KIN	p70S6K	p70S6K
KIN	p70S6Kb	p70S6Kb
KIN	RSK_group	RSK1
KIN	RSK_group	RSK2
KIN	RSK_group	RSK3
KIN	RSK_group	RSK4
KIN	RSK1_RSK2_RSK3_group	RSK1
KIN	RSK1_RSK2_RSK3_group	RSK2
KIN	RSK1_RSK2_RSK3_group	RSK3
KIN	RSK1_RSK2_group	RSK1
KIN	RSK1_RSK2_group	RSK2
KIN	RSK1	RSK1
KIN	RSK2	RSK2
KIN	RSK3	RSK3
KIN	RSK4	RSK4
KIN	GRK_group	GRK2
KIN	GRK_group	GRK3
KIN	GRK_group	GRK1
KIN	GRK_group	GRK7
KIN	GRK_group	GRK4
KIN	GRK_group	GRK5
KIN	GRK_group	GRK6
KIN	GRK2_GRK3_group	GRK2
KIN	GRK2_GRK3_group	GRK3
KIN	GRK2	GRK2
KIN	GRK3	GRK3
KIN	GRK4_GRK5_GRK6_GRK1_GRK7_group	GRK1
KIN	GRK4_GRK5_GRK6_GRK1_GRK7_group	GRK7
KIN	GRK4_GRK5_GRK6_GRK1_GRK7_group	GRK4
KIN	GRK4_GRK5_GRK6_GRK1_GRK7_group	GRK5
KIN	GRK4_GRK5_GRK6_GRK1_GRK7_group	GRK6
KIN	GRK1_GRK7_group	GRK1
KIN	GRK1_GRK7_group	GRK7
KIN	GRK1	GRK1
KIN	GRK7	GRK7
KIN	GRK4_GRK5_GRK6_group	GRK4
KIN	GRK4_GRK5_GRK6_group	GRK5
KIN	GRK4_GRK5_GRK6_group	GRK6
KIN	GRK4_GRK5_group	GRK4
KIN	GRK4_GRK5_group	GRK5
KIN	GRK4	GRK4
KIN	GRK5	GRK5
KIN	GRK6	GRK6
KIN	DMPK_group	DMPK1
KIN	DMPK_group	DMPK2
KIN	DMPK_group	MRCKb
KIN	DMPK_group	MRCKa
KIN	DMPK1	DMPK1
KIN	DMPK2_MRCKb_MRCKa_group	DMPK2
KIN	DMPK2_MRCKb_MRCKa_group	MRCKb
KIN	DMPK2_MRCKb_MRCKa_group	MRCKa
KIN	DMPK2	DMPK2
KIN	MRCKb_MRCKa_group	MRCKb
KIN	MRCKb_MRCKa_group	MRCKa
KIN	MRCKb	MRCKb
KIN	MRCKa	MRCKa
KIN	ROCK_group	ROCK2
KIN	ROCK_group	ROCK1
KIN	ROCK2	ROCK2
KIN	ROCK1	ROCK1
KIN	NDR1_NDR2_group	NDR1
KIN	NDR1_NDR2_group	NDR2
KIN	NDR1	NDR1
KIN	NDR2	NDR2
KIN	CRIK	CRIK
KIN	LATS1_LATS2_group	LATS1
KIN	LATS1_LATS2_group	LATS2
KIN	LATS1	LATS1
KIN	LATS2	LATS2
KIN	MAST_group	MAST3
KIN	MAST_group	MAST2
KIN	MAST_group	MAST1
KIN	MAST_group	MAST4
KIN	MAST_group	MASTL
KIN	MAST3_MAST2_MAST1_MAST4_group	MAST3
KIN	MAST3_MAST2_MAST1_MAST4_group	MAST2
KIN	MAST3_MAST2_MAST1_MAST4_group	MAST1
KIN	MAST3_MAST2_MAST1_MAST4_group	MAST4
KIN	MAST3	MAST3
KIN	MAST2_MAST1_MAST4_group	MAST2
KIN	MAST2_MAST1_MAST4_group	MAST1
KIN	MAST2_MAST1_MAST4_group	MAST4
KIN	MAST2	MAST2
KIN	MAST1_MAST4_group	MAST1
KIN	MAST1_MAST4_group	MAST4
KIN	MAST1	MAST1
KIN	MAST4	MAST4
KIN	MASTL	MASTL
KIN	SgK494	SgK494
KIN	YANK_group	YANK3
KIN	YANK_group	YANK2
KIN	YANK_group	YANK1
KIN	YANK3	YANK3
KIN	YANK2_YANK1_group	YANK2
KIN	YANK2_YANK1_group	YANK1
KIN	YANK2	YANK2
KIN	YANK1	YANK1
KIN	RSKL_group	RSKL2
KIN	RSKL_group	RSKL1
KIN	RSKL2	RSKL2
KIN	RSKL1	RSKL1
KIN	PRKX_PRKY_group	PRKX
KIN	PRKX_PRKY_group	PRKY
KIN	PRKX	PRKX
KIN	PRKY	PRKY
KIN	PKA_group	PKAalpha
KIN	PKA_group	PKAbeta
KIN	PKA_group	PKAgamma
KIN	PKAalpha_PKAbeta_group	PKAalpha
KIN	PKAalpha_PKAbeta_group	PKAbeta
KIN	PKAalpha	PKAalpha
KIN	PKAbeta	PKAbeta
KIN	PKAgamma	PKAgamma
KIN	PKGcGK_group	PKG1cGKI
KIN	PKGcGK_group	PKG2cGKII
KIN	PKG1cGKI	PKG1cGKI
KIN	PKG2cGKII	PKG2cGKII
KIN	PDK1	PDK1
KIN	Aurora_group	AuroraC
KIN	Aurora_group	AuroraB
KIN	Aurora_group	AuroraA
KIN	AuroraC_AuroraB_group	AuroraC
KIN	AuroraC_AuroraB_group	AuroraB
KIN	AuroraC	AuroraC
KIN	AuroraB	AuroraB
KIN	AuroraA	AuroraA
KIN	PLK_group	PLK1
KIN	PLK_group	PLK3
KIN	PLK_group	PLK2
KIN	PLK_group	PLK4
KIN	PLK1_PLK2_PLK3_group	PLK1
KIN	PLK1_PLK2_PLK3_group	PLK3
KIN	PLK1_PLK2_PLK3_group	PLK2
KIN	PLK1	PLK1
KIN	PLK3_PLK2_group	PLK3
KIN	PLK3_PLK2_group	PLK2
KIN	PLK3	PLK3
KIN	PLK2	PLK2
KIN	PLK4	PLK4
KIN	ULK_group	ULK1
KIN	ULK_group	ULK2
KIN	ULK_group	ULK3
KIN	ULK_group	ULK4
KIN	ULK_group	Fused
KIN	ULK1_ULK2_ULK3_group	ULK1
KIN	ULK1_ULK2_ULK3_group	ULK2
KIN	ULK1_ULK2_ULK3_group	ULK3
KIN	ULK1_ULK2_group	ULK1
KIN	ULK1_ULK2_group	ULK2
KIN	ULK1	ULK1
KIN	ULK2	ULK2
KIN	ULK3	ULK3
KIN	ULK4_Fused_group	ULK4
KIN	ULK4_Fused_group	Fused
KIN	ULK4	ULK4
KIN	Fused	Fused
KIN	CAMK_group	CaMKIV
KIN	CAMK_group	CaMKIgamma
KIN	CAMK_group	CaMKIalpha
KIN	CAMK_group	CaMKIdelta
KIN	CAMK_group	CaMKIbeta
KIN	CAMK_group	VACAMKL
KIN	CAMK_group	PSKH1
KIN	CAMK_group	PSKH2
KIN	CAMK_group	DCAMKL1
KIN	CAMK_group	DCAMKL2
KIN	CAMK_group	DCAMKL3
KIN	CAMK_group	CaMKIIalpha
KIN	CAMK_group	CaMKIIdelta
KIN	CAMK_group	CaMKIIbeta
KIN	CAMK_group	CaMKIIgamma
KIN	CAMK_group	CASK
KIN	CAMK_group	PHKg1
KIN	CAMK_group	PHKg2
KIN	CAMK_group	MAPKAPK2
KIN	CAMK_group	MAPKAPK3
KIN	CAMK_group	MAPKAPK5
KIN	CAMK_group	Mnk1
KIN	CAMK_group	Mnk2
KIN	CAMK_group	Domain2MSK1
KIN	CAMK_group	Domain2MSK2
KIN	CAMK_group	Domain2RSK1
KIN	CAMK_group	Domain2RSK2
KIN	CAMK_group	Domain2RSK3
KIN	CAMK_group	Domain2RSK4
KIN	CAMK_group	PKD1
KIN	CAMK_group	PKD3
KIN	CAMK_group	PKD2
KIN	CAMK_group	CHK2
KIN	CAMK_group	AMPKa1
KIN	CAMK_group	AMPKa2
KIN	CAMK_group	BRSK2
KIN	CAMK_group	BRSK1
KIN	CAMK_group	MARK3
KIN	CAMK_group	MARK2
KIN	CAMK_group	MARK1
KIN	CAMK_group	MARK4
KIN	CAMK_group	QSK
KIN	CAMK_group	QIK
KIN	CAMK_group	SIK
KIN	CAMK_group	NuaK1
KIN	CAMK_group	NuaK2
KIN	CAMK_group	MELK
KIN	CAMK_group	HUNK
KIN	CAMK_group	CHK1
KIN	CAMK_group	LKB1
KIN	CAMK_group	NIM1
KIN	CAMK_group	SNRK
KIN	CAMK_group	SSTK
KIN	CAMK_group	TSSK3
KIN	CAMK_group	TSSK2
KIN	CAMK_group	TSSK1
KIN	CAMK_group	TSSK4
KIN	CAMK_group	PASK
KIN	CAMK_group	Pim3
KIN	CAMK_group	Pim1
KIN	CAMK_group	Pim2
KIN	CAMK_group	SgK495
KIN	CAMK_group	Trb1
KIN	CAMK_group	Trb2
KIN	CAMK_group	Trb3
KIN	CAMK_group	STK33
KIN	CAMK_group	DAPK1
KIN	CAMK_group	DAPK3
KIN	CAMK_group	DAPK2
KIN	CAMK_group	DRAK1
KIN	CAMK_group	DRAK2
KIN	CAMK_group	TTN
KIN	CAMK_group	smMLCK
KIN	CAMK_group	caMLCK
KIN	CAMK_group	SgK085
KIN	CAMK_group	skMLCK
KIN	CAMK_group	Trio
KIN	CAMK_group	Trad
KIN	CAMK_group	SPEG
KIN	CAMK_group	Obscn
KIN	CAMK_group	Domain2SPEG
KIN	CAMK_group	Domain2Obscn
KIN	CaMKIV	CaMKIV
KIN	CaMKI_group	CaMKIgamma
KIN	CaMKI_group	CaMKIalpha
KIN	CaMKI_group	CaMKIdelta
KIN	CaMKI_group	CaMKIbeta
KIN	CaMKIgamma_CaMKIalpha_CaMKIdelta_group	CaMKIgamma
KIN	CaMKIgamma_CaMKIalpha_CaMKIdelta_group	CaMKIalpha
KIN	CaMKIgamma_CaMKIalpha_CaMKIdelta_group	CaMKIdelta
KIN	CaMKIgamma	CaMKIgamma
KIN	CaMKIalpha_CaMKIdelta_group	CaMKIalpha
KIN	CaMKIalpha_CaMKIdelta_group	CaMKIdelta
KIN	CaMKIalpha	CaMKIalpha
KIN	CaMKIdelta	CaMKIdelta
KIN	CaMKIbeta	CaMKIbeta
KIN	VACAMKL	VACAMKL
KIN	PSK_group	PSKH1
KIN	PSK_group	PSKH2
KIN	PSKH1	PSKH1
KIN	PSKH2	PSKH2
KIN	DCAMKL_group	DCAMKL1
KIN	DCAMKL_group	DCAMKL2
KIN	DCAMKL_group	DCAMKL3
KIN	DCAMKL1_DCAMKL2_group	DCAMKL1
KIN	DCAMKL1_DCAMKL2_group	DCAMKL2
KIN	DCAMKL1	DCAMKL1
KIN	DCAMKL2	DCAMKL2
KIN	DCAMKL3	DCAMKL3
KIN	CaMKII_group	CaMKIIalpha
KIN	CaMKII_group	CaMKIIdelta
KIN	CaMKII_group	CaMKIIbeta
KIN	CaMKII_group	CaMKIIgamma
KIN	CaMKIIalpha_CaMKIIdelta_group	CaMKIIalpha
KIN	CaMKIIalpha_CaMKIIdelta_group	CaMKIIdelta
KIN	CaMKIIalpha	CaMKIIalpha
KIN	CaMKIIdelta	CaMKIIdelta
KIN	CaMKIIbeta_CaMKIIgamma_group	CaMKIIbeta
KIN	CaMKIIbeta_CaMKIIgamma_group	CaMKIIgamma
KIN	CaMKIIbeta	CaMKIIbeta
KIN	CaMKIIgamma	CaMKIIgamma
KIN	CASK	CASK
KIN	PHK_group	PHKg1
KIN	PHK_group	PHKg2
KIN	PHKg1	PHKg1
KIN	PHKg2	PHKg2
KIN	MAPKAPK_group	MAPKAPK2
KIN	MAPKAPK_group	MAPKAPK3
KIN	MAPKAPK_group	MAPKAPK5
KIN	MAPKAPK2_MAPKAPK3_group	MAPKAPK2
KIN	MAPKAPK2_MAPKAPK3_group	MAPKAPK3
KIN	MAPKAPK2	MAPKAPK2
KIN	MAPKAPK3	MAPKAPK3
KIN	MAPKAPK5	MAPKAPK5
KIN	Mnk_group	Mnk1
KIN	Mnk_group	Mnk2
KIN	Mnk1	Mnk1
KIN	Mnk2	Mnk2
KIN	Domain2MSK_group	Domain2MSK1
KIN	Domain2MSK_group	Domain2MSK2
KIN	Domain2MSK1	Domain2MSK1
KIN	Domain2MSK2	Domain2MSK2
KIN	Domain2RSK_group	Domain2RSK1
KIN	Domain2RSK_group	Domain2RSK2
KIN	Domain2RSK_group	Domain2RSK3
KIN	Domain2RSK_group	Domain2RSK4
KIN	Domain2RSK1_Domain2RSK2_Domain2RSK3_group	Domain2RSK1
KIN	Domain2RSK1_Domain2RSK2_Domain2RSK3_group	Domain2RSK2
KIN	Domain2RSK1_Domain2RSK2_Domain2RSK3_group	Domain2RSK3
KIN	Domain2RSK1	Domain2RSK1
KIN	Domain2RSK2_Domain2RSK3_group	Domain2RSK2
KIN	Domain2RSK2_Domain2RSK3_group	Domain2RSK3
KIN	Domain2RSK2	Domain2RSK2
KIN	Domain2RSK3	Domain2RSK3
KIN	Domain2RSK4	Domain2RSK4
KIN	PKD_group	PKD1
KIN	PKD_group	PKD3
KIN	PKD_group	PKD2
KIN	PKD1_PKD3_group	PKD1
KIN	PKD1_PKD3_group	PKD3
KIN	PKD1	PKD1
KIN	PKD3	PKD3
KIN	PKD2	PKD2
KIN	CHK2	CHK2
KIN	AMPK_group	AMPKa1
KIN	AMPK_group	AMPKa2
KIN	AMPKa1	AMPKa1
KIN	AMPKa2	AMPKa2
KIN	BRSK_group	BRSK2
KIN	BRSK_group	BRSK1
KIN	BRSK2	BRSK2
KIN	BRSK1	BRSK1
KIN	MARK_group	MARK3
KIN	MARK_group	MARK2
KIN	MARK_group	MARK1
KIN	MARK_group	MARK4
KIN	MARK3_MARK2_MARK1_group	MARK3
KIN	MARK3_MARK2_MARK1_group	MARK2
KIN	MARK3_MARK2_MARK1_group	MARK1
KIN	MARK3	MARK3
KIN	MARK2_MARK1_group	MARK2
KIN	MARK2_MARK1_group	MARK1
KIN	MARK2	MARK2
KIN	MARK1	MARK1
KIN	MARK4	MARK4
KIN	QIK_group	QSK
KIN	QIK_group	QIK
KIN	QIK_group	SIK
KIN	QSK	QSK
KIN	QIK_SIK_group	QIK
KIN	QIK_SIK_group	SIK
KIN	QIK	QIK
KIN	SIK	SIK
KIN	NuaK_group	NuaK1
KIN	NuaK_group	NuaK2
KIN	NuaK1	NuaK1
KIN	NuaK2	NuaK2
KIN	MELK	MELK
KIN	HUNK	HUNK
KIN	CHK1	CHK1
KIN	LKB1	LKB1
KIN	NIM1	NIM1
KIN	SNRK	SNRK
KIN	TSSK_group	SSTK
KIN	TSSK_group	TSSK3
KIN	TSSK_group	TSSK2
KIN	TSSK_group	TSSK1
KIN	TSSK_group	TSSK4
KIN	SSTK_TSSK3_TSSK2_TSSK1_group	SSTK
KIN	SSTK_TSSK3_TSSK2_TSSK1_group	TSSK3
KIN	SSTK_TSSK3_TSSK2_TSSK1_group	TSSK2
KIN	SSTK_TSSK3_TSSK2_TSSK1_group	TSSK1
KIN	SSTK_TSSK3_group	SSTK
KIN	SSTK_TSSK3_group	TSSK3
KIN	SSTK	SSTK
KIN	TSSK3	TSSK3
KIN	TSSK2_TSSK1_group	TSSK2
KIN	TSSK2_TSSK1_group	TSSK1
KIN	TSSK2	TSSK2
KIN	TSSK1	TSSK1
KIN	TSSK4	TSSK4
KIN	PASK	PASK
KIN	Pim_group	Pim3
KIN	Pim_group	Pim1
KIN	Pim_group	Pim2
KIN	Pim3_Pim1_group	Pim3
KIN	Pim3_Pim1_group	Pim1
KIN	Pim3	Pim3
KIN	Pim1	Pim1
KIN	Pim2	Pim2
KIN	SgK495	SgK495
KIN	Trbl_group	Trb1
KIN	Trbl_group	Trb2
KIN	Trbl_group	Trb3
KIN	Trb1_Trb2_group	Trb1
KIN	Trb1_Trb2_group	Trb2
KIN	Trb1	Trb1
KIN	Trb2	Trb2
KIN	Trb3	Trb3
KIN	STK33	STK33
KIN	DAPK_group	DAPK1
KIN	DAPK_group	DAPK3
KIN	DAPK_group	DAPK2
KIN	DAPK1_DAPK3_group	DAPK1
KIN	DAPK1_DAPK3_group	DAPK3
KIN	DAPK1	DAPK1
KIN	DAPK3	DAPK3
KIN	DAPK2	DAPK2
KIN	DRAK_group	DRAK1
KIN	DRAK_group	DRAK2
KIN	DRAK1	DRAK1
KIN	DRAK2	DRAK2
KIN	MLCK_group	TTN
KIN	MLCK_group	smMLCK
KIN	MLCK_group	caMLCK
KIN	MLCK_group	SgK085
KIN	MLCK_group	skMLCK
KIN	TTN	TTN
KIN	caMLCK_SgK085_skMLCK_smMLCK_group	smMLCK
KIN	caMLCK_SgK085_skMLCK_smMLCK_group	caMLCK
KIN	caMLCK_SgK085_skMLCK_smMLCK_group	SgK085
KIN	caMLCK_SgK085_skMLCK_smMLCK_group	skMLCK
KIN	smMLCK	smMLCK
KIN	caMLCK_SgK085_skMLCK_group	caMLCK
KIN	caMLCK_SgK085_skMLCK_group	SgK085
KIN	caMLCK_SgK085_skMLCK_group	skMLCK
KIN	caMLCK_SgK085_group	caMLCK
KIN	caMLCK_SgK085_group	SgK085
KIN	caMLCK	caMLCK
KIN	SgK085	SgK085
KIN	skMLCK	skMLCK
KIN	Trio_group	Trio
KIN	Trio_group	Trad
KIN	Trio_group	SPEG
KIN	Trio_group	Obscn
KIN	Trio_group	Domain2SPEG
KIN	Trio_group	Domain2Obscn
KIN	Trio_Trad_group	Trio
KIN	Trio_Trad_group	Trad
KIN	Trio	Trio
KIN	Trad	Trad
KIN	SPEG_Obscn_Domain2SPEG_Domain2Obscn_group	SPEG
KIN	SPEG_Obscn_Domain2SPEG_Domain2Obscn_group	Obscn
KIN	SPEG_Obscn_Domain2SPEG_Domain2Obscn_group	Domain2SPEG
KIN	SPEG_Obscn_Domain2SPEG_Domain2Obscn_group	Domain2Obscn
KIN	SPEG_Obscn_group	SPEG
KIN	SPEG_Obscn_group	Obscn
KIN	SPEG	SPEG
KIN	Obscn	Obscn
KIN	Domain2SPEG_Domain2Obscn_group	Domain2SPEG
KIN	Domain2SPEG_Domain2Obscn_group	Domain2Obscn
KIN	Domain2SPEG	Domain2SPEG
KIN	Domain2Obscn	Domain2Obscn
KIN	CaMKK_group	CaMKKbeta
KIN	CaMKK_group	CaMKKalpha
KIN	CaMKKbeta	CaMKKbeta
KIN	CaMKKalpha	CaMKKalpha
KIN	IKK_group	IKKalpha
KIN	IKK_group	IKKbeta
KIN	IKK_group	IKKepsilon
KIN	IKK_group	TBK1
KIN	IKKalpha_IKKbeta_group	IKKalpha
KIN	IKKalpha_IKKbeta_group	IKKbeta
KIN	IKKalpha	IKKalpha
KIN	IKKbeta	IKKbeta
KIN	IKKepsilon_TBK1_group	IKKepsilon
KIN	IKKepsilon_TBK1_group	TBK1
KIN	IKKepsilon	IKKepsilon
KIN	TBK1	TBK1
KIN	TLK_group	TLK1
KIN	TLK_group	TLK2
KIN	TLK1	TLK1
KIN	TLK2	TLK2
KIN	CMGC_group	CK2alpha
KIN	CMGC_group	CK2a2
KIN	CMGC_group	CDK1
KIN	CMGC_group	CDK2
KIN	CMGC_group	CDK3
KIN	CMGC_group	CDK5
KIN	CMGC_group	PCTAIRE1
KIN	CMGC_group	PCTAIRE2
KIN	CMGC_group	PCTAIRE3
KIN	CMGC_group	PFTAIRE1
KIN	CMGC_group	PFTAIRE2
KIN	CMGC_group	CDK4
KIN	CMGC_group	CDK6
KIN	CMGC_group	CDK7
KIN	CMGC_group	CDK8
KIN	CMGC_group	CDK11
KIN	CMGC_group	CDK10
KIN	CMGC_group	PITSLRE
KIN	CMGC_group	CDK9
KIN	CMGC_group	CHED
KIN	CMGC_group	CRK7
KIN	CMGC_group	CCRK
KIN	CMGC_group	CDKL2
KIN	CMGC_group	CDKL3
KIN	CMGC_group	CDKL1
KIN	CMGC_group	CDKL4
KIN	CMGC_group	CDKL5
KIN	CMGC_group	CLK1
KIN	CMGC_group	CLK4
KIN	CMGC_group	CLK2
KIN	CMGC_group	CLK3
KIN	CMGC_group	DYRK1B
KIN	CMGC_group	DYRK1A
KIN	CMGC_group	DYRK2
KIN	CMGC_group	DYRK3
KIN	CMGC_group	DYRK4
KIN	CMGC_group	HIPK1
KIN	CMGC_group	HIPK2
KIN	CMGC_group	HIPK3
KIN	CMGC_group	HIPK4
KIN	CMGC_group	SRPK1
KIN	CMGC_group	SRPK2
KIN	CMGC_group	MSSK1
KIN	CMGC_group	PRP4
KIN	CMGC_group	GSK3alpha
KIN	CMGC_group	GSK3beta
KIN	CMGC_group	MAK
KIN	CMGC_group	ICK
KIN	CMGC_group	MOK
KIN	CMGC_group	MAPK3
KIN	CMGC_group	MAPK1
KIN	CMGC_group	MAPK7
KIN	CMGC_group	NLK
KIN	CMGC_group	MAPK8
KIN	CMGC_group	MAPK10
KIN	CMGC_group	MAPK9
KIN	CMGC_group	MAPK14
KIN	CMGC_group	MAPK11
KIN	CMGC_group	MAPK12
KIN	CMGC_group	MAPK13
KIN	CMGC_group	MAPK15
KIN	CMGC_group	MAPK6
KIN	CMGC_group	MAPK4
KIN	CK2_group	CK2alpha
KIN	CK2_group	CK2a2
KIN	CK2alpha	CK2alpha
KIN	CK2a2	CK2a2
KIN	CDK_group	CDK1
KIN	CDK_group	CDK2
KIN	CDK_group	CDK3
KIN	CDK_group	CDK5
KIN	CDK_group	PCTAIRE1
KIN	CDK_group	PCTAIRE2
KIN	CDK_group	PCTAIRE3
KIN	CDK_group	PFTAIRE1
KIN	CDK_group	PFTAIRE2
KIN	CDK_group	CDK4
KIN	CDK_group	CDK6
KIN	CDK_group	CDK7
KIN	CDK_group	CDK8
KIN	CDK_group	CDK11
KIN	CDK_group	CDK10
KIN	CDK_group	PITSLRE
KIN	CDK_group	CDK9
KIN	CDK_group	CHED
KIN	CDK_group	CRK7
KIN	CDK2_CDK3_CDK1_CDK5_group	CDK1
KIN	CDK2_CDK3_CDK1_CDK5_group	CDK2
KIN	CDK2_CDK3_CDK1_CDK5_group	CDK3
KIN	CDK2_CDK3_CDK1_CDK5_group	CDK5
KIN	CDK2_CDK3_CDK1_group	CDK1
KIN	CDK2_CDK3_CDK1_group	CDK2
KIN	CDK2_CDK3_CDK1_group	CDK3
KIN	CDK1	CDK1
KIN	CDK2_CDK3_group	CDK2
KIN	CDK2_CDK3_group	CDK3
KIN	CDK2	CDK2
KIN	CDK3	CDK3
KIN	CDK5	CDK5
KIN	TAIRE_group	PCTAIRE1
KIN	TAIRE_group	PCTAIRE2
KIN	TAIRE_group	PCTAIRE3
KIN	TAIRE_group	PFTAIRE1
KIN	TAIRE_group	PFTAIRE2
KIN	PCTAIRE_group	PCTAIRE1
KIN	PCTAIRE_group	PCTAIRE2
KIN	PCTAIRE_group	PCTAIRE3
KIN	PCTAIRE1_PCTAIRE2_group	PCTAIRE1
KIN	PCTAIRE1_PCTAIRE2_group	PCTAIRE2
KIN	PCTAIRE1	PCTAIRE1
KIN	PCTAIRE2	PCTAIRE2
KIN	PCTAIRE3	PCTAIRE3
KIN	PFTAIRE_group	PFTAIRE1
KIN	PFTAIRE_group	PFTAIRE2
KIN	PFTAIRE1	PFTAIRE1
KIN	PFTAIRE2	PFTAIRE2
KIN	CDK4_CDK6_group	CDK4
KIN	CDK4_CDK6_group	CDK6
KIN	CDK4	CDK4
KIN	CDK6	CDK6
KIN	CDK7	CDK7
KIN	CDK8_CDK11_group	CDK8
KIN	CDK8_CDK11_group	CDK11
KIN	CDK8	CDK8
KIN	CDK11	CDK11
KIN	CDK10_PITSLRE_group	CDK10
KIN	CDK10_PITSLRE_group	PITSLRE
KIN	CDK10	CDK10
KIN	PITSLRE	PITSLRE
KIN	CDK10_PITSLRE_CDK9_CHED_CRK7_group	CDK9
KIN	CDK10_PITSLRE_CDK9_CHED_CRK7_group	CHED
KIN	CDK10_PITSLRE_CDK9_CHED_CRK7_group	CRK7
KIN	CDK9	CDK9
KIN	CHED_CRK7_group	CHED
KIN	CHED_CRK7_group	CRK7
KIN	CHED	CHED
KIN	CRK7	CRK7
KIN	CCRK	CCRK
KIN	CDKL_group	CDKL2
KIN	CDKL_group	CDKL3
KIN	CDKL_group	CDKL1
KIN	CDKL_group	CDKL4
KIN	CDKL_group	CDKL5
KIN	CDKL2_CDKL3_CDKL1_CDKL4_group	CDKL2
KIN	CDKL2_CDKL3_CDKL1_CDKL4_group	CDKL3
KIN	CDKL2_CDKL3_CDKL1_CDKL4_group	CDKL1
KIN	CDKL2_CDKL3_CDKL1_CDKL4_group	CDKL4
KIN	CDKL2_CDKL3_group	CDKL2
KIN	CDKL2_CDKL3_group	CDKL3
KIN	CDKL2	CDKL2
KIN	CDKL3	CDKL3
KIN	CDKL1_CDKL4_group	CDKL1
KIN	CDKL1_CDKL4_group	CDKL4
KIN	CDKL1	CDKL1
KIN	CDKL4	CDKL4
KIN	CDKL5	CDKL5
KIN	CLK_group	CLK1
KIN	CLK_group	CLK4
KIN	CLK_group	CLK2
KIN	CLK_group	CLK3
KIN	CLK1_CLK4_group	CLK1
KIN	CLK1_CLK4_group	CLK4
KIN	CLK1	CLK1
KIN	CLK4	CLK4
KIN	CLK2_CLK3_group	CLK2
KIN	CLK2_CLK3_group	CLK3
KIN	CLK2	CLK2
KIN	CLK3	CLK3
KIN	DYRK_group	DYRK1B
KIN	DYRK_group	DYRK1A
KIN	DYRK_group	DYRK2
KIN	DYRK_group	DYRK3
KIN	DYRK_group	DYRK4
KIN	DYRK1B_DYRK1A	DYRK1B
KIN	DYRK1B_DYRK1A	DYRK1A
KIN	DYRK1B	DYRK1B
KIN	DYRK1A	DYRK1A
KIN	DYRK2_DYRK3_DYRK4_group	DYRK2
KIN	DYRK2_DYRK3_DYRK4_group	DYRK3
KIN	DYRK2_DYRK3_DYRK4_group	DYRK4
KIN	DYRK2_DYRK3_group	DYRK2
KIN	DYRK2_DYRK3_group	DYRK3
KIN	DYRK2	DYRK2
KIN	DYRK3	DYRK3
KIN	DYRK4	DYRK4
KIN	HIPK_group	HIPK1
KIN	HIPK_group	HIPK2
KIN	HIPK_group	HIPK3
KIN	HIPK_group	HIPK4
KIN	HIPK1_HIPK2_HIPK3_group	HIPK1
KIN	HIPK1_HIPK2_HIPK3_group	HIPK2
KIN	HIPK1_HIPK2_HIPK3_group	HIPK3
KIN	HIPK1_HIPK2_group	HIPK1
KIN	HIPK1_HIPK2_group	HIPK2
KIN	HIPK1	HIPK1
KIN	HIPK2	HIPK2
KIN	HIPK3	HIPK3
KIN	HIPK4	HIPK4
KIN	SRPK_group	SRPK1
KIN	SRPK_group	SRPK2
KIN	SRPK_group	MSSK1
KIN	SRPK1	SRPK1
KIN	SRPK2_MSSK1_group	SRPK2
KIN	SRPK2_MSSK1_group	MSSK1
KIN	SRPK2	SRPK2
KIN	MSSK1	MSSK1
KIN	PRP4	PRP4
KIN	GSK3_group	GSK3alpha
KIN	GSK3_group	GSK3beta
KIN	GSK3alpha	GSK3alpha
KIN	GSK3beta	GSK3beta
KIN	RCK_group	MAK
KIN	RCK_group	ICK
KIN	RCK_group	MOK
KIN	MAK_ICK_group	MAK
KIN	MAK_ICK_group	ICK
KIN	MAK	MAK
KIN	ICK	ICK
KIN	MOK	MOK
KIN	MAPK_group	MAPK3
KIN	MAPK_group	MAPK1
KIN	MAPK_group	MAPK7
KIN	MAPK_group	NLK
KIN	MAPK_group	MAPK8
KIN	MAPK_group	MAPK10
KIN	MAPK_group	MAPK9
KIN	MAPK_group	MAPK14
KIN	MAPK_group	MAPK11
KIN	MAPK_group	MAPK12
KIN	MAPK_group	MAPK13
KIN	MAPK_group	MAPK15
KIN	MAPK_group	MAPK6
KIN	MAPK_group	MAPK4
KIN	MAPK3_MAPK1_MAPK7_NLK_group	MAPK3
KIN	MAPK3_MAPK1_MAPK7_NLK_group	MAPK1
KIN	MAPK3_MAPK1_MAPK7_NLK_group	MAPK7
KIN	MAPK3_MAPK1_MAPK7_NLK_group	NLK
KIN	MAPK3_MAPK1_group	MAPK3
KIN	MAPK3_MAPK1_group	MAPK1
KIN	MAPK3	MAPK3
KIN	MAPK1	MAPK1
KIN	MAPK7_NLK_group	MAPK7
KIN	MAPK7_NLK_group	NLK
KIN	MAPK7	MAPK7
KIN	NLK	NLK
KIN	JNK_group	MAPK8
KIN	JNK_group	MAPK10
KIN	JNK_group	MAPK9
KIN	MAPK8_MAPK10_group	MAPK8
KIN	MAPK8_MAPK10_group	MAPK10
KIN	MAPK8	MAPK8
KIN	MAPK10	MAPK10
KIN	MAPK9	MAPK9
KIN	p38_group	MAPK14
KIN	p38_group	MAPK11
KIN	p38_group	MAPK12
KIN	p38_group	MAPK13
KIN	MAPK14_MAPK11_group	MAPK14
KIN	MAPK14_MAPK11_group	MAPK11
KIN	MAPK14	MAPK14
KIN	MAPK11	MAPK11
KIN	MAPK12_MAPK13_group	MAPK12
KIN	MAPK12_MAPK13_group	MAPK13
KIN	MAPK12	MAPK12
KIN	MAPK13	MAPK13
KIN	MAPK15	MAPK15
KIN	MAPK6_MAPK4_group	MAPK6
KIN	MAPK6_MAPK4_group	MAPK4
KIN	MAPK6	MAPK6
KIN	MAPK4	MAPK4
KIN	STE_group	MAP3K1
KIN	STE_group	MAP3K2
KIN	STE_group	MAP3K3
KIN	STE_group	MAP3K8
KIN	STE_group	MAP3K4
KIN	STE_group	MAP3K5
KIN	STE_group	MAP3K15
KIN	STE_group	MAP3K6
KIN	STE_group	Domain2_GCN2
KIN	STE_group	MAP3K8
KIN	STE_group	MAP3K14
KIN	STE_group	MAP2K1
KIN	STE_group	MAP2K2
KIN	STE_group	MAP2K5
KIN	STE_group	MAP2K6
KIN	STE_group	MAP2K3
KIN	STE_group	MAP2K4
KIN	STE_group	MAP2K7
KIN	STE_group	OSR1
KIN	STE_group	STLK3
KIN	STE_group	STLK5
KIN	STE_group	STLK6
KIN	STE_group	PAK1
KIN	STE_group	PAK3
KIN	STE_group	PAK2
KIN	STE_group	PAK6
KIN	STE_group	PAK4
KIN	STE_group	PAK5
KIN	STE_group	MST1
KIN	STE_group	MST2
KIN	STE_group	MST3
KIN	STE_group	MST4
KIN	STE_group	YSK1
KIN	STE_group	TAO2
KIN	STE_group	TAO1
KIN	STE_group	TAO3
KIN	STE_group	MAP4K2
KIN	STE_group	MAP4K5
KIN	STE_group	KHS2
KIN	STE_group	MAP4K1
KIN	STE_group	SLK
KIN	STE_group	LOK
KIN	STE_group	MAP4K4
KIN	STE_group	MAP4K6
KIN	STE_group	TNIK
KIN	STE_group	NRK
KIN	STE_group	MYO3B
KIN	STE_group	MYO3A
KIN	MAP3K_group	MAP3K1
KIN	MAP3K_group	MAP3K2
KIN	MAP3K_group	MAP3K3
KIN	MAP3K_group	MAP3K8
KIN	MAP3K_group	MAP3K4
KIN	MAP3K_group	MAP3K5
KIN	MAP3K_group	MAP3K15
KIN	MAP3K_group	MAP3K6
KIN	MAP3K2_MAP3K3_MAP3K8_MAP3K1_group	MAP3K1
KIN	MAP3K2_MAP3K3_MAP3K8_MAP3K1_group	MAP3K2
KIN	MAP3K2_MAP3K3_MAP3K8_MAP3K1_group	MAP3K3
KIN	MAP3K2_MAP3K3_MAP3K8_MAP3K1_group	MAP3K8
KIN	MAP3K1	MAP3K1
KIN	MAP3K2_MAP3K3_MAP3K8_group	MAP3K2
KIN	MAP3K2_MAP3K3_MAP3K8_group	MAP3K3
KIN	MAP3K2_MAP3K3_MAP3K8_group	MAP3K8
KIN	MAP3K2_MAP3K3_group	MAP3K2
KIN	MAP3K2_MAP3K3_group	MAP3K3
KIN	MAP3K2	MAP3K2
KIN	MAP3K3	MAP3K3
KIN	MAP3K8	MAP3K8
KIN	MAP3K5_MAP3K15_MAP3K6_MAP3K4_group	MAP3K4
KIN	MAP3K5_MAP3K15_MAP3K6_MAP3K4_group	MAP3K5
KIN	MAP3K5_MAP3K15_MAP3K6_MAP3K4_group	MAP3K15
KIN	MAP3K5_MAP3K15_MAP3K6_MAP3K4_group	MAP3K6
KIN	MAP3K4	MAP3K4
KIN	MAP3K5_MAP3K15_MAP3K6_group	MAP3K5
KIN	MAP3K5_MAP3K15_MAP3K6_group	MAP3K15
KIN	MAP3K5_MAP3K15_MAP3K6_group	MAP3K6
KIN	MAP3K5_MAP3K15_group	MAP3K5
KIN	MAP3K5_MAP3K15_group	MAP3K15
KIN	MAP3K5	MAP3K5
KIN	MAP3K15	MAP3K15
KIN	MAP3K6	MAP3K6
KIN	Domain2_GCN2	Domain2_GCN2
KIN	MAP3K8	MAP3K8
KIN	MAP3K14	MAP3K14
KIN	MAP2K_group	MAP2K1
KIN	MAP2K_group	MAP2K2
KIN	MAP2K_group	MAP2K5
KIN	MAP2K_group	MAP2K6
KIN	MAP2K_group	MAP2K3
KIN	MAP2K_group	MAP2K4
KIN	MAP2K_group	MAP2K7
KIN	MAP2K1_MAP2K2_MAP2K5_group	MAP2K1
KIN	MAP2K1_MAP2K2_MAP2K5_group	MAP2K2
KIN	MAP2K1_MAP2K2_MAP2K5_group	MAP2K5
KIN	MAP2K1_MAP2K2_group	MAP2K1
KIN	MAP2K1_MAP2K2_group	MAP2K2
KIN	MAP2K1	MAP2K1
KIN	MAP2K2	MAP2K2
KIN	MAP2K5	MAP2K5
KIN	MAP2K6_MAP2K3_MAP2K4_MAP2K7_group	MAP2K6
KIN	MAP2K6_MAP2K3_MAP2K4_MAP2K7_group	MAP2K3
KIN	MAP2K6_MAP2K3_MAP2K4_MAP2K7_group	MAP2K4
KIN	MAP2K6_MAP2K3_MAP2K4_MAP2K7_group	MAP2K7
KIN	MAP2K6_MAP2K3_MAP2K4_group	MAP2K6
KIN	MAP2K6_MAP2K3_MAP2K4_group	MAP2K3
KIN	MAP2K6_MAP2K3_MAP2K4_group	MAP2K4
KIN	MAP2K6_MAP2K3_group	MAP2K6
KIN	MAP2K6_MAP2K3_group	MAP2K3
KIN	MAP2K6	MAP2K6
KIN	MAP2K3	MAP2K3
KIN	MAP2K4	MAP2K4
KIN	MAP2K7	MAP2K7
KIN	FRAY_STLK_group	OSR1
KIN	FRAY_STLK_group	STLK3
KIN	FRAY_STLK_group	STLK5
KIN	FRAY_STLK_group	STLK6
KIN	FRAY_group	OSR1
KIN	FRAY_group	STLK3
KIN	OSR1	OSR1
KIN	STLK3	STLK3
KIN	STLK_group	STLK5
KIN	STLK_group	STLK6
KIN	STLK5	STLK5
KIN	STLK6	STLK6
KIN	PAK_group	PAK1
KIN	PAK_group	PAK3
KIN	PAK_group	PAK2
KIN	PAK_group	PAK6
KIN	PAK_group	PAK4
KIN	PAK_group	PAK5
KIN	PAKA_group	PAK1
KIN	PAKA_group	PAK3
KIN	PAKA_group	PAK2
KIN	PAK1_PAK3_group	PAK1
KIN	PAK1_PAK3_group	PAK3
KIN	PAK1	PAK1
KIN	PAK3	PAK3
KIN	PAK2	PAK2
KIN	PAKB_group	PAK6
KIN	PAKB_group	PAK4
KIN	PAKB_group	PAK5
KIN	PAK6	PAK6
KIN	PAK4_PAK5_group	PAK4
KIN	PAK4_PAK5_group	PAK5
KIN	PAK4	PAK4
KIN	PAK5	PAK5
KIN	MST_YSK_group	MST1
KIN	MST_YSK_group	MST2
KIN	MST_YSK_group	MST3
KIN	MST_YSK_group	MST4
KIN	MST_YSK_group	YSK1
KIN	MST_group	MST1
KIN	MST_group	MST2
KIN	MST1	MST1
KIN	MST2	MST2
KIN	YSK_group	MST3
KIN	YSK_group	MST4
KIN	YSK_group	YSK1
KIN	MST3_MST4_group	MST3
KIN	MST3_MST4_group	MST4
KIN	MST3	MST3
KIN	MST4	MST4
KIN	YSK1	YSK1
KIN	TAO_group	TAO2
KIN	TAO_group	TAO1
KIN	TAO_group	TAO3
KIN	TAO2_TAO1_group	TAO2
KIN	TAO2_TAO1_group	TAO1
KIN	TAO2	TAO2
KIN	TAO1	TAO1
KIN	TAO3	TAO3
KIN	KHS_group	MAP4K2
KIN	KHS_group	MAP4K5
KIN	KHS_group	KHS2
KIN	KHS_group	MAP4K1
KIN	MAP4K2_MAP4K5_KHS2_group	MAP4K2
KIN	MAP4K2_MAP4K5_KHS2_group	MAP4K5
KIN	MAP4K2_MAP4K5_KHS2_group	KHS2
KIN	MAP4K2	MAP4K2
KIN	MAP4K5_KHS2_group	MAP4K5
KIN	MAP4K5_KHS2_group	KHS2
KIN	MAP4K5	MAP4K5
KIN	KHS2	KHS2
KIN	MAP4K1	MAP4K1
KIN	SLK_group	SLK
KIN	SLK_group	LOK
KIN	SLK	SLK
KIN	LOK	LOK
KIN	MSN_group	MAP4K4
KIN	MSN_group	MAP4K6
KIN	MSN_group	TNIK
KIN	MSN_group	NRK
KIN	MAP4K4_MAP4K6_TNIK_group	MAP4K4
KIN	MAP4K4_MAP4K6_TNIK_group	MAP4K6
KIN	MAP4K4_MAP4K6_TNIK_group	TNIK
KIN	MAP4K4_MAP4K6_group	MAP4K4
KIN	MAP4K4_MAP4K6_group	MAP4K6
KIN	MAP4K4	MAP4K4
KIN	MAP4K6	MAP4K6
KIN	TNIK	TNIK
KIN	NRK	NRK
KIN	MYO3_group	MYO3B
KIN	MYO3_group	MYO3A
KIN	MYO3B	MYO3B
KIN	MYO3A	MYO3A
KIN	PRPK	PRPK
KIN	CLIK1_CLIK1L_group	CLIK1
KIN	CLIK1_CLIK1L_group	CLIK1L
KIN	CLIK1	CLIK1
KIN	CLIK1L	CLIK1L
KIN	KIS	KIS
KIN	TTK	TTK
KIN	SgK071	SgK071
KIN	IRE_group	IRE1
KIN	IRE_group	IRE2
KIN	IRE1	IRE1
KIN	IRE2	IRE2
KIN	RNAseL	RNAseL
KIN	GCN2_PEK_EIF2AK2_group	GCN2
KIN	GCN2_PEK_EIF2AK2_group	PEK
KIN	GCN2_PEK_EIF2AK2_group	EIF2AK2
KIN	GCN2	GCN2
KIN	PEK_EIF2AK2_group	PEK
KIN	PEK_EIF2AK2_group	EIF2AK2
KIN	PEK	PEK
KIN	EIF2AK2	EIF2AK2
KIN	HRI	HRI
KIN	Wee_group	MYT1
KIN	Wee_group	Wee1
KIN	Wee_group	Wee1B
KIN	MYT1	MYT1
KIN	Wee1_Wee1B_group	Wee1
KIN	Wee1_Wee1B_group	Wee1B
KIN	Wee1	Wee1
KIN	Wee1B	Wee1B
KIN	NAK_group	GAK
KIN	NAK_group	AAK1
KIN	NAK_group	BIKE
KIN	NAK_group	MPSK1
KIN	GAK	GAK
KIN	AAK1_BIKE_group	AAK1
KIN	AAK1_BIKE_group	BIKE
KIN	AAK1	AAK1
KIN	BIKE	BIKE
KIN	MPSK1	MPSK1
KIN	NEK_group	NEK1
KIN	NEK_group	NEK5
KIN	NEK_group	NEK3
KIN	NEK_group	NEK4
KIN	NEK_group	NEK11
KIN	NEK_group	NEK2
KIN	NEK_group	NEK9
KIN	NEK_group	NEK8
KIN	NEK_group	NEK6
KIN	NEK_group	NEK7
KIN	NEK_group	NEK10
KIN	NEK1_NEK5_NEK3_NEK4_NEK11_NEK2_group	NEK1
KIN	NEK1_NEK5_NEK3_NEK4_NEK11_NEK2_group	NEK5
KIN	NEK1_NEK5_NEK3_NEK4_NEK11_NEK2_group	NEK3
KIN	NEK1_NEK5_NEK3_NEK4_NEK11_NEK2_group	NEK4
KIN	NEK1_NEK5_NEK3_NEK4_NEK11_NEK2_group	NEK11
KIN	NEK1_NEK5_NEK3_NEK4_NEK11_NEK2_group	NEK2
KIN	NEK1_NEK5_NEK3_NEK4_NEK11_group	NEK1
KIN	NEK1_NEK5_NEK3_NEK4_NEK11_group	NEK5
KIN	NEK1_NEK5_NEK3_NEK4_NEK11_group	NEK3
KIN	NEK1_NEK5_NEK3_NEK4_NEK11_group	NEK4
KIN	NEK1_NEK5_NEK3_NEK4_NEK11_group	NEK11
KIN	NEK1_NEK5_NEK3_NEK4_group	NEK1
KIN	NEK1_NEK5_NEK3_NEK4_group	NEK5
KIN	NEK1_NEK5_NEK3_NEK4_group	NEK3
KIN	NEK1_NEK5_NEK3_NEK4_group	NEK4
KIN	NEK1_NEK5_NEK3_group	NEK1
KIN	NEK1_NEK5_NEK3_group	NEK5
KIN	NEK1_NEK5_NEK3_group	NEK3
KIN	NEK1_NEK5_group	NEK1
KIN	NEK1_NEK5_group	NEK5
KIN	NEK1	NEK1
KIN	NEK5	NEK5
KIN	NEK3	NEK3
KIN	NEK4	NEK4
KIN	NEK11	NEK11
KIN	NEK2	NEK2
KIN	NEK9_NEK8_group	NEK9
KIN	NEK9_NEK8_group	NEK8
KIN	NEK9	NEK9
KIN	NEK8	NEK8
KIN	NEK6_NEK7_group	NEK6
KIN	NEK6_NEK7_group	NEK7
KIN	NEK6	NEK6
KIN	NEK7	NEK7
KIN	NEK10	NEK10
KIN	CDC7	CDC7
KIN	TBCK	TBCK
KIN	PINK1	PINK1
KIN	NKF3_group	SgK223
KIN	NKF3_group	SgK269
KIN	SgK223	SgK223
KIN	SgK269	SgK269
KIN	CK_group	CK1alpha
KIN	CK_group	CK1alpha2
KIN	CK_group	CK1delta
KIN	CK_group	CK1epsilon
KIN	CK_group	CK1gamma2
KIN	CK_group	CK1gamma3
KIN	CK_group	CK1gamma1
KIN	CK_group	TTBK2
KIN	CK_group	TTBK1
KIN	CK_group	VRK1
KIN	CK_group	VRK2
KIN	CK_group	VRK3
KIN	CK_group	BUB1
KIN	CK_group	BUBR1
KIN	CK_group	SgK396
KIN	CK_group	Haspin
KIN	CK_group	SgK196
KIN	CK_group	SgK493
KIN	CK_group	SBK
KIN	CK_group	SgK069
KIN	CK_group	SgK110
KIN	CK1_group	CK1alpha
KIN	CK1_group	CK1alpha2
KIN	CK1_group	CK1delta
KIN	CK1_group	CK1epsilon
KIN	CK1_group	CK1gamma2
KIN	CK1_group	CK1gamma3
KIN	CK1_group	CK1gamma1
KIN	CK1alpha_CK1delta_CK1epsilon_group	CK1alpha
KIN	CK1alpha_CK1delta_CK1epsilon_group	CK1alpha2
KIN	CK1alpha_CK1delta_CK1epsilon_group	CK1delta
KIN	CK1alpha_CK1delta_CK1epsilon_group	CK1epsilon
KIN	CK1alpha_group	CK1alpha
KIN	CK1alpha_group	CK1alpha2
KIN	CK1alpha	CK1alpha
KIN	CK1alpha2	CK1alpha2
KIN	CK1delta_CK1epsilon_group	CK1delta
KIN	CK1delta_CK1epsilon_group	CK1epsilon
KIN	CK1delta	CK1delta
KIN	CK1epsilon	CK1epsilon
KIN	CK1gamma_group	CK1gamma2
KIN	CK1gamma_group	CK1gamma3
KIN	CK1gamma_group	CK1gamma1
KIN	CK1gamma2	CK1gamma2
KIN	CK1gamma3_CK1gamma1_group	CK1gamma3
KIN	CK1gamma3_CK1gamma1_group	CK1gamma1
KIN	CK1gamma3	CK1gamma3
KIN	CK1gamma1	CK1gamma1
KIN	TTBK_group	TTBK2
KIN	TTBK_group	TTBK1
KIN	TTBK2	TTBK2
KIN	TTBK1	TTBK1
KIN	VRK_group	VRK1
KIN	VRK_group	VRK2
KIN	VRK_group	VRK3
KIN	VRK1_VRK2_group	VRK1
KIN	VRK1_VRK2_group	VRK2
KIN	VRK1	VRK1
KIN	VRK2	VRK2
KIN	VRK3	VRK3
KIN	BUB1_BUBR1_group	BUB1
KIN	BUB1_BUBR1_group	BUBR1
KIN	BUB1	BUB1
KIN	BUBR1	BUBR1
KIN	SgK396	SgK396
KIN	Haspin	Haspin
KIN	SgK196	SgK196
KIN	SgK493	SgK493
KIN	NKF1_group	SBK
KIN	NKF1_group	SgK069
KIN	NKF1_group	SgK110
KIN	SBK	SBK
KIN	SgK069_SgK110_group	SgK069
KIN	SgK069_SgK110_group	SgK110
KIN	SgK069	SgK069
KIN	SgK110	SgK110
KIN	PBK	PBK
KIN	RGC_group	ANPa
KIN	RGC_group	ANPb
KIN	RGC_group	HSER
KIN	RGC_group	CYGD
KIN	RGC_group	CYGF
KIN	ANPa_ANPb_HSER_group	ANPa
KIN	ANPa_ANPb_HSER_group	ANPb
KIN	ANPa_ANPb_HSER_group	HSER
KIN	ANPa_ANPb_group	ANPa
KIN	ANPa_ANPb_group	ANPb
KIN	ANPa	ANPa
KIN	ANPb	ANPb
KIN	HSER	HSER
KIN	CYGD_CYGF_group	CYGD
KIN	CYGD_CYGF_group	CYGF
KIN	CYGD	CYGD
KIN	CYGF	CYGF
KIN	MOS	MOS
KIN	SgK496	SgK496
KIN	TKL_group	IRAK1
KIN	TKL_group	IRAK3
KIN	TKL_group	IRAK2
KIN	TKL_group	IRAK4
KIN	TKL_group	MLKL
KIN	TKL_group	LIMK2
KIN	TKL_group	LIMK1
KIN	TKL_group	TESK1
KIN	TKL_group	TESK2
KIN	TKL_group	LRRK2
KIN	TKL_group	LRRK1
KIN	TKL_group	RIPK1
KIN	TKL_group	RIPK2
KIN	TKL_group	ANKRD3
KIN	TKL_group	SgK288
KIN	TKL_group	RIPK3
KIN	TKL_group	HH498
KIN	TKL_group	MAP3K7
KIN	TKL_group	DLK
KIN	TKL_group	MAP3K13
KIN	TKL_group	MAP3K9
KIN	TKL_group	MAP3K11
KIN	TKL_group	MLK4
KIN	TKL_group	MAP3K10
KIN	TKL_group	ZAK
KIN	TKL_group	ARAF
KIN	TKL_group	BRAF
KIN	TKL_group	RAF1
KIN	TKL_group	KSR1
KIN	TKL_group	KSR2
KIN	TKL_group	ILK
KIN	TKL_group	ALK1
KIN	TKL_group	ALK2
KIN	TKL_group	ALK4
KIN	TKL_group	TGFbR1
KIN	TKL_group	ALK7
KIN	TKL_group	BMPR1A
KIN	TKL_group	BMPR1B
KIN	TKL_group	ACTR2
KIN	TKL_group	ACTR2B
KIN	TKL_group	TGFbR2
KIN	TKL_group	MISR2
KIN	TKL_group	BMPR2
KIN	IRAK_group	IRAK1
KIN	IRAK_group	IRAK3
KIN	IRAK_group	IRAK2
KIN	IRAK_group	IRAK4
KIN	IRAK1_IRAK3_IRAK2_group	IRAK1
KIN	IRAK1_IRAK3_IRAK2_group	IRAK3
KIN	IRAK1_IRAK3_IRAK2_group	IRAK2
KIN	IRAK1_IRAK3_group	IRAK1
KIN	IRAK1_IRAK3_group	IRAK3
KIN	IRAK1	IRAK1
KIN	IRAK3	IRAK3
KIN	IRAK2	IRAK2
KIN	IRAK4	IRAK4
KIN	MLKL	MLKL
KIN	LISK_group	LIMK2
KIN	LISK_group	LIMK1
KIN	LISK_group	TESK1
KIN	LISK_group	TESK2
KIN	LIMK_group	LIMK2
KIN	LIMK_group	LIMK1
KIN	LIMK2	LIMK2
KIN	LIMK1	LIMK1
KIN	TESK_group	TESK1
KIN	TESK_group	TESK2
KIN	TESK1	TESK1
KIN	TESK2	TESK2
KIN	LRRK_group	LRRK2
KIN	LRRK_group	LRRK1
KIN	LRRK2	LRRK2
KIN	LRRK1	LRRK1
KIN	RIPK_group	RIPK1
KIN	RIPK_group	RIPK2
KIN	RIPK_group	ANKRD3
KIN	RIPK_group	SgK288
KIN	RIPK_group	RIPK3
KIN	RIPK1	RIPK1
KIN	ANKRD3_SgK288_RIPK2_RIPK3_group	RIPK2
KIN	ANKRD3_SgK288_RIPK2_RIPK3_group	ANKRD3
KIN	ANKRD3_SgK288_RIPK2_RIPK3_group	SgK288
KIN	ANKRD3_SgK288_RIPK2_RIPK3_group	RIPK3
KIN	ANKRD3_SgK288_RIPK2_group	RIPK2
KIN	ANKRD3_SgK288_RIPK2_group	ANKRD3
KIN	ANKRD3_SgK288_RIPK2_group	SgK288
KIN	RIPK2	RIPK2
KIN	ANKRD3_SgK288_group	ANKRD3
KIN	ANKRD3_SgK288_group	SgK288
KIN	ANKRD3	ANKRD3
KIN	SgK288	SgK288
KIN	RIPK3	RIPK3
KIN	MLK_group	HH498
KIN	MLK_group	MAP3K7
KIN	MLK_group	DLK
KIN	MLK_group	MAP3K13
KIN	MLK_group	MAP3K9
KIN	MLK_group	MAP3K11
KIN	MLK_group	MLK4
KIN	MLK_group	MAP3K10
KIN	MLK_group	ZAK
KIN	HH498_MAP3K7_group	HH498
KIN	HH498_MAP3K7_group	MAP3K7
KIN	HH498	HH498
KIN	MAP3K7	MAP3K7
KIN	DLK_MAP3K13_MAP3K9_MAP3K11_MLK4_MAP3K10_ZAK_group	DLK
KIN	DLK_MAP3K13_MAP3K9_MAP3K11_MLK4_MAP3K10_ZAK_group	MAP3K13
KIN	DLK_MAP3K13_MAP3K9_MAP3K11_MLK4_MAP3K10_ZAK_group	MAP3K9
KIN	DLK_MAP3K13_MAP3K9_MAP3K11_MLK4_MAP3K10_ZAK_group	MAP3K11
KIN	DLK_MAP3K13_MAP3K9_MAP3K11_MLK4_MAP3K10_ZAK_group	MLK4
KIN	DLK_MAP3K13_MAP3K9_MAP3K11_MLK4_MAP3K10_ZAK_group	MAP3K10
KIN	DLK_MAP3K13_MAP3K9_MAP3K11_MLK4_MAP3K10_ZAK_group	ZAK
KIN	DLK_MAP3K13_MAP3K9_MAP3K11_MLK4_MAP3K10	DLK
KIN	DLK_MAP3K13_MAP3K9_MAP3K11_MLK4_MAP3K10	MAP3K13
KIN	DLK_MAP3K13_MAP3K9_MAP3K11_MLK4_MAP3K10	MAP3K9
KIN	DLK_MAP3K13_MAP3K9_MAP3K11_MLK4_MAP3K10	MAP3K11
KIN	DLK_MAP3K13_MAP3K9_MAP3K11_MLK4_MAP3K10	MLK4
KIN	DLK_MAP3K13_MAP3K9_MAP3K11_MLK4_MAP3K10	MAP3K10
KIN	MAP3K13_group	DLK
KIN	MAP3K13_group	MAP3K13
KIN	DLK	DLK
KIN	MAP3K13	MAP3K13
KIN	MAP3K9_MAP3K11_MLK4_MAP3K10_group	MAP3K9
KIN	MAP3K9_MAP3K11_MLK4_MAP3K10_group	MAP3K11
KIN	MAP3K9_MAP3K11_MLK4_MAP3K10_group	MLK4
KIN	MAP3K9_MAP3K11_MLK4_MAP3K10_group	MAP3K10
KIN	MAP3K9_MAP3K11_MLK4_group	MAP3K9
KIN	MAP3K9_MAP3K11_MLK4_group	MAP3K11
KIN	MAP3K9_MAP3K11_MLK4_group	MLK4
KIN	MAP3K9_MAP3K11_group	MAP3K9
KIN	MAP3K9_MAP3K11_group	MAP3K11
KIN	MAP3K9	MAP3K9
KIN	MAP3K11	MAP3K11
KIN	MLK4	MLK4
KIN	MAP3K10	MAP3K10
KIN	ZAK	ZAK
KIN	RAF_group	ARAF
KIN	RAF_group	BRAF
KIN	RAF_group	RAF1
KIN	RAF_group	KSR1
KIN	RAF_group	KSR2
KIN	ARAF_BRAF_RAF1_group	ARAF
KIN	ARAF_BRAF_RAF1_group	BRAF
KIN	ARAF_BRAF_RAF1_group	RAF1
KIN	ARAF	ARAF
KIN	BRAF_RAF1_group	BRAF
KIN	BRAF_RAF1_group	RAF1
KIN	BRAF	BRAF
KIN	RAF1	RAF1
KIN	KSR1_KSR2_group	KSR1
KIN	KSR1_KSR2_group	KSR2
KIN	KSR1	KSR1
KIN	KSR2	KSR2
KIN	ILK	ILK
KIN	STKR_group	ALK1
KIN	STKR_group	ALK2
KIN	STKR_group	ALK4
KIN	STKR_group	TGFbR1
KIN	STKR_group	ALK7
KIN	STKR_group	BMPR1A
KIN	STKR_group	BMPR1B
KIN	STKR_group	ACTR2
KIN	STKR_group	ACTR2B
KIN	STKR_group	TGFbR2
KIN	STKR_group	MISR2
KIN	STKR_group	BMPR2
KIN	STKR_type1_group	ALK1
KIN	STKR_type1_group	ALK2
KIN	STKR_type1_group	ALK4
KIN	STKR_type1_group	TGFbR1
KIN	STKR_type1_group	ALK7
KIN	STKR_type1_group	BMPR1A
KIN	STKR_type1_group	BMPR1B
KIN	ALK1_ALK2_group	ALK1
KIN	ALK1_ALK2_group	ALK2
KIN	ALK1	ALK1
KIN	ALK2	ALK2
KIN	ALK4_TGFbR1_ALK7_BMPR1A_BMPR1B_group	ALK4
KIN	ALK4_TGFbR1_ALK7_BMPR1A_BMPR1B_group	TGFbR1
KIN	ALK4_TGFbR1_ALK7_BMPR1A_BMPR1B_group	ALK7
KIN	ALK4_TGFbR1_ALK7_BMPR1A_BMPR1B_group	BMPR1A
KIN	ALK4_TGFbR1_ALK7_BMPR1A_BMPR1B_group	BMPR1B
KIN	ALK4_TGFbR1_ALK7_group	ALK4
KIN	ALK4_TGFbR1_ALK7_group	TGFbR1
KIN	ALK4_TGFbR1_ALK7_group	ALK7
KIN	ALK4_TGFbR1_group	ALK4
KIN	ALK4_TGFbR1_group	TGFbR1
KIN	ALK4	ALK4
KIN	TGFbR1	TGFbR1
KIN	ALK7	ALK7
KIN	BMPR1A_BMPR1B	BMPR1A
KIN	BMPR1A_BMPR1B	BMPR1B
KIN	BMPR1A	BMPR1A
KIN	BMPR1B	BMPR1B
KIN	STKR_type2_group	ACTR2
KIN	STKR_type2_group	ACTR2B
KIN	STKR_type2_group	TGFbR2
KIN	STKR_type2_group	MISR2
KIN	STKR_type2_group	BMPR2
KIN	ACTR2_ACTR2B_TGFbR2_group	ACTR2
KIN	ACTR2_ACTR2B_TGFbR2_group	ACTR2B
KIN	ACTR2_ACTR2B_TGFbR2_group	TGFbR2
KIN	ACTR2_ACTR2B_group	ACTR2
KIN	ACTR2_ACTR2B_group	ACTR2B
KIN	ACTR2	ACTR2
KIN	ACTR2B	ACTR2B
KIN	TGFbR2	TGFbR2
KIN	MISR2_BMPR2_group	MISR2
KIN	MISR2_BMPR2_group	BMPR2
KIN	MISR2	MISR2
KIN	BMPR2	BMPR2
KIN	TK_group	Abl
KIN	TK_group	Abl2
KIN	TK_group	BTK
KIN	TK_group	BMX
KIN	TK_group	ITK
KIN	TK_group	Tec
KIN	TK_group	TXK
KIN	TK_group	BLK
KIN	TK_group	HCK
KIN	TK_group	Lyn
KIN	TK_group	Lck
KIN	TK_group	Fgr
KIN	TK_group	Fyn
KIN	TK_group	Src
KIN	TK_group	Yes
KIN	TK_group	FRK
KIN	TK_group	Brk
KIN	TK_group	Srm
KIN	TK_group	Csk
KIN	TK_group	CTK
KIN	TK_group	Fer
KIN	TK_group	Fes
KIN	TK_group	TNK2
KIN	TK_group	TNK1
KIN	TK_group	EGFR
KIN	TK_group	ErbB2
KIN	TK_group	ErbB4
KIN	TK_group	ErbB3
KIN	TK_group	JAK1
KIN	TK_group	Tyk2
KIN	TK_group	JAK2
KIN	TK_group	JAK3
KIN	TK_group	CCK4
KIN	TK_group	JAKb1
KIN	TK_group	Tyk2b
KIN	TK_group	JAKb2
KIN	TK_group	JAKb3
KIN	TK_group	SuRTK106
KIN	TK_group	Lmr1
KIN	TK_group	Lmr2
KIN	TK_group	Lmr3
KIN	TK_group	ALK
KIN	TK_group	LTK
KIN	TK_group	Ros
KIN	TK_group	IRR
KIN	TK_group	InsR
KIN	TK_group	IGF1R
KIN	TK_group	DDR1
KIN	TK_group	DDR2
KIN	TK_group	Musk
KIN	TK_group	TRKA
KIN	TK_group	TRKB
KIN	TK_group	TRKC
KIN	TK_group	ROR1
KIN	TK_group	ROR2
KIN	TK_group	Axl
KIN	TK_group	Mer
KIN	TK_group	Sky
KIN	TK_group	Met
KIN	TK_group	Ron
KIN	TK_group	RYK
KIN	TK_group	FGFR1
KIN	TK_group	FGFR2
KIN	TK_group	FGFR3
KIN	TK_group	FGFR4
KIN	TK_group	Ret
KIN	TK_group	KDR
KIN	TK_group	FLT1
KIN	TK_group	FLT4
KIN	TK_group	CSF1R
KIN	TK_group	Kit
KIN	TK_group	FLT3
KIN	TK_group	PDGFRalpha
KIN	TK_group	PDGFRbeta
KIN	TK_group	Tie2
KIN	TK_group	Tie1
KIN	TK_group	EphA1
KIN	TK_group	EphA2
KIN	TK_group	EphA3
KIN	TK_group	EphA5
KIN	TK_group	EphA4
KIN	TK_group	EphA6
KIN	TK_group	EphA7
KIN	TK_group	EphB1
KIN	TK_group	EphB2
KIN	TK_group	EphB3
KIN	TK_group	EphB4
KIN	TK_group	EphA8
KIN	TK_group	EphB6
KIN	TK_group	EphA10
KIN	TK_group	FAK
KIN	TK_group	PYK2
KIN	TK_group	Syk
KIN	TK_group	ZAP70
KIN	Abl_group	Abl
KIN	Abl_group	Abl2
KIN	Abl	Abl
KIN	Abl2	Abl2
KIN	Tec_group	BTK
KIN	Tec_group	BMX
KIN	Tec_group	ITK
KIN	Tec_group	Tec
KIN	Tec_group	TXK
KIN	BTK_BMX_group	BTK
KIN	BTK_BMX_group	BMX
KIN	BTK	BTK
KIN	BMX	BMX
KIN	ITK_Tec_TXK_group	ITK
KIN	ITK_Tec_TXK_group	Tec
KIN	ITK_Tec_TXK_group	TXK
KIN	ITK	ITK
KIN	Tec_TXK_group	Tec
KIN	Tec_TXK_group	TXK
KIN	Tec	Tec
KIN	TXK	TXK
KIN	Src_group	BLK
KIN	Src_group	HCK
KIN	Src_group	Lyn
KIN	Src_group	Lck
KIN	Src_group	Fgr
KIN	Src_group	Fyn
KIN	Src_group	Src
KIN	Src_group	Yes
KIN	Src_group	FRK
KIN	Src_group	Brk
KIN	Src_group	Srm
KIN	FRK_BLK_Lck_HCK_Lyn_Fgr_Fyn_Src_Yes_group	BLK
KIN	FRK_BLK_Lck_HCK_Lyn_Fgr_Fyn_Src_Yes_group	HCK
KIN	FRK_BLK_Lck_HCK_Lyn_Fgr_Fyn_Src_Yes_group	Lyn
KIN	FRK_BLK_Lck_HCK_Lyn_Fgr_Fyn_Src_Yes_group	Lck
KIN	FRK_BLK_Lck_HCK_Lyn_Fgr_Fyn_Src_Yes_group	Fgr
KIN	FRK_BLK_Lck_HCK_Lyn_Fgr_Fyn_Src_Yes_group	Fyn
KIN	FRK_BLK_Lck_HCK_Lyn_Fgr_Fyn_Src_Yes_group	Src
KIN	FRK_BLK_Lck_HCK_Lyn_Fgr_Fyn_Src_Yes_group	Yes
KIN	FRK_BLK_Lck_HCK_Lyn_Fgr_Fyn_Src_Yes_group	FRK
KIN	BLK_Lck_HCK_Lyn_Fgr_Fyn_Src_Yes_group	BLK
KIN	BLK_Lck_HCK_Lyn_Fgr_Fyn_Src_Yes_group	HCK
KIN	BLK_Lck_HCK_Lyn_Fgr_Fyn_Src_Yes_group	Lyn
KIN	BLK_Lck_HCK_Lyn_Fgr_Fyn_Src_Yes_group	Lck
KIN	BLK_Lck_HCK_Lyn_Fgr_Fyn_Src_Yes_group	Fgr
KIN	BLK_Lck_HCK_Lyn_Fgr_Fyn_Src_Yes_group	Fyn
KIN	BLK_Lck_HCK_Lyn_Fgr_Fyn_Src_Yes_group	Src
KIN	BLK_Lck_HCK_Lyn_Fgr_Fyn_Src_Yes_group	Yes
KIN	BLK_Lck_HCK_Lyn_group	BLK
KIN	BLK_Lck_HCK_Lyn_group	HCK
KIN	BLK_Lck_HCK_Lyn_group	Lyn
KIN	BLK_Lck_HCK_Lyn_group	Lck
KIN	BLK	BLK
KIN	Lck_HCK_Lyn_group	HCK
KIN	Lck_HCK_Lyn_group	Lyn
KIN	Lck_HCK_Lyn_group	Lck
KIN	HCK_Lyn_group	HCK
KIN	HCK_Lyn_group	Lyn
KIN	HCK	HCK
KIN	Lyn	Lyn
KIN	Lck	Lck
KIN	Fgr_Fyn_Src_Yes_group	Fgr
KIN	Fgr_Fyn_Src_Yes_group	Fyn
KIN	Fgr_Fyn_Src_Yes_group	Src
KIN	Fgr_Fyn_Src_Yes_group	Yes
KIN	Fgr	Fgr
KIN	Fyn_Src_Yes_group	Fyn
KIN	Fyn_Src_Yes_group	Src
KIN	Fyn_Src_Yes_group	Yes
KIN	Fyn	Fyn
KIN	Src_Yes_group	Src
KIN	Src_Yes_group	Yes
KIN	Src	Src
KIN	Yes	Yes
KIN	FRK	FRK
KIN	Brk_Srm_group	Brk
KIN	Brk_Srm_group	Srm
KIN	Brk	Brk
KIN	Srm	Srm
KIN	Csk_group	Csk
KIN	Csk_group	CTK
KIN	Csk	Csk
KIN	CTK	CTK
KIN	Fer_group	Fer
KIN	Fer_group	Fes
KIN	Fer	Fer
KIN	Fes	Fes
KIN	TNK2_group	TNK2
KIN	TNK2_group	TNK1
KIN	TNK2	TNK2
KIN	TNK1	TNK1
KIN	EGFR_group	EGFR
KIN	EGFR_group	ErbB2
KIN	EGFR_group	ErbB4
KIN	EGFR_group	ErbB3
KIN	ErbB4_EGFR_ErbB2_group	EGFR
KIN	ErbB4_EGFR_ErbB2_group	ErbB2
KIN	ErbB4_EGFR_ErbB2_group	ErbB4
KIN	EGFR_ErbB2_group	EGFR
KIN	EGFR_ErbB2_group	ErbB2
KIN	EGFR	EGFR
KIN	ErbB2	ErbB2
KIN	ErbB4	ErbB4
KIN	ErbB3	ErbB3
KIN	JAK_group	JAK1
KIN	JAK_group	Tyk2
KIN	JAK_group	JAK2
KIN	JAK_group	JAK3
KIN	JAK1_Tyk2_group	JAK1
KIN	JAK1_Tyk2_group	Tyk2
KIN	JAK1	JAK1
KIN	Tyk2	Tyk2
KIN	JAK2_JAK3_group	JAK2
KIN	JAK2_JAK3_group	JAK3
KIN	JAK2	JAK2
KIN	JAK3	JAK3
KIN	CCK4	CCK4
KIN	JAKb_group	JAKb1
KIN	JAKb_group	Tyk2b
KIN	JAKb_group	JAKb2
KIN	JAKb_group	JAKb3
KIN	JAKb1_Tyk2b	JAKb1
KIN	JAKb1_Tyk2b	Tyk2b
KIN	JAKb1	JAKb1
KIN	Tyk2b	Tyk2b
KIN	JAKb2_JAKb3_group	JAKb2
KIN	JAKb2_JAKb3_group	JAKb3
KIN	JAKb2	JAKb2
KIN	JAKb3	JAKb3
KIN	SuRTK106	SuRTK106
KIN	Lmr_group	Lmr1
KIN	Lmr_group	Lmr2
KIN	Lmr_group	Lmr3
KIN	Lmr1_Lmr2_group	Lmr1
KIN	Lmr1_Lmr2_group	Lmr2
KIN	Lmr1	Lmr1
KIN	Lmr2	Lmr2
KIN	Lmr3	Lmr3
KIN	ALK_group	ALK
KIN	ALK_group	LTK
KIN	ALK	ALK
KIN	LTK	LTK
KIN	Ros	Ros
KIN	InsR_group	IRR
KIN	InsR_group	InsR
KIN	InsR_group	IGF1R
KIN	IRR	IRR
KIN	InsR_IGF1R_group	InsR
KIN	InsR_IGF1R_group	IGF1R
KIN	InsR	InsR
KIN	IGF1R	IGF1R
KIN	DDR_group	DDR1
KIN	DDR_group	DDR2
KIN	DDR1	DDR1
KIN	DDR2	DDR2
KIN	Musk	Musk
KIN	Trk_group	TRKA
KIN	Trk_group	TRKB
KIN	Trk_group	TRKC
KIN	TRKA	TRKA
KIN	TRKB_TRKC_group	TRKB
KIN	TRKB_TRKC_group	TRKC
KIN	TRKB	TRKB
KIN	TRKC	TRKC
KIN	Ror_group	ROR1
KIN	Ror_group	ROR2
KIN	ROR1	ROR1
KIN	ROR2	ROR2
KIN	Axl_group	Axl
KIN	Axl_group	Mer
KIN	Axl_group	Sky
KIN	Axl_Mer_group	Axl
KIN	Axl_Mer_group	Mer
KIN	Axl	Axl
KIN	Mer	Mer
KIN	Sky	Sky
KIN	Met_group	Met
KIN	Met_group	Ron
KIN	Met	Met
KIN	Ron	Ron
KIN	RYK	RYK
KIN	FGFR_group	FGFR1
KIN	FGFR_group	FGFR2
KIN	FGFR_group	FGFR3
KIN	FGFR_group	FGFR4
KIN	FGFR1	FGFR1
KIN	FGFR2_FGFR3_group	FGFR2
KIN	FGFR2_FGFR3_group	FGFR3
KIN	FGFR2	FGFR2
KIN	FGFR3	FGFR3
KIN	FGFR4	FGFR4
KIN	Ret	Ret
KIN	VEGFR_group	KDR
KIN	VEGFR_group	FLT1
KIN	VEGFR_group	FLT4
KIN	KDR_FLT1_group	KDR
KIN	KDR_FLT1_group	FLT1
KIN	KDR	KDR
KIN	FLT1	FLT1
KIN	FLT4	FLT4
KIN	FLT3_CSF1R_Kit_PDGFR_group	CSF1R
KIN	FLT3_CSF1R_Kit_PDGFR_group	Kit
KIN	FLT3_CSF1R_Kit_PDGFR_group	FLT3
KIN	FLT3_CSF1R_Kit_PDGFR_group	PDGFRalpha
KIN	FLT3_CSF1R_Kit_PDGFR_group	PDGFRbeta
KIN	FLT3_CSF1R_Kit_group	CSF1R
KIN	FLT3_CSF1R_Kit_group	Kit
KIN	FLT3_CSF1R_Kit_group	FLT3
KIN	CSF1R_Kit_group	CSF1R
KIN	CSF1R_Kit_group	Kit
KIN	CSF1R	CSF1R
KIN	Kit	Kit
KIN	FLT3	FLT3
KIN	PDGFR_group	PDGFRalpha
KIN	PDGFR_group	PDGFRbeta
KIN	PDGFRalpha	PDGFRalpha
KIN	PDGFRbeta	PDGFRbeta
KIN	Tie_group	Tie2
KIN	Tie_group	Tie1
KIN	Tie2	Tie2
KIN	Tie1	Tie1
KIN	Eph_group	EphA1
KIN	Eph_group	EphA2
KIN	Eph_group	EphA3
KIN	Eph_group	EphA5
KIN	Eph_group	EphA4
KIN	Eph_group	EphA6
KIN	Eph_group	EphA7
KIN	Eph_group	EphB1
KIN	Eph_group	EphB2
KIN	Eph_group	EphB3
KIN	Eph_group	EphB4
KIN	Eph_group	EphA8
KIN	Eph_group	EphB6
KIN	Eph_group	EphA10
KIN	EphA1_EphA2_EphA8_EphA7_EphA6_EphA4_EphA3_EphA5_EphB4_EphB3_EphB1_EphB2_group	EphA1
KIN	EphA1_EphA2_EphA8_EphA7_EphA6_EphA4_EphA3_EphA5_EphB4_EphB3_EphB1_EphB2_group	EphA2
KIN	EphA1_EphA2_EphA8_EphA7_EphA6_EphA4_EphA3_EphA5_EphB4_EphB3_EphB1_EphB2_group	EphA3
KIN	EphA1_EphA2_EphA8_EphA7_EphA6_EphA4_EphA3_EphA5_EphB4_EphB3_EphB1_EphB2_group	EphA5
KIN	EphA1_EphA2_EphA8_EphA7_EphA6_EphA4_EphA3_EphA5_EphB4_EphB3_EphB1_EphB2_group	EphA4
KIN	EphA1_EphA2_EphA8_EphA7_EphA6_EphA4_EphA3_EphA5_EphB4_EphB3_EphB1_EphB2_group	EphA6
KIN	EphA1_EphA2_EphA8_EphA7_EphA6_EphA4_EphA3_EphA5_EphB4_EphB3_EphB1_EphB2_group	EphA7
KIN	EphA1_EphA2_EphA8_EphA7_EphA6_EphA4_EphA3_EphA5_EphB4_EphB3_EphB1_EphB2_group	EphB1
KIN	EphA1_EphA2_EphA8_EphA7_EphA6_EphA4_EphA3_EphA5_EphB4_EphB3_EphB1_EphB2_group	EphB2
KIN	EphA1_EphA2_EphA8_EphA7_EphA6_EphA4_EphA3_EphA5_EphB4_EphB3_EphB1_EphB2_group	EphB3
KIN	EphA1_EphA2_EphA8_EphA7_EphA6_EphA4_EphA3_EphA5_EphB4_EphB3_EphB1_EphB2_group	EphB4
KIN	EphA1_EphA2_EphA8_EphA7_EphA6_EphA4_EphA3_EphA5_EphB4_EphB3_EphB1_EphB2_group	EphA8
KIN	EphA1	EphA1
KIN	EphA2_EphA8_EphA7_EphA6_EphA4_EphA3_EphA5_EphB4_EphB3_EphB1_EphB2_group	EphA2
KIN	EphA2_EphA8_EphA7_EphA6_EphA4_EphA3_EphA5_EphB4_EphB3_EphB1_EphB2_group	EphA3
KIN	EphA2_EphA8_EphA7_EphA6_EphA4_EphA3_EphA5_EphB4_EphB3_EphB1_EphB2_group	EphA5
KIN	EphA2_EphA8_EphA7_EphA6_EphA4_EphA3_EphA5_EphB4_EphB3_EphB1_EphB2_group	EphA4
KIN	EphA2_EphA8_EphA7_EphA6_EphA4_EphA3_EphA5_EphB4_EphB3_EphB1_EphB2_group	EphA6
KIN	EphA2_EphA8_EphA7_EphA6_EphA4_EphA3_EphA5_EphB4_EphB3_EphB1_EphB2_group	EphA7
KIN	EphA2_EphA8_EphA7_EphA6_EphA4_EphA3_EphA5_EphB4_EphB3_EphB1_EphB2_group	EphB1
KIN	EphA2_EphA8_EphA7_EphA6_EphA4_EphA3_EphA5_EphB4_EphB3_EphB1_EphB2_group	EphB2
KIN	EphA2_EphA8_EphA7_EphA6_EphA4_EphA3_EphA5_EphB4_EphB3_EphB1_EphB2_group	EphB3
KIN	EphA2_EphA8_EphA7_EphA6_EphA4_EphA3_EphA5_EphB4_EphB3_EphB1_EphB2_group	EphB4
KIN	EphA2_EphA8_EphA7_EphA6_EphA4_EphA3_EphA5_EphB4_EphB3_EphB1_EphB2_group	EphA8
KIN	EphA2	EphA2
KIN	EphA8_EphA7_EphA6_EphA4_EphA3_EphA5_EphB4_EphB3_EphB1_EphB2_group	EphA3
KIN	EphA8_EphA7_EphA6_EphA4_EphA3_EphA5_EphB4_EphB3_EphB1_EphB2_group	EphA5
KIN	EphA8_EphA7_EphA6_EphA4_EphA3_EphA5_EphB4_EphB3_EphB1_EphB2_group	EphA4
KIN	EphA8_EphA7_EphA6_EphA4_EphA3_EphA5_EphB4_EphB3_EphB1_EphB2_group	EphA6
KIN	EphA8_EphA7_EphA6_EphA4_EphA3_EphA5_EphB4_EphB3_EphB1_EphB2_group	EphA7
KIN	EphA8_EphA7_EphA6_EphA4_EphA3_EphA5_EphB4_EphB3_EphB1_EphB2_group	EphB1
KIN	EphA8_EphA7_EphA6_EphA4_EphA3_EphA5_EphB4_EphB3_EphB1_EphB2_group	EphB2
KIN	EphA8_EphA7_EphA6_EphA4_EphA3_EphA5_EphB4_EphB3_EphB1_EphB2_group	EphB3
KIN	EphA8_EphA7_EphA6_EphA4_EphA3_EphA5_EphB4_EphB3_EphB1_EphB2_group	EphB4
KIN	EphA8_EphA7_EphA6_EphA4_EphA3_EphA5_EphB4_EphB3_EphB1_EphB2_group	EphA8
KIN	EphA7_EphA6_EphA4_EphA3_EphA5_EphB4_EphB3_EphB1_EphB2_group	EphA3
KIN	EphA7_EphA6_EphA4_EphA3_EphA5_EphB4_EphB3_EphB1_EphB2_group	EphA5
KIN	EphA7_EphA6_EphA4_EphA3_EphA5_EphB4_EphB3_EphB1_EphB2_group	EphA4
KIN	EphA7_EphA6_EphA4_EphA3_EphA5_EphB4_EphB3_EphB1_EphB2_group	EphA6
KIN	EphA7_EphA6_EphA4_EphA3_EphA5_EphB4_EphB3_EphB1_EphB2_group	EphA7
KIN	EphA7_EphA6_EphA4_EphA3_EphA5_EphB4_EphB3_EphB1_EphB2_group	EphB1
KIN	EphA7_EphA6_EphA4_EphA3_EphA5_EphB4_EphB3_EphB1_EphB2_group	EphB2
KIN	EphA7_EphA6_EphA4_EphA3_EphA5_EphB4_EphB3_EphB1_EphB2_group	EphB3
KIN	EphA7_EphA6_EphA4_EphA3_EphA5_EphB4_EphB3_EphB1_EphB2_group	EphB4
KIN	EphA7_EphA6_EphA4_EphA3_EphA5_group	EphA3
KIN	EphA7_EphA6_EphA4_EphA3_EphA5_group	EphA5
KIN	EphA7_EphA6_EphA4_EphA3_EphA5_group	EphA4
KIN	EphA7_EphA6_EphA4_EphA3_EphA5_group	EphA6
KIN	EphA7_EphA6_EphA4_EphA3_EphA5_group	EphA7
KIN	EphA6_EphA4_EphA3_EphA5_group	EphA3
KIN	EphA6_EphA4_EphA3_EphA5_group	EphA5
KIN	EphA6_EphA4_EphA3_EphA5_group	EphA4
KIN	EphA6_EphA4_EphA3_EphA5_group	EphA6
KIN	EphA4_EphA3_EphA5_group	EphA3
KIN	EphA4_EphA3_EphA5_group	EphA5
KIN	EphA4_EphA3_EphA5_group	EphA4
KIN	EphA3_EphA5_group	EphA3
KIN	EphA3_EphA5_group	EphA5
KIN	EphA3	EphA3
KIN	EphA5	EphA5
KIN	EphA4	EphA4
KIN	EphA6	EphA6
KIN	EphA7	EphA7
KIN	EphB4_EphB3_EphB1_EphB2_group	EphB1
KIN	EphB4_EphB3_EphB1_EphB2_group	EphB2
KIN	EphB4_EphB3_EphB1_EphB2_group	EphB3
KIN	EphB4_EphB3_EphB1_EphB2_group	EphB4
KIN	EphB3_EphB1_EphB2_group	EphB1
KIN	EphB3_EphB1_EphB2_group	EphB2
KIN	EphB3_EphB1_EphB2_group	EphB3
KIN	EphB1_EphB2_group	EphB1
KIN	EphB1_EphB2_group	EphB2
KIN	EphB1	EphB1
KIN	EphB2	EphB2
KIN	EphB3	EphB3
KIN	EphB4	EphB4
KIN	EphA8	EphA8
KIN	EphB6_EphA10_group	EphB6
KIN	EphB6_EphA10_group	EphA10
KIN	EphB6	EphB6
KIN	EphA10	EphA10
KIN	FAK_group	FAK
KIN	FAK_group	PYK2
KIN	FAK	FAK
KIN	PYK2	PYK2
KIN	Syk_group	Syk
KIN	Syk_group	ZAP70
KIN	Syk	Syk
KIN	ZAP70	ZAP70
KIN	SgK307	SgK307
KIN	SgK424	SgK424
KIN	Slob	Slob
KIN	PIK3C3	PIK3C3
KIN	SCYL_group	SCYL1
KIN	SCYL_group	SCYL3
KIN	SCYL_group	SCYL2
KIN	SCYL1_SCYL3_group	SCYL1
KIN	SCYL1_SCYL3_group	SCYL3
KIN	SCYL1	SCYL1
KIN	SCYL3	SCYL3
KIN	SCYL2	SCYL2
KIN	NRBP_group	NRBP1
KIN	NRBP_group	NRBP2
KIN	NRBP1	NRBP1
KIN	NRBP2	NRBP2
KIN	Wnk_group	Wnk2
KIN	Wnk_group	Wnk1
KIN	Wnk_group	Wnk3
KIN	Wnk_group	Wnk4
KIN	Wnk1_Wnk3_Wnk4_group	Wnk2
KIN	Wnk1_Wnk3_Wnk4_group	Wnk1
KIN	Wnk1_Wnk3_Wnk4_group	Wnk3
KIN	Wnk2	Wnk2
KIN	Wnk1_Wnk3_group	Wnk1
KIN	Wnk1_Wnk3_group	Wnk3
KIN	Wnk1	Wnk1
KIN	Wnk3	Wnk3
KIN	Wnk4	Wnk4
KIN	Brd_group	BrdT
KIN	Brd_group	Brd4
KIN	Brd_group	Brd2
KIN	Brd_group	Brd3
KIN	BrdT	BrdT
KIN	Brd4	Brd4
KIN	Brd2_Brd3_group	Brd2
KIN	Brd2_Brd3_group	Brd3
KIN	Brd2	Brd2
KIN	Brd3	Brd3
KIN	Alpha_group	AlphaK2
KIN	Alpha_group	AlphaK1
KIN	Alpha_group	eEF2K
KIN	Alpha_group	AlphaK3
KIN	Alpha_group	Chak1
KIN	Alpha_group	Chak2
KIN	AlphaK2_AlphaK1_eEF2K_group	AlphaK2
KIN	AlphaK2_AlphaK1_eEF2K_group	AlphaK1
KIN	AlphaK2_AlphaK1_eEF2K_group	eEF2K
KIN	AlphaK2_AlphaK1_group	AlphaK2
KIN	AlphaK2_AlphaK1_group	AlphaK1
KIN	AlphaK2	AlphaK2
KIN	AlphaK1	AlphaK1
KIN	eEF2K	eEF2K
KIN	AlphaK3	AlphaK3
KIN	Chak1_Chak2_group	Chak1
KIN	Chak1_Chak2_group	Chak2
KIN	Chak1	Chak1
KIN	Chak2	Chak2
KIN	ABC1	ADCK2
KIN	ABC1	ADCK3
KIN	ABC1	ADCK4
KIN	ABC1	ADCK1
KIN	ABC1	ADCK5
KIN	ADCK2	ADCK2
KIN	ADCK3_ADCK4_group	ADCK3
KIN	ADCK3_ADCK4_group	ADCK4
KIN	ADCK3	ADCK3
KIN	ADCK4	ADCK4
KIN	ADCK1_ADCK5_group	ADCK1
KIN	ADCK1_ADCK5_group	ADCK5
KIN	ADCK1	ADCK1
KIN	ADCK5	ADCK5
KIN	PDHK_group	BCKDK
KIN	PDHK_group	PDHK4
KIN	PDHK_group	PDHK3
KIN	PDHK_group	PDHK1
KIN	PDHK_group	PDHK2
KIN	BCKDK_PDHK4_group	BCKDK
KIN	BCKDK_PDHK4_group	PDHK4
KIN	BCKDK	BCKDK
KIN	PDHK4	PDHK4
KIN	PDHK3_PDHK1_group	PDHK3
KIN	PDHK3_PDHK1_group	PDHK1
KIN	PDHK3	PDHK3
KIN	PDHK1	PDHK1
KIN	PDHK2	PDHK2
KIN	PIKK_group	SMG1
KIN	PIKK_group	TRRAP
KIN	PIKK_group	DNAPK
KIN	PIKK_group	mTOR
KIN	PIKK_group	ATM
KIN	PIKK_group	ATR
KIN	SMG1_TRRAP_group	SMG1
KIN	SMG1_TRRAP_group	TRRAP
KIN	SMG1	SMG1
KIN	TRRAP	TRRAP
KIN	DNAPK	DNAPK
KIN	mTOR_ATM_ATR_group	mTOR
KIN	mTOR_ATM_ATR_group	ATM
KIN	mTOR_ATM_ATR_group	ATR
KIN	mTOR	mTOR
KIN	ATM_ATR_group	ATM
KIN	ATM_ATR_group	ATR
KIN	ATM	ATM
KIN	ATR	ATR
KIN	RIO_group	RIOK2
KIN	RIO_group	RIOK1
KIN	RIO_group	RIOK3
KIN	RIOK2	RIOK2
KIN	RIOK1	RIOK1
KIN	RIOK3	RIOK3
KIN	TIF1_group	TIF1beta
KIN	TIF1_group	TIF1gamma
KIN	TIF1_group	TIF1alpha
KIN	TIF1beta	TIF1beta
KIN	TIF1gamma	TIF1gamma
KIN	TIF1alpha	TIF1alpha
PTP	PTP_group	PTPRA
PTP	PTP_group	PTPRE
PTP	PTP_group	PTPRC
PTP	PTP_group	PTPRF
PTP	PTP_group	PTPRD
PTP	PTP_group	PTPRS
PTP	PTP_group	PTPRM
PTP	PTP_group	PTPRT
PTP	PTP_group	PTPRK
PTP	PTP_group	PTPRU
PTP	PTP_group	PTPRG
PTP	PTP_group	PTPRZ1
PTP	PTP_group	PTPRJ
PTP	PTP_group	PTPRB
PTP	PTP_group	PTPRO
PTP	PTP_group	PTPGMC1
PTP	PTP_group	PTPRH
PTP	PTP_group	PTPRR
PTP	PTP_group	PTPN5
PTP	PTP_group	PTPN7
PTP	PTP_group	PTPN6
PTP	PTP_group	PTPN11
PTP	PTP_group	PTPN22
PTP	PTP_group	PTPN12
PTP	PTP_group	PTPN18
PTP	PTP_group	PTPN4
PTP	PTP_group	PTPN3
PTP	PTP_group	PTPN21
PTP	PTP_group	PTPN14
PTP	PTP_group	PTPN13
PTP	PTP_group	PTPN20
PTP	PTP_group	PTPN1
PTP	PTP_group	PTPN2
PTP	PTP_group	PTPN9
PTP	PTP_group	PTPRN
PTP	PTP_group	PTPRN2
PTP	PTP_group	PTPN23
PTP	R4_group	PTPRA
PTP	R4_group	PTPRE
PTP	PTPRA	PTPRA
PTP	PTPRE	PTPRE
PTP	PTPRC	PTPRC
PTP	R2A_group	PTPRF
PTP	R2A_group	PTPRD
PTP	R2A_group	PTPRS
PTP	PTPRF_PTPRD_group	PTPRF
PTP	PTPRF_PTPRD_group	PTPRD
PTP	PTPRF	PTPRF
PTP	PTPRD	PTPRD
PTP	PTPRS	PTPRS
PTP	R2B_group	PTPRM
PTP	R2B_group	PTPRT
PTP	R2B_group	PTPRK
PTP	R2B_group	PTPRU
PTP	PTPRM_PTPRT_PTPRK_group	PTPRM
PTP	PTPRM_PTPRT_PTPRK_group	PTPRT
PTP	PTPRM_PTPRT_PTPRK_group	PTPRK
PTP	PTPRM_PTPRT_group	PTPRM
PTP	PTPRM_PTPRT_group	PTPRT
PTP	PTPRM	PTPRM
PTP	PTPRT	PTPRT
PTP	PTPRK	PTPRK
PTP	PTPRU	PTPRU
PTP	R5_group	PTPRG
PTP	R5_group	PTPRZ1
PTP	PTPRG	PTPRG
PTP	PTPRZ1	PTPRZ1
PTP	R3_group	PTPRJ
PTP	R3_group	PTPRB
PTP	R3_group	PTPRO
PTP	R3_group	PTPGMC1
PTP	R3_group	PTPRH
PTP	PTPRJ_PTPRB_PTPRO_PTPGMC1_group	PTPRJ
PTP	PTPRJ_PTPRB_PTPRO_PTPGMC1_group	PTPRB
PTP	PTPRJ_PTPRB_PTPRO_PTPGMC1_group	PTPRO
PTP	PTPRJ_PTPRB_PTPRO_PTPGMC1_group	PTPGMC1
PTP	PTPRJ_PTPRB_group	PTPRJ
PTP	PTPRJ_PTPRB_group	PTPRB
PTP	PTPRJ	PTPRJ
PTP	PTPRB	PTPRB
PTP	PTPRO_PTPGMC1_group	PTPRO
PTP	PTPRO_PTPGMC1_group	PTPGMC1
PTP	PTPRO	PTPRO
PTP	PTPGMC1	PTPGMC1
PTP	PTPRH	PTPRH
PTP	R7_group	PTPRR
PTP	R7_group	PTPN5
PTP	R7_group	PTPN7
PTP	PTPRR_PTPN5_group	PTPRR
PTP	PTPRR_PTPN5_group	PTPN5
PTP	PTPRR	PTPRR
PTP	PTPN5	PTPN5
PTP	PTPN7	PTPN7
PTP	NT2_group	PTPN6
PTP	NT2_group	PTPN11
PTP	PTPN6	PTPN6
PTP	PTPN11	PTPN11
PTP	NT4_group	PTPN22
PTP	NT4_group	PTPN12
PTP	NT4_group	PTPN18
PTP	PTPN22_PTPN12_group	PTPN22
PTP	PTPN22_PTPN12_group	PTPN12
PTP	PTPN22	PTPN22
PTP	PTPN12	PTPN12
PTP	PTPN18	PTPN18
PTP	NT5_group	PTPN4
PTP	NT5_group	PTPN3
PTP	PTPN4	PTPN4
PTP	PTPN3	PTPN3
PTP	NT6_group	PTPN21
PTP	NT6_group	PTPN14
PTP	PTPN21	PTPN21
PTP	PTPN14	PTPN14
PTP	PTPN13	PTPN13
PTP	PTPN20	PTPN20
PTP	NT1_group	PTPN1
PTP	NT1_group	PTPN2
PTP	PTPN1	PTPN1
PTP	PTPN2	PTPN2
PTP	PTPN9	PTPN9
PTP	R8_group	PTPRN
PTP	R8_group	PTPRN2
PTP	PTPRN	PTPRN
PTP	PTPRN2	PTPRN2
PTP	PTPN23	PTPN23
PTP	VH1_group	DUPD1
PTP	VH1_group	STYXL1
PTP	VH1_group	DUSP1
PTP	VH1_group	DUSP4
PTP	VH1_group	DUSP2
PTP	VH1_group	DUSP5
PTP	VH1_group	DUSP10
PTP	VH1_group	DUSP6
PTP	VH1_group	DUSP7
PTP	VH1_group	DUSP9
PTP	VH1_group	DUSP16
PTP	VH1_group	DUSP8
PTP	VH1_group	DUSP11
PTP	VH1_group	RNGTT
PTP	VH1_group	DUSP23
PTP	VH1_group	DUSP13
PTP	VH1_group	DUSP3
PTP	VH1_group	DUSP26
PTP	VH1_group	MDSP
PTP	VH1_group	DUSP27
PTP	VH1_group	EPM2A
PTP	VH1_group	DUSP12
PTP	VH1_group	DUSP14
PTP	VH1_group	DUSP18
PTP	VH1_group	DUSP21
PTP	VH1_group	DUSP28
PTP	VH1_group	DUSP19
PTP	VH1_group	DUSP15
PTP	VH1_group	DUSP22
PTP	VH1_group	STYX
PTP	VH1_group	CDC14A
PTP	VH1_group	CDC14B
PTP	VH1_group	CDC14C
PTP	VH1_group	CDKN3
PTP	VH1_group	PTP4A1
PTP	VH1_group	PTP4A2
PTP	VH1_group	PTP4A3
PTP	VH1_group	MTM1
PTP	VH1_group	MTMR1
PTP	VH1_group	MTMR2
PTP	VH1_group	MTMR3
PTP	VH1_group	MTMR4
PTP	VH1_group	MTMR10
PTP	VH1_group	MTMR12
PTP	VH1_group	MTMR11
PTP	VH1_group	SBF1
PTP	VH1_group	SBF2
PTP	VH1_group	MTMR9
PTP	VH1_group	MTMR6
PTP	VH1_group	MTMR7
PTP	VH1_group	MTMR8
PTP	VH1_group	AUXI
PTP	VH1_group	GAK
PTP	VH1_group	PTEN
PTP	VH1_group	PTEN2
PTP	VH1_group	TPTE
PTP	VH1_group	TPTE2
PTP	VH1_group	TNS1
PTP	VH1_group	TENC1
PTP	VH1_group	TNS3
PTP	VH1_group	PTP4A1
PTP	VH1_group	PTP4A2
PTP	VH1_group	PTP4A3
PTP	MKP_group	DUPD1
PTP	MKP_group	STYXL1
PTP	MKP_group	DUSP1
PTP	MKP_group	DUSP4
PTP	MKP_group	DUSP2
PTP	MKP_group	DUSP5
PTP	MKP_group	DUSP10
PTP	MKP_group	DUSP6
PTP	MKP_group	DUSP7
PTP	MKP_group	DUSP9
PTP	MKP_group	DUSP16
PTP	MKP_group	DUSP8
PTP	DUPD1_TYXL1_group	DUPD1
PTP	DUPD1_TYXL1_group	STYXL1
PTP	DUPD1	DUPD1
PTP	STYXL1	STYXL1
PTP	DUSP5_DUSP2_DUSP1_DUSP4_DUSP10_DUSP9_DUSP6_DUSP7_group	DUSP1
PTP	DUSP5_DUSP2_DUSP1_DUSP4_DUSP10_DUSP9_DUSP6_DUSP7_group	DUSP4
PTP	DUSP5_DUSP2_DUSP1_DUSP4_DUSP10_DUSP9_DUSP6_DUSP7_group	DUSP2
PTP	DUSP5_DUSP2_DUSP1_DUSP4_DUSP10_DUSP9_DUSP6_DUSP7_group	DUSP5
PTP	DUSP5_DUSP2_DUSP1_DUSP4_DUSP10_DUSP9_DUSP6_DUSP7_group	DUSP10
PTP	DUSP5_DUSP2_DUSP1_DUSP4_DUSP10_DUSP9_DUSP6_DUSP7_group	DUSP6
PTP	DUSP5_DUSP2_DUSP1_DUSP4_DUSP10_DUSP9_DUSP6_DUSP7_group	DUSP7
PTP	DUSP5_DUSP2_DUSP1_DUSP4_DUSP10_DUSP9_DUSP6_DUSP7_group	DUSP9
PTP	DUSP5_DUSP2_DUSP1_DUSP4_group	DUSP1
PTP	DUSP5_DUSP2_DUSP1_DUSP4_group	DUSP4
PTP	DUSP5_DUSP2_DUSP1_DUSP4_group	DUSP2
PTP	DUSP5_DUSP2_DUSP1_DUSP4_group	DUSP5
PTP	DUSP2_DUSP1_DUSP4_group	DUSP1
PTP	DUSP2_DUSP1_DUSP4_group	DUSP4
PTP	DUSP2_DUSP1_DUSP4_group	DUSP2
PTP	DUSP1_DUSP4_group	DUSP1
PTP	DUSP1_DUSP4_group	DUSP4
PTP	DUSP1	DUSP1
PTP	DUSP4	DUSP4
PTP	DUSP2	DUSP2
PTP	DUSP5	DUSP5
PTP	DUSP10_DUSP9_DUSP6_DUSP7_group	DUSP10
PTP	DUSP10_DUSP9_DUSP6_DUSP7_group	DUSP6
PTP	DUSP10_DUSP9_DUSP6_DUSP7_group	DUSP7
PTP	DUSP10_DUSP9_DUSP6_DUSP7_group	DUSP9
PTP	DUSP10	DUSP10
PTP	DUSP9_DUSP6_DUSP7_group	DUSP6
PTP	DUSP9_DUSP6_DUSP7_group	DUSP7
PTP	DUSP9_DUSP6_DUSP7_group	DUSP9
PTP	DUSP6_DUSP7_group	DUSP6
PTP	DUSP6_DUSP7_group	DUSP7
PTP	DUSP6	DUSP6
PTP	DUSP7	DUSP7
PTP	DUSP9	DUSP9
PTP	DUSP16_DUSP8_group	DUSP16
PTP	DUSP16_DUSP8_group	DUSP8
PTP	DUSP16	DUSP16
PTP	DUSP8	DUSP8
PTP	DSP_group	DUSP11
PTP	DSP_group	RNGTT
PTP	DSP_group	DUSP23
PTP	DSP_group	DUSP13
PTP	DSP_group	DUSP3
PTP	DSP_group	DUSP26
PTP	DSP_group	MDSP
PTP	DSP_group	DUSP27
PTP	DSP_group	EPM2A
PTP	DSP_group	DUSP12
PTP	DSP_group	DUSP14
PTP	DSP_group	DUSP18
PTP	DSP_group	DUSP21
PTP	DSP_group	DUSP28
PTP	DSP_group	DUSP19
PTP	DSP_group	DUSP15
PTP	DSP_group	DUSP22
PTP	DSP_group	STYX
PTP	DUSP12_EPM2A_DUSP23_DUSP11_RNGTT_DUSP13_DUSP3_DUSP27_DUSP26_MDSP_group	DUSP11
PTP	DUSP12_EPM2A_DUSP23_DUSP11_RNGTT_DUSP13_DUSP3_DUSP27_DUSP26_MDSP_group	RNGTT
PTP	DUSP12_EPM2A_DUSP23_DUSP11_RNGTT_DUSP13_DUSP3_DUSP27_DUSP26_MDSP_group	DUSP23
PTP	DUSP12_EPM2A_DUSP23_DUSP11_RNGTT_DUSP13_DUSP3_DUSP27_DUSP26_MDSP_group	DUSP13
PTP	DUSP12_EPM2A_DUSP23_DUSP11_RNGTT_DUSP13_DUSP3_DUSP27_DUSP26_MDSP_group	DUSP3
PTP	DUSP12_EPM2A_DUSP23_DUSP11_RNGTT_DUSP13_DUSP3_DUSP27_DUSP26_MDSP_group	DUSP26
PTP	DUSP12_EPM2A_DUSP23_DUSP11_RNGTT_DUSP13_DUSP3_DUSP27_DUSP26_MDSP_group	MDSP
PTP	DUSP12_EPM2A_DUSP23_DUSP11_RNGTT_DUSP13_DUSP3_DUSP27_DUSP26_MDSP_group	DUSP27
PTP	DUSP12_EPM2A_DUSP23_DUSP11_RNGTT_DUSP13_DUSP3_DUSP27_DUSP26_MDSP_group	EPM2A
PTP	DUSP12_EPM2A_DUSP23_DUSP11_RNGTT_DUSP13_DUSP3_DUSP27_DUSP26_MDSP_group	DUSP12
PTP	EPM2A_DUSP23_DUSP11_RNGTT_DUSP13_DUSP3_DUSP27_DUSP26_MDSP_group	DUSP11
PTP	EPM2A_DUSP23_DUSP11_RNGTT_DUSP13_DUSP3_DUSP27_DUSP26_MDSP_group	RNGTT
PTP	EPM2A_DUSP23_DUSP11_RNGTT_DUSP13_DUSP3_DUSP27_DUSP26_MDSP_group	DUSP23
PTP	EPM2A_DUSP23_DUSP11_RNGTT_DUSP13_DUSP3_DUSP27_DUSP26_MDSP_group	DUSP13
PTP	EPM2A_DUSP23_DUSP11_RNGTT_DUSP13_DUSP3_DUSP27_DUSP26_MDSP_group	DUSP3
PTP	EPM2A_DUSP23_DUSP11_RNGTT_DUSP13_DUSP3_DUSP27_DUSP26_MDSP_group	DUSP26
PTP	EPM2A_DUSP23_DUSP11_RNGTT_DUSP13_DUSP3_DUSP27_DUSP26_MDSP_group	MDSP
PTP	EPM2A_DUSP23_DUSP11_RNGTT_DUSP13_DUSP3_DUSP27_DUSP26_MDSP_group	DUSP27
PTP	EPM2A_DUSP23_DUSP11_RNGTT_DUSP13_DUSP3_DUSP27_DUSP26_MDSP_group	EPM2A
PTP	DUSP23_DUSP11_RNGTT_DUSP13_DUSP3_DUSP27_DUSP26_MDSP_group	DUSP11
PTP	DUSP23_DUSP11_RNGTT_DUSP13_DUSP3_DUSP27_DUSP26_MDSP_group	RNGTT
PTP	DUSP23_DUSP11_RNGTT_DUSP13_DUSP3_DUSP27_DUSP26_MDSP_group	DUSP23
PTP	DUSP23_DUSP11_RNGTT_DUSP13_DUSP3_DUSP27_DUSP26_MDSP_group	DUSP13
PTP	DUSP23_DUSP11_RNGTT_DUSP13_DUSP3_DUSP27_DUSP26_MDSP_group	DUSP3
PTP	DUSP23_DUSP11_RNGTT_DUSP13_DUSP3_DUSP27_DUSP26_MDSP_group	DUSP26
PTP	DUSP23_DUSP11_RNGTT_DUSP13_DUSP3_DUSP27_DUSP26_MDSP_group	MDSP
PTP	DUSP23_DUSP11_RNGTT_DUSP13_DUSP3_DUSP27_DUSP26_MDSP_group	DUSP27
PTP	DUSP23_DUSP11_RNGTT_group	DUSP11
PTP	DUSP23_DUSP11_RNGTT_group	RNGTT
PTP	DUSP23_DUSP11_RNGTT_group	DUSP23
PTP	DUSP11_RNGTT_group	DUSP11
PTP	DUSP11_RNGTT_group	RNGTT
PTP	DUSP11	DUSP11
PTP	RNGTT	RNGTT
PTP	DUSP23	DUSP23
PTP	DUSP13_DUSP3_DUSP27_DUSP26_MDSP_group	DUSP13
PTP	DUSP13_DUSP3_DUSP27_DUSP26_MDSP_group	DUSP3
PTP	DUSP13_DUSP3_DUSP27_DUSP26_MDSP_group	DUSP26
PTP	DUSP13_DUSP3_DUSP27_DUSP26_MDSP_group	MDSP
PTP	DUSP13_DUSP3_DUSP27_DUSP26_MDSP_group	DUSP27
PTP	DUSP13_DUSP3_group	DUSP13
PTP	DUSP13_DUSP3_group	DUSP3
PTP	DUSP13	DUSP13
PTP	DUSP3	DUSP3
PTP	DUSP27_DUSP26_MDSP_group	DUSP26
PTP	DUSP27_DUSP26_MDSP_group	MDSP
PTP	DUSP27_DUSP26_MDSP_group	DUSP27
PTP	DUSP26_MDSP_group	DUSP26
PTP	DUSP26_MDSP_group	MDSP
PTP	DUSP26	DUSP26
PTP	MDSP	MDSP
PTP	DUSP27	DUSP27
PTP	EPM2A	EPM2A
PTP	DUSP12	DUSP12
PTP	DUSP19_DUSP28_DUSP14_DUSP18_DUSP21_group	DUSP14
PTP	DUSP19_DUSP28_DUSP14_DUSP18_DUSP21_group	DUSP18
PTP	DUSP19_DUSP28_DUSP14_DUSP18_DUSP21_group	DUSP21
PTP	DUSP19_DUSP28_DUSP14_DUSP18_DUSP21_group	DUSP28
PTP	DUSP19_DUSP28_DUSP14_DUSP18_DUSP21_group	DUSP19
PTP	DUSP28_DUSP14_DUSP18_DUSP21_group	DUSP14
PTP	DUSP28_DUSP14_DUSP18_DUSP21_group	DUSP18
PTP	DUSP28_DUSP14_DUSP18_DUSP21_group	DUSP21
PTP	DUSP28_DUSP14_DUSP18_DUSP21_group	DUSP28
PTP	DUSP14_DUSP18_DUSP21_group	DUSP14
PTP	DUSP14_DUSP18_DUSP21_group	DUSP18
PTP	DUSP14_DUSP18_DUSP21_group	DUSP21
PTP	DUSP14	DUSP14
PTP	DUSP18_DUSP21_group	DUSP18
PTP	DUSP18_DUSP21_group	DUSP21
PTP	DUSP18	DUSP18
PTP	DUSP21	DUSP21
PTP	DUSP28	DUSP28
PTP	DUSP19	DUSP19
PTP	STYX_DUSP15_DUSP22_group	DUSP15
PTP	STYX_DUSP15_DUSP22_group	DUSP22
PTP	STYX_DUSP15_DUSP22_group	STYX
PTP	DUSP15_DUSP22_group	DUSP15
PTP	DUSP15_DUSP22_group	DUSP22
PTP	DUSP15	DUSP15
PTP	DUSP22	DUSP22
PTP	STYX	STYX
PTP	CDC14_group	CDC14A
PTP	CDC14_group	CDC14B
PTP	CDC14_group	CDC14C
PTP	CDC14_group	CDKN3
PTP	CDC14A_CDC14B_CDC14C_group	CDC14A
PTP	CDC14A_CDC14B_CDC14C_group	CDC14B
PTP	CDC14A_CDC14B_CDC14C_group	CDC14C
PTP	CDC14A	CDC14A
PTP	CDC14B_CDC14C_group	CDC14B
PTP	CDC14B_CDC14C_group	CDC14C
PTP	CDC14B	CDC14B
PTP	CDC14C	CDC14C
PTP	CDKN3	CDKN3
PTP	PRL_group	PTP4A1
PTP	PRL_group	PTP4A2
PTP	PRL_group	PTP4A3
PTP	PTP4A1_PTP4A2_group	PTP4A1
PTP	PTP4A1_PTP4A2_group	PTP4A2
PTP	PTP4A1	PTP4A1
PTP	PTP4A2	PTP4A2
PTP	PTP4A3	PTP4A3
PTP	MTMR_group	MTM1
PTP	MTMR_group	MTMR1
PTP	MTMR_group	MTMR2
PTP	MTMR_group	MTMR3
PTP	MTMR_group	MTMR4
PTP	MTMR_group	MTMR10
PTP	MTMR_group	MTMR12
PTP	MTMR_group	MTMR11
PTP	MTMR_group	SBF1
PTP	MTMR_group	SBF2
PTP	MTMR_group	MTMR9
PTP	MTMR_group	MTMR6
PTP	MTMR_group	MTMR7
PTP	MTMR_group	MTMR8
PTP	MTM1_MTMR1_MTMR2_MTMR3_MTMR4_	MTM1
PTP	MTM1_MTMR1_MTMR2_MTMR3_MTMR4_	MTMR1
PTP	MTM1_MTMR1_MTMR2_MTMR3_MTMR4_	MTMR2
PTP	MTM1_MTMR1_MTMR2_MTMR3_MTMR4_	MTMR3
PTP	MTM1_MTMR1_MTMR2_MTMR3_MTMR4_	MTMR4
PTP	MTM1_MTMR1_MTMR2_group	MTM1
PTP	MTM1_MTMR1_MTMR2_group	MTMR1
PTP	MTM1_MTMR1_MTMR2_group	MTMR2
PTP	MTM1	MTM1
PTP	MTMR1_MTMR2_group	MTMR1
PTP	MTMR1_MTMR2_group	MTMR2
PTP	MTMR1	MTMR1
PTP	MTMR2	MTMR2
PTP	MTMR3_MTMR4_	MTMR3
PTP	MTMR3_MTMR4_	MTMR4
PTP	MTMR3	MTMR3
PTP	MTMR4	MTMR4
PTP	MTMR9_SBF1_SBF2_TMR11_MTMR10_MTMR12_group	MTMR10
PTP	MTMR9_SBF1_SBF2_TMR11_MTMR10_MTMR12_group	MTMR12
PTP	MTMR9_SBF1_SBF2_TMR11_MTMR10_MTMR12_group	MTMR11
PTP	MTMR9_SBF1_SBF2_TMR11_MTMR10_MTMR12_group	SBF1
PTP	MTMR9_SBF1_SBF2_TMR11_MTMR10_MTMR12_group	SBF2
PTP	MTMR9_SBF1_SBF2_TMR11_MTMR10_MTMR12_group	MTMR9
PTP	SBF1_SBF2_TMR11_MTMR10_MTMR12_group	MTMR10
PTP	SBF1_SBF2_TMR11_MTMR10_MTMR12_group	MTMR12
PTP	SBF1_SBF2_TMR11_MTMR10_MTMR12_group	MTMR11
PTP	SBF1_SBF2_TMR11_MTMR10_MTMR12_group	SBF1
PTP	SBF1_SBF2_TMR11_MTMR10_MTMR12_group	SBF2
PTP	MTMR11_MTMR10_MTMR12_group	MTMR10
PTP	MTMR11_MTMR10_MTMR12_group	MTMR12
PTP	MTMR11_MTMR10_MTMR12_group	MTMR11
PTP	MTMR10_MTMR12_group	MTMR10
PTP	MTMR10_MTMR12_group	MTMR12
PTP	MTMR10	MTMR10
PTP	MTMR12	MTMR12
PTP	MTMR11	MTMR11
PTP	SBF1_SBF2_group	SBF1
PTP	SBF1_SBF2_group	SBF2
PTP	SBF1	SBF1
PTP	SBF2	SBF2
PTP	MTMR9	MTMR9
PTP	MTMR8_MTMR6_MTMR7_group	MTMR6
PTP	MTMR8_MTMR6_MTMR7_group	MTMR7
PTP	MTMR8_MTMR6_MTMR7_group	MTMR8
PTP	MTMR6_MTMR7_group	MTMR6
PTP	MTMR6_MTMR7_group	MTMR7
PTP	MTMR6	MTMR6
PTP	MTMR7	MTMR7
PTP	MTMR8	MTMR8
PTP	PTEN_group	AUXI
PTP	PTEN_group	GAK
PTP	PTEN_group	PTEN
PTP	PTEN_group	PTEN2
PTP	PTEN_group	TPTE
PTP	PTEN_group	TPTE2
PTP	PTEN_group	TNS1
PTP	PTEN_group	TENC1
PTP	PTEN_group	TNS3
PTP	TNS1_AUXI_GAK_PTEN_PTEN2_TPTE_TPTE2_group	AUXI
PTP	TNS1_AUXI_GAK_PTEN_PTEN2_TPTE_TPTE2_group	GAK
PTP	TNS1_AUXI_GAK_PTEN_PTEN2_TPTE_TPTE2_group	PTEN
PTP	TNS1_AUXI_GAK_PTEN_PTEN2_TPTE_TPTE2_group	PTEN2
PTP	TNS1_AUXI_GAK_PTEN_PTEN2_TPTE_TPTE2_group	TPTE
PTP	TNS1_AUXI_GAK_PTEN_PTEN2_TPTE_TPTE2_group	TPTE2
PTP	TNS1_AUXI_GAK_PTEN_PTEN2_TPTE_TPTE2_group	TNS1
PTP	AUXI_GAK_PTEN_PTEN2_TPTE_TPTE2_group	AUXI
PTP	AUXI_GAK_PTEN_PTEN2_TPTE_TPTE2_group	GAK
PTP	AUXI_GAK_PTEN_PTEN2_TPTE_TPTE2_group	PTEN
PTP	AUXI_GAK_PTEN_PTEN2_TPTE_TPTE2_group	PTEN2
PTP	AUXI_GAK_PTEN_PTEN2_TPTE_TPTE2_group	TPTE
PTP	AUXI_GAK_PTEN_PTEN2_TPTE_TPTE2_group	TPTE2
PTP	AUXI_GAK_group	AUXI
PTP	AUXI_GAK_group	GAK
PTP	AUXI	AUXI
PTP	GAK	GAK
PTP	PTEN_PTEN2_TPTE_TPTE2_group	PTEN
PTP	PTEN_PTEN2_TPTE_TPTE2_group	PTEN2
PTP	PTEN_PTEN2_TPTE_TPTE2_group	TPTE
PTP	PTEN_PTEN2_TPTE_TPTE2_group	TPTE2
PTP	PTEN_PTEN2_group	PTEN
PTP	PTEN_PTEN2_group	PTEN2
PTP	PTEN	PTEN
PTP	PTEN2	PTEN2
PTP	TPTE_TPTE2_group	TPTE
PTP	TPTE_TPTE2_group	TPTE2
PTP	TPTE	TPTE
PTP	TPTE2	TPTE2
PTP	TNS1	TNS1
PTP	TENC1	TENC1
PTP	TNS3	TNS3
PTP	SSH_group	PTP4A1
PTP	SSH_group	PTP4A2
PTP	SSH_group	PTP4A3
PTP	PTP4A1_PTP4A2_group	PTP4A1
PTP	PTP4A1_PTP4A2_group	PTP4A2
PTP	PTP4A1	PTP4A1
PTP	PTP4A2	PTP4A2
PTP	PTP4A3	PTP4A3
PTP	ACP1_LM-PTP_group	ACP1_LM-PTP_group
PTP	CDC25_group	CDC25B
PTP	CDC25_group	CDC25A
PTP	CDC25_group	CDC25C
PTP	CDC25B_CDC25A_group	CDC25B
PTP	CDC25B_CDC25A_group	CDC25A
PTP	CDC25B	CDC25B
PTP	CDC25A	CDC25A
PTP	CDC25C	CDC25C
PTP	PPP_group	PPP2CA
PTP	PPP_group	PPP2CB
PTP	PPP_group	PPP4C
PTP	PPP_group	PPP6C
PTP	PPP_group	PPP1CA
PTP	PPP_group	PPP1CC
PTP	PPP_group	PPP1CB
PTP	PPP_group	PPP3CA
PTP	PPP_group	PPP3CB
PTP	PPP_group	PPP3CC
PTP	PPP_group	PPP5C
PTP	PPP_group	PPEF1
PTP	PPP_group	PPEF2
PTP	PPP5C_PP3CC_PPP3CA_PPP3CB_PPP6C_PPP4C_PPP2CA_PPP2CB_PPP1CB_PPP1CA_PPP1CC_group	PPP2CA
PTP	PPP5C_PP3CC_PPP3CA_PPP3CB_PPP6C_PPP4C_PPP2CA_PPP2CB_PPP1CB_PPP1CA_PPP1CC_group	PPP2CB
PTP	PPP5C_PP3CC_PPP3CA_PPP3CB_PPP6C_PPP4C_PPP2CA_PPP2CB_PPP1CB_PPP1CA_PPP1CC_group	PPP4C
PTP	PPP5C_PP3CC_PPP3CA_PPP3CB_PPP6C_PPP4C_PPP2CA_PPP2CB_PPP1CB_PPP1CA_PPP1CC_group	PPP6C
PTP	PPP5C_PP3CC_PPP3CA_PPP3CB_PPP6C_PPP4C_PPP2CA_PPP2CB_PPP1CB_PPP1CA_PPP1CC_group	PPP1CA
PTP	PPP5C_PP3CC_PPP3CA_PPP3CB_PPP6C_PPP4C_PPP2CA_PPP2CB_PPP1CB_PPP1CA_PPP1CC_group	PPP1CC
PTP	PPP5C_PP3CC_PPP3CA_PPP3CB_PPP6C_PPP4C_PPP2CA_PPP2CB_PPP1CB_PPP1CA_PPP1CC_group	PPP1CB
PTP	PPP5C_PP3CC_PPP3CA_PPP3CB_PPP6C_PPP4C_PPP2CA_PPP2CB_PPP1CB_PPP1CA_PPP1CC_group	PPP3CA
PTP	PPP5C_PP3CC_PPP3CA_PPP3CB_PPP6C_PPP4C_PPP2CA_PPP2CB_PPP1CB_PPP1CA_PPP1CC_group	PPP3CB
PTP	PPP5C_PP3CC_PPP3CA_PPP3CB_PPP6C_PPP4C_PPP2CA_PPP2CB_PPP1CB_PPP1CA_PPP1CC_group	PPP3CC
PTP	PPP5C_PP3CC_PPP3CA_PPP3CB_PPP6C_PPP4C_PPP2CA_PPP2CB_PPP1CB_PPP1CA_PPP1CC_group	PPP5C
PTP	PPP6C_PPP4C_PPP2CA_PPP2CB_PPP1CB_PPP1CA_PPP1CC_group	PPP2CA
PTP	PPP6C_PPP4C_PPP2CA_PPP2CB_PPP1CB_PPP1CA_PPP1CC_group	PPP2CB
PTP	PPP6C_PPP4C_PPP2CA_PPP2CB_PPP1CB_PPP1CA_PPP1CC_group	PPP4C
PTP	PPP6C_PPP4C_PPP2CA_PPP2CB_PPP1CB_PPP1CA_PPP1CC_group	PPP6C
PTP	PPP6C_PPP4C_PPP2CA_PPP2CB_PPP1CB_PPP1CA_PPP1CC_group	PPP1CA
PTP	PPP6C_PPP4C_PPP2CA_PPP2CB_PPP1CB_PPP1CA_PPP1CC_group	PPP1CC
PTP	PPP6C_PPP4C_PPP2CA_PPP2CB_PPP1CB_PPP1CA_PPP1CC_group	PPP1CB
PTP	PPP6C_PPP4C_PPP2CA_PPP2CB_group	PPP2CA
PTP	PPP6C_PPP4C_PPP2CA_PPP2CB_group	PPP2CB
PTP	PPP6C_PPP4C_PPP2CA_PPP2CB_group	PPP4C
PTP	PPP6C_PPP4C_PPP2CA_PPP2CB_group	PPP6C
PTP	PPP4C_PPP2CA_PPP2CB_group	PPP2CA
PTP	PPP4C_PPP2CA_PPP2CB_group	PPP2CB
PTP	PPP4C_PPP2CA_PPP2CB_group	PPP4C
PTP	PPP2CA_PPP2CB_group	PPP2CA
PTP	PPP2CA_PPP2CB_group	PPP2CB
PTP	PPP2CA	PPP2CA
PTP	PPP2CB	PPP2CB
PTP	PPP4C	PPP4C
PTP	PPP6C	PPP6C
PTP	PPP1CB_PPP1CA_PPP1CC_group	PPP1CA
PTP	PPP1CB_PPP1CA_PPP1CC_group	PPP1CC
PTP	PPP1CB_PPP1CA_PPP1CC_group	PPP1CB
PTP	PPP1CA_PPP1CC_group	PPP1CA
PTP	PPP1CA_PPP1CC_group	PPP1CC
PTP	PPP1CA	PPP1CA
PTP	PPP1CC	PPP1CC
PTP	PPP1CB	PPP1CB
PTP	PPP5C_PP3CC_PPP3CA_PPP3CB_group	PPP3CA
PTP	PPP5C_PP3CC_PPP3CA_PPP3CB_group	PPP3CB
PTP	PPP5C_PP3CC_PPP3CA_PPP3CB_group	PPP3CC
PTP	PPP5C_PP3CC_PPP3CA_PPP3CB_group	PPP5C
PTP	PPP3CC_PPP3CA_PPP3CB_group	PPP3CA
PTP	PPP3CC_PPP3CA_PPP3CB_group	PPP3CB
PTP	PPP3CC_PPP3CA_PPP3CB_group	PPP3CC
PTP	PPP3CA_PPP3CB_group	PPP3CA
PTP	PPP3CA_PPP3CB_group	PPP3CB
PTP	PPP3CA	PPP3CA
PTP	PPP3CB	PPP3CB
PTP	PPP3CC	PPP3CC
PTP	PPP5C	PPP5C
PTP	PPEF2_PPEF1_group	PPEF1
PTP	PPEF2_PPEF1_group	PPEF2
PTP	PPEF1	PPEF1
PTP	PPEF2	PPEF2
PTP	PPM_group	PPM1F
PTP	PPM_group	PPM1E
PTP	PPM_group	ILKAP
PTP	PPM_group	PPM1K
PTP	PPM_group	PPM1L
PTP	PPM_group	PPM1B
PTP	PPM_group	PPM1A
PTP	PPM_group	PPM2C
PTP	PPM_group	PPM1G
PTP	PPM_group	PPM1D
PTP	PPM_group	PDP2
PTP	PPM_group	PPM1H
PTP	PPM_group	PPM1J
PTP	PPM_group	PPM1M
PTP	PPM_group	PPTC7
PTP	_LKAP_PPM1F_PPM1E_PPM1K_PPM1L_PM1G_PPM2C_PPM1B_PPM1A_group	PPM1F
PTP	_LKAP_PPM1F_PPM1E_PPM1K_PPM1L_PM1G_PPM2C_PPM1B_PPM1A_group	PPM1E
PTP	_LKAP_PPM1F_PPM1E_PPM1K_PPM1L_PM1G_PPM2C_PPM1B_PPM1A_group	ILKAP
PTP	_LKAP_PPM1F_PPM1E_PPM1K_PPM1L_PM1G_PPM2C_PPM1B_PPM1A_group	PPM1K
PTP	_LKAP_PPM1F_PPM1E_PPM1K_PPM1L_PM1G_PPM2C_PPM1B_PPM1A_group	PPM1L
PTP	_LKAP_PPM1F_PPM1E_PPM1K_PPM1L_PM1G_PPM2C_PPM1B_PPM1A_group	PPM1B
PTP	_LKAP_PPM1F_PPM1E_PPM1K_PPM1L_PM1G_PPM2C_PPM1B_PPM1A_group	PPM1A
PTP	_LKAP_PPM1F_PPM1E_PPM1K_PPM1L_PM1G_PPM2C_PPM1B_PPM1A_group	PPM2C
PTP	_LKAP_PPM1F_PPM1E_PPM1K_PPM1L_PM1G_PPM2C_PPM1B_PPM1A_group	PPM1G
PTP	_LKAP_PPM1F_PPM1E_PPM1K_PPM1L_PM1G_PPM2C_PPM1B_PPM1A_group	PPM1D
PTP	PPM1D	PPM1F
PTP	PPM1D	PPM1E
PTP	PPM1D	ILKAP
PTP	PPM1D	PPM1K
PTP	PPM1D	PPM1L
PTP	PPM1D	PPM1B
PTP	PPM1D	PPM1A
PTP	PPM1D	PPM2C
PTP	PPM1D	PPM1G
PTP	PPM1D	PPM1D
PTP	ILKAP_PPM1F_PPM1E_PPM1K_PPM1L_PM1G_PPM2C_PPM1B_PPM1A_group	PPM1F
PTP	ILKAP_PPM1F_PPM1E_PPM1K_PPM1L_PM1G_PPM2C_PPM1B_PPM1A_group	PPM1E
PTP	ILKAP_PPM1F_PPM1E_PPM1K_PPM1L_PM1G_PPM2C_PPM1B_PPM1A_group	ILKAP
PTP	ILKAP_PPM1F_PPM1E_PPM1K_PPM1L_PM1G_PPM2C_PPM1B_PPM1A_group	PPM1K
PTP	ILKAP_PPM1F_PPM1E_PPM1K_PPM1L_PM1G_PPM2C_PPM1B_PPM1A_group	PPM1L
PTP	ILKAP_PPM1F_PPM1E_PPM1K_PPM1L_PM1G_PPM2C_PPM1B_PPM1A_group	PPM1B
PTP	ILKAP_PPM1F_PPM1E_PPM1K_PPM1L_PM1G_PPM2C_PPM1B_PPM1A_group	PPM1A
PTP	ILKAP_PPM1F_PPM1E_PPM1K_PPM1L_PM1G_PPM2C_PPM1B_PPM1A_group	PPM2C
PTP	ILKAP_PPM1F_PPM1E_PPM1K_PPM1L_PM1G_PPM2C_PPM1B_PPM1A_group	PPM1G
PTP	ILKAP_PPM1F_PPM1E_PPM1K_PPM1L_group	PPM1F
PTP	ILKAP_PPM1F_PPM1E_PPM1K_PPM1L_group	PPM1E
PTP	ILKAP_PPM1F_PPM1E_PPM1K_PPM1L_group	ILKAP
PTP	ILKAP_PPM1F_PPM1E_PPM1K_PPM1L_group	PPM1K
PTP	ILKAP_PPM1F_PPM1E_PPM1K_PPM1L_group	PPM1L
PTP	ILKAP_PPM1F_PPM1E_group	PPM1F
PTP	ILKAP_PPM1F_PPM1E_group	PPM1E
PTP	ILKAP_PPM1F_PPM1E_group	ILKAP
PTP	PPM1F_PPM1E_group	PPM1F
PTP	PPM1F_PPM1E_group	PPM1E
PTP	PPM1F	PPM1F
PTP	PPM1E	PPM1E
PTP	ILKAP	ILKAP
PTP	PPM1K_PPM1L_group	PPM1K
PTP	PPM1K_PPM1L_group	PPM1L
PTP	PPM1K	PPM1K
PTP	PPM1L	PPM1L
PTP	PPM1G_PPM2C_PPM1B_PPM1A_group	PPM1B
PTP	PPM1G_PPM2C_PPM1B_PPM1A_group	PPM1A
PTP	PPM1G_PPM2C_PPM1B_PPM1A_group	PPM2C
PTP	PPM1G_PPM2C_PPM1B_PPM1A_group	PPM1G
PTP	PPM2C_PPM1B_PPM1A_group	PPM1B
PTP	PPM2C_PPM1B_PPM1A_group	PPM1A
PTP	PPM2C_PPM1B_PPM1A_group	PPM2C
PTP	PPM1B_PPM1A_group	PPM1B
PTP	PPM1B_PPM1A_group	PPM1A
PTP	PPM1B	PPM1B
PTP	PPM1A	PPM1A
PTP	PPM2C	PPM2C
PTP	PPM1G	PPM1G
PTP	PPM1D	PPM1D
PTP	PDP2_PM1M_PPM1H_PPM1J_group	PDP2
PTP	PDP2_PM1M_PPM1H_PPM1J_group	PPM1H
PTP	PDP2_PM1M_PPM1H_PPM1J_group	PPM1J
PTP	PDP2_PM1M_PPM1H_PPM1J_group	PPM1M
PTP	PDP2	PDP2
PTP	PPM1M_PPM1H_PPM1J_group	PPM1H
PTP	PPM1M_PPM1H_PPM1J_group	PPM1J
PTP	PPM1M_PPM1H_PPM1J_group	PPM1M
PTP	PPM1H_PPM1J_group	PPM1H
PTP	PPM1H_PPM1J_group	PPM1J
PTP	PPM1H	PPM1H
PTP	PPM1J	PPM1J
PTP	PPM1M	PPM1M
PTP	PPTC7	PPTC7
PTP	HADS_group	EYA1
PTP	HADS_group	EYA2
PTP	HADS_group	EYA3
PTP	HADS_group	EYA4
PTP	HADS_group	CTDSPL1
PTP	HADS_group	CTPTP2
PTP	HADS_group	CTPTPL
PTP	HADS_group	CTDSPL2
PTP	HADS_group	CTPTP1
PTP	HADS_group	UBLCP1
PTP	HADS_group	TIMM50
PTP	HADS_group	HDDC2
PTP	HADS_group	HDHD1
PTP	HADS_group	HDHD2
PTP	HADS_group	LHPP
PTP	HADS_group	PGP
PTP	HADS_group	PDXP
PTP	HADS_group	HDHD3
PTP	HADS_group	SAMHD1
PTP	HADS_group	PNKP
PTP	HADS_group	PSPH
PTP	EYA_group	EYA1
PTP	EYA_group	EYA2
PTP	EYA_group	EYA3
PTP	EYA_group	EYA4
PTP	EYA1	EYA1
PTP	EYA2_EYA3_group	EYA2
PTP	EYA2_EYA3_group	EYA3
PTP	EYA2	EYA2
PTP	EYA3	EYA3
PTP	EYA4	EYA4
PTP	FCP_group	CTDSPL1
PTP	FCP_group	CTPTP2
PTP	FCP_group	CTPTPL
PTP	FCP_group	CTDSPL2
PTP	FCP_group	CTPTP1
PTP	FCP_group	UBLCP1
PTP	FCP_group	TIMM50
PTP	CTPTP1_CTDSPL2_CTDSPL1_CTPTP2_CTPTPL_group	CTDSPL1
PTP	CTPTP1_CTDSPL2_CTDSPL1_CTPTP2_CTPTPL_group	CTPTP2
PTP	CTPTP1_CTDSPL2_CTDSPL1_CTPTP2_CTPTPL_group	CTPTPL
PTP	CTPTP1_CTDSPL2_CTDSPL1_CTPTP2_CTPTPL_group	CTDSPL2
PTP	CTPTP1_CTDSPL2_CTDSPL1_CTPTP2_CTPTPL_group	CTPTP1
PTP	CTDSPL2_CTDSPL1_CTPTP2_CTPTPL_group	CTDSPL1
PTP	CTDSPL2_CTDSPL1_CTPTP2_CTPTPL_group	CTPTP2
PTP	CTDSPL2_CTDSPL1_CTPTP2_CTPTPL_group	CTPTPL
PTP	CTDSPL2_CTDSPL1_CTPTP2_CTPTPL_group	CTDSPL2
PTP	CTDSPL1_CTPTP2_CTPTPL_group	CTDSPL1
PTP	CTDSPL1_CTPTP2_CTPTPL_group	CTPTP2
PTP	CTDSPL1_CTPTP2_CTPTPL_group	CTPTPL
PTP	CTDSPL1	CTDSPL1
PTP	CTPTP2_CTPTPL_group	CTPTP2
PTP	CTPTP2_CTPTPL_group	CTPTPL
PTP	CTPTP2	CTPTP2
PTP	CTPTPL	CTPTPL
PTP	CTDSPL2	CTDSPL2
PTP	CTPTP1	CTPTP1
PTP	UBLCP1	UBLCP1
PTP	TIMM50	TIMM50
PTP	HAD_group	HDDC2
PTP	HAD_group	HDHD1
PTP	HAD_group	HDHD2
PTP	HAD_group	LHPP
PTP	HAD_group	PGP
PTP	HAD_group	PDXP
PTP	HAD_group	HDHD3
PTP	HAD_group	SAMHD1
PTP	HAD_group	PNKP
PTP	HAD_group	PSPH
PTP	HDDC2	HDDC2
PTP	HDHD1_HDHD2_LHPP_PGP_PDXP_group	HDHD1
PTP	HDHD1_HDHD2_LHPP_PGP_PDXP_group	HDHD2
PTP	HDHD1_HDHD2_LHPP_PGP_PDXP_group	LHPP
PTP	HDHD1_HDHD2_LHPP_PGP_PDXP_group	PGP
PTP	HDHD1_HDHD2_LHPP_PGP_PDXP_group	PDXP
PTP	HDHD1	HDHD1
PTP	HDHD2_LHPP_PGP_PDXP_group	HDHD2
PTP	HDHD2_LHPP_PGP_PDXP_group	LHPP
PTP	HDHD2_LHPP_PGP_PDXP_group	PGP
PTP	HDHD2_LHPP_PGP_PDXP_group	PDXP
PTP	HDHD2_LHPP_group	HDHD2
PTP	HDHD2_LHPP_group	LHPP
PTP	HDHD2	HDHD2
PTP	LHPP	LHPP
PTP	PGP_PDXP_group	PGP
PTP	PGP_PDXP_group	PDXP
PTP	PGP	PGP
PTP	PDXP	PDXP
PTP	PNKP_HDHD3_SAMHD1_group	HDHD3
PTP	PNKP_HDHD3_SAMHD1_group	SAMHD1
PTP	PNKP_HDHD3_SAMHD1_group	PNKP
PTP	HDHD3_SAMHD1_group	HDHD3
PTP	HDHD3_SAMHD1_group	SAMHD1
PTP	HDHD3	HDHD3
PTP	SAMHD1	SAMHD1
PTP	PNKP	PNKP
PTP	PSPH	PSPH
PTP	LPs_group	DOLPP1
PTP	LPs_group	LPPR2
PTP	LPs_group	LPPR5
PTP	LPs_group	LPPR1
PTP	LPs_group	LPPR3
PTP	LPs_group	LPPR4
PTP	LPs_group	PPAP2A
PTP	LPs_group	PPAP2C
PTP	LPs_group	PPAP2B
PTP	LPs_group	PPAPDC1A
PTP	LPs_group	PPAPDC1B
PTP	LPs_group	PPAPDC2
PTP	LPs_group	PPAPDC3
PTP	LPs_group	OCRL
PTP	LPs_group	BPNT1
PTP	LPs_group	IMPA1
PTP	LPs_group	IMPA2
PTP	LPs_group	IMPAD1
PTP	LPs_group	INPP1
PTP	LPs_group	INPPL1
PTP	LPs_group	ITPA
PTP	LPs_group	INPP5A
PTP	LPs_group	INPP5B
PTP	LPs_group	SYNJ1
PTP	LPs_group	SYNJ2
PTP	LPs_group	INPP5J
PTP	LPs_group	INPP5K
PTP	LPs_group	INPP5D
PTP	LPs_group	INPP5E
PTP	LPs_group	SGPP1
PTP	LPs_group	SGPP2
PTP	LPs_group	INPP5F
PTP	LPs_group	SACM1L
PTP	LPs_group	MINPP1
PTP	LPs_group	PPA1
PTP	LPs_group	PPA2
PTP	LPT_group	DOLPP1
PTP	LPT_group	LPPR2
PTP	LPT_group	LPPR5
PTP	LPT_group	LPPR1
PTP	LPT_group	LPPR3
PTP	LPT_group	LPPR4
PTP	LPT_group	PPAP2A
PTP	LPT_group	PPAP2C
PTP	LPT_group	PPAP2B
PTP	LPT_group	PPAPDC1A
PTP	LPT_group	PPAPDC1B
PTP	LPT_group	PPAPDC2
PTP	LPT_group	PPAPDC3
PTP	LPT_group	OCRL
PTP	DOLPP1	DOLPP1
PTP	LPPR_PPAP2_PPAPDC1_group	LPPR2
PTP	LPPR_PPAP2_PPAPDC1_group	LPPR5
PTP	LPPR_PPAP2_PPAPDC1_group	LPPR1
PTP	LPPR_PPAP2_PPAPDC1_group	LPPR3
PTP	LPPR_PPAP2_PPAPDC1_group	LPPR4
PTP	LPPR_PPAP2_PPAPDC1_group	PPAP2A
PTP	LPPR_PPAP2_PPAPDC1_group	PPAP2C
PTP	LPPR_PPAP2_PPAPDC1_group	PPAP2B
PTP	LPPR_PPAP2_PPAPDC1_group	PPAPDC1A
PTP	LPPR_PPAP2_PPAPDC1_group	PPAPDC1B
PTP	LPPR_PPAP2_group	LPPR2
PTP	LPPR_PPAP2_group	LPPR5
PTP	LPPR_PPAP2_group	LPPR1
PTP	LPPR_PPAP2_group	LPPR3
PTP	LPPR_PPAP2_group	LPPR4
PTP	LPPR_PPAP2_group	PPAP2A
PTP	LPPR_PPAP2_group	PPAP2C
PTP	LPPR_PPAP2_group	PPAP2B
PTP	LPPR_group	LPPR2
PTP	LPPR_group	LPPR5
PTP	LPPR_group	LPPR1
PTP	LPPR_group	LPPR3
PTP	LPPR_group	LPPR4
PTP	LPPR2_LPPR5_LPPR1_group	LPPR2
PTP	LPPR2_LPPR5_LPPR1_group	LPPR5
PTP	LPPR2_LPPR5_LPPR1_group	LPPR1
PTP	LPPR2	LPPR2
PTP	LPPR5_LPPR1_group	LPPR5
PTP	LPPR5_LPPR1_group	LPPR1
PTP	LPPR5	LPPR5
PTP	LPPR1	LPPR1
PTP	LPPR4_LPPR4_group	LPPR3
PTP	LPPR4_LPPR4_group	LPPR4
PTP	LPPR3	LPPR3
PTP	LPPR4	LPPR4
PTP	PPAP2_group	PPAP2A
PTP	PPAP2_group	PPAP2C
PTP	PPAP2_group	PPAP2B
PTP	PPAP2A_PPAP2C_group	PPAP2A
PTP	PPAP2A_PPAP2C_group	PPAP2C
PTP	PPAP2A	PPAP2A
PTP	PPAP2C	PPAP2C
PTP	PPAP2B	PPAP2B
PTP	PPAPDC1A_PPAPDC1B_group	PPAPDC1A
PTP	PPAPDC1A_PPAPDC1B_group	PPAPDC1B
PTP	PPAPDC1A	PPAPDC1A
PTP	PPAPDC1B	PPAPDC1B
PTP	OCRL_PPAPDC2_PPAPDC3_group	PPAPDC2
PTP	OCRL_PPAPDC2_PPAPDC3_group	PPAPDC3
PTP	OCRL_PPAPDC2_PPAPDC3_group	OCRL
PTP	PPAPDC2_PPAPDC3_group	PPAPDC2
PTP	PPAPDC2_PPAPDC3_group	PPAPDC3
PTP	PPAPDC2	PPAPDC2
PTP	PPAPDC3	PPAPDC3
PTP	OCRL	OCRL
PTP	Li-sens_group	BPNT1
PTP	Li-sens_group	IMPA1
PTP	Li-sens_group	IMPA2
PTP	Li-sens_group	IMPAD1
PTP	Li-sens_group	INPP1
PTP	Li-sens_group	INPPL1
PTP	Li-sens_group	ITPA
PTP	BPNT1_IMPA1_IMPA2_group	BPNT1
PTP	BPNT1_IMPA1_IMPA2_group	IMPA1
PTP	BPNT1_IMPA1_IMPA2_group	IMPA2
PTP	BPNT1	BPNT1
PTP	IMPA1_IMPA2_group	IMPA1
PTP	IMPA1_IMPA2_group	IMPA2
PTP	IMPA1	IMPA1
PTP	IMPA2	IMPA2
PTP	IMPAD1	IMPAD1
PTP	INPP1_ITPA_INPPL1_group	INPP1
PTP	INPP1_ITPA_INPPL1_group	INPPL1
PTP	INPP1_ITPA_INPPL1_group	ITPA
PTP	INPP1	INPP1
PTP	ITPA_INPPL1_group	INPPL1
PTP	ITPA_INPPL1_group	ITPA
PTP	INPPL1	INPPL1
PTP	ITPA	ITPA
PTP	INPP5_group	INPP5A
PTP	INPP5_group	INPP5B
PTP	INPP5_group	SYNJ1
PTP	INPP5_group	SYNJ2
PTP	INPP5_group	INPP5J
PTP	INPP5_group	INPP5K
PTP	INPP5_group	INPP5D
PTP	INPP5_group	INPP5E
PTP	INPP5_group	SGPP1
PTP	INPP5_group	SGPP2
PTP	INPP5_group	INPP5F
PTP	INPP5_group	SACM1L
PTP	INPP5_group	MINPP1
PTP	INPP5_group	PPA1
PTP	INPP5_group	PPA2
PTP	INPP5A_INPP5B_SYNJ1_SYNJ2_NPP5J_INPP5K_INPP5D_INPP5e_group	INPP5A
PTP	INPP5A_INPP5B_SYNJ1_SYNJ2_NPP5J_INPP5K_INPP5D_INPP5e_group	INPP5B
PTP	INPP5A_INPP5B_SYNJ1_SYNJ2_NPP5J_INPP5K_INPP5D_INPP5e_group	SYNJ1
PTP	INPP5A_INPP5B_SYNJ1_SYNJ2_NPP5J_INPP5K_INPP5D_INPP5e_group	SYNJ2
PTP	INPP5A_INPP5B_SYNJ1_SYNJ2_NPP5J_INPP5K_INPP5D_INPP5e_group	INPP5J
PTP	INPP5A_INPP5B_SYNJ1_SYNJ2_NPP5J_INPP5K_INPP5D_INPP5e_group	INPP5K
PTP	INPP5A_INPP5B_SYNJ1_SYNJ2_NPP5J_INPP5K_INPP5D_INPP5e_group	INPP5D
PTP	INPP5A_INPP5B_SYNJ1_SYNJ2_NPP5J_INPP5K_INPP5D_INPP5e_group	INPP5E
PTP	INPP5A	INPP5A
PTP	INPP5B_SYNJ1_SYNJ2_NPP5J_INPP5K_INPP5D_INPP5e_group	INPP5B
PTP	INPP5B_SYNJ1_SYNJ2_NPP5J_INPP5K_INPP5D_INPP5e_group	SYNJ1
PTP	INPP5B_SYNJ1_SYNJ2_NPP5J_INPP5K_INPP5D_INPP5e_group	SYNJ2
PTP	INPP5B_SYNJ1_SYNJ2_NPP5J_INPP5K_INPP5D_INPP5e_group	INPP5J
PTP	INPP5B_SYNJ1_SYNJ2_NPP5J_INPP5K_INPP5D_INPP5e_group	INPP5K
PTP	INPP5B_SYNJ1_SYNJ2_NPP5J_INPP5K_INPP5D_INPP5e_group	INPP5D
PTP	INPP5B_SYNJ1_SYNJ2_NPP5J_INPP5K_INPP5D_INPP5e_group	INPP5E
PTP	INPP5B_SYNJ1_SYNJ2_NPP5J_INPP5K_group	INPP5B
PTP	INPP5B_SYNJ1_SYNJ2_NPP5J_INPP5K_group	SYNJ1
PTP	INPP5B_SYNJ1_SYNJ2_NPP5J_INPP5K_group	SYNJ2
PTP	INPP5B_SYNJ1_SYNJ2_NPP5J_INPP5K_group	INPP5J
PTP	INPP5B_SYNJ1_SYNJ2_NPP5J_INPP5K_group	INPP5K
PTP	INPP5B_SYNJ1_SYNJ2_group	INPP5B
PTP	INPP5B_SYNJ1_SYNJ2_group	SYNJ1
PTP	INPP5B_SYNJ1_SYNJ2_group	SYNJ2
PTP	INPP5B	INPP5B
PTP	SYNJ1_SYNJ2_group	SYNJ1
PTP	SYNJ1_SYNJ2_group	SYNJ2
PTP	SYNJ1	SYNJ1
PTP	SYNJ2	SYNJ2
PTP	INPP5J_INPP5K_group	INPP5J
PTP	INPP5J_INPP5K_group	INPP5K
PTP	INPP5J	INPP5J
PTP	INPP5K	INPP5K
PTP	INPP5D_INPP5e_group	INPP5D
PTP	INPP5D_INPP5e_group	INPP5E
PTP	INPP5D	INPP5D
PTP	INPP5E	INPP5E
PTP	SGPP1_SGPP2_group	SGPP1
PTP	SGPP1_SGPP2_group	SGPP2
PTP	SGPP1	SGPP1
PTP	SGPP2	SGPP2
PTP	INPP5F_SACM1L_group	INPP5F
PTP	INPP5F_SACM1L_group	SACM1L
PTP	INPP5F	INPP5F
PTP	SACM1L	SACM1L
PTP	MINPP1	MINPP1
PTP	PPA1_PPA2_group	PPA1
PTP	PPA1_PPA2_group	PPA2
PTP	PPA1	PPA1
PTP	PPA2	PPA2
PTP	NUDT_group	NUDT10
PTP	NUDT_group	NUDT11
PTP	NUDT_group	NUDT14
PTP	NUDT_group	NUDT3
PTP	NUDT_group	NUDT4
PTP	NUDT10_NUDT11_group	NUDT10
PTP	NUDT10_NUDT11_group	NUDT11
PTP	NUDT10	NUDT10
PTP	NUDT11	NUDT11
PTP	NUDT14_NUDT3_group	NUDT14
PTP	NUDT14_NUDT3_group	NUDT3
PTP	NUDT14	NUDT14
PTP	NUDT3	NUDT3
PTP	NUDT4	NUDT4
SH2	Csk	Csk
SH2	CTK	CTK
SH2	Syk_1_group	ZAP70_1
SH2	Syk_1_group	Syk_1
SH2	ZAP70_1	ZAP70_1
SH2	Syk_1	Syk_1
SH2	GRB_group	GRB7
SH2	GRB_group	GRB14
SH2	GRB_group	GRB10
SH2	GRB7	GRB7
SH2	GRB14_GRB10_group	GRB14
SH2	GRB14_GRB10_group	GRB10
SH2	GRB14	GRB14
SH2	GRB10	GRB10
SH2	Syk_2_group	ZAP70_2
SH2	Syk_2_group	Syk_2
SH2	ZAP70_2	ZAP70_2
SH2	Syk_2	Syk_2
SH2	JAK_group	Tyk2
SH2	JAK_group	JAK1
SH2	JAK_group	JAK2
SH2	JAK_group	JAK3
SH2	Tyk2_JAK1_group	Tyk2
SH2	Tyk2_JAK1_group	JAK1
SH2	Tyk2	Tyk2
SH2	JAK1	JAK1
SH2	JAK2_JAK3_group	JAK2
SH2	JAK2_JAK3_group	JAK3
SH2	JAK2	JAK2
SH2	JAK3	JAK3
SH2	HSH2D_SH2D2A_group	HSH2D
SH2	HSH2D_SH2D2A_group	SH2D2A
SH2	HSH2D	HSH2D
SH2	SH2D2A	SH2D2A
SH2	SH2D4B_SH2D4A_group	SH2D4B
SH2	SH2D4B_SH2D4A_group	SH2D4A
SH2	SH2D4B	SH2D4B
SH2	SH2D4A	SH2D4A
SH2	CBL_group	CBLC
SH2	CBL_group	CBLB
SH2	CBL_group	CBL
SH2	CBLC	CBLC
SH2	CBLB_CBL_group	CBLB
SH2	CBLB_CBL_group	CBL
SH2	CBLB	CBLB
SH2	CBL	CBL
SH2	STAT_group	STAT2
SH2	STAT_group	STAT3
SH2	STAT_group	STAT1
SH2	STAT_group	STAT4
SH2	STAT_group	STAT6
SH2	STAT_group	STAT5B
SH2	STAT_group	STAT5A
SH2	STAT2_STAT3_STAT1_STAT4_group	STAT2
SH2	STAT2_STAT3_STAT1_STAT4_group	STAT3
SH2	STAT2_STAT3_STAT1_STAT4_group	STAT1
SH2	STAT2_STAT3_STAT1_STAT4_group	STAT4
SH2	STAT2	STAT2
SH2	STAT3_STAT1_STAT4_group	STAT3
SH2	STAT3_STAT1_STAT4_group	STAT1
SH2	STAT3_STAT1_STAT4_group	STAT4
SH2	STAT3	STAT3
SH2	STAT1_STAT4_group	STAT1
SH2	STAT1_STAT4_group	STAT4
SH2	STAT1	STAT1
SH2	STAT4	STAT4
SH2	STAT6_STAT5B_STAT5A_group	STAT6
SH2	STAT6_STAT5B_STAT5A_group	STAT5B
SH2	STAT6_STAT5B_STAT5A_group	STAT5A
SH2	STAT6	STAT6
SH2	STAT5B_STAT5A_group	STAT5B
SH2	STAT5B_STAT5A_group	STAT5A
SH2	STAT5B	STAT5B
SH2	STAT5A	STAT5A
SH2	Abl_group	Abl2
SH2	Abl_group	Abl
SH2	Abl2	Abl2
SH2	Abl	Abl
SH2	SLAP_group	SLAP
SH2	SLAP_group	SLAP2
SH2	SLAP	SLAP
SH2	SLAP2	SLAP2
SH2	Src_group	Fgr
SH2	Src_group	Fyn
SH2	Src_group	Src
SH2	Src_group	Yes
SH2	Src_group	BLK
SH2	Src_group	Lck
SH2	Src_group	HCK
SH2	Src_group	Lyn
SH2	Fgr_Fyn_Src_Yes_group	Fgr
SH2	Fgr_Fyn_Src_Yes_group	Fyn
SH2	Fgr_Fyn_Src_Yes_group	Src
SH2	Fgr_Fyn_Src_Yes_group	Yes
SH2	Fgr	Fgr
SH2	Fyn_Src_Yes_group	Fyn
SH2	Fyn_Src_Yes_group	Src
SH2	Fyn_Src_Yes_group	Yes
SH2	Fyn	Fyn
SH2	Src_Yes_group	Src
SH2	Src_Yes_group	Yes
SH2	Src	Src
SH2	Yes	Yes
SH2	BLK_Lck_HCK_Lyn_group	BLK
SH2	BLK_Lck_HCK_Lyn_group	Lck
SH2	BLK_Lck_HCK_Lyn_group	HCK
SH2	BLK_Lck_HCK_Lyn_group	Lyn
SH2	BLK	BLK
SH2	Lck_HCK_Lyn_group	Lck
SH2	Lck_HCK_Lyn_group	HCK
SH2	Lck_HCK_Lyn_group	Lyn
SH2	Lck	Lck
SH2	HCK_Lyn_group	HCK
SH2	HCK_Lyn_group	Lyn
SH2	HCK	HCK
SH2	Lyn	Lyn
SH2	FRK_group	FRK
SH2	FRK_group	Brk
SH2	FRK_group	Srm
SH2	Brk_Srm_group	Brk
SH2	Brk_Srm_group	Srm
SH2	Brk	Brk
SH2	Srm	Srm
SH2	SH2D5	SH2D5
SH2	GRB2_group	GRAP2
SH2	GRB2_group	GRAP
SH2	GRB2_group	GRB2
SH2	GRAP2	GRAP2
SH2	GRAP_GRB2_group	GRAP
SH2	GRAP_GRB2_group	GRB2
SH2	GRAP	GRAP
SH2	GRB2	GRB2
SH2	SHE	SHE
SH2	SHD_SHF_SHB_group	SHD
SH2	SHD_SHF_SHB_group	SHF
SH2	SHD_SHF_SHB_group	SHB
SH2	SHD	SHD
SH2	SHF_SHB_group	SHF
SH2	SHF_SHB_group	SHB
SH2	SHF	SHF
SH2	SHB	SHB
SH2	INPPL1_INPP5D_group	INPPL1
SH2	INPPL1_INPP5D_group	INPP5D
SH2	INPPL1	INPPL1
SH2	INPP5D	INPP5D
SH2	SH2D1A_SH2D1B_group	SH2D1A
SH2	SH2D1A_SH2D1B_group	SH2D1B
SH2	SH2D1A	SH2D1A
SH2	SH2D1B	SH2D1B
SH2	MIST_LCP2_BLNK_SH2D6_group	MIST
SH2	MIST_LCP2_BLNK_SH2D6_group	LCP2
SH2	MIST_LCP2_BLNK_SH2D6_group	BLNK
SH2	MIST_LCP2_BLNK_SH2D6_group	SH2D6
SH2	MIST_LCP2_group	MIST
SH2	MIST_LCP2_group	LCP2
SH2	MIST	MIST
SH2	LCP2	LCP2
SH2	BLNK_SH2D6_group	BLNK
SH2	BLNK_SH2D6_group	SH2D6
SH2	BLNK	BLNK
SH2	SH2D6	SH2D6
SH2	Tec_group	ITK
SH2	Tec_group	TXK
SH2	Tec_group	Tec
SH2	Tec_group	BTK
SH2	Tec_group	BMX
SH2	ITK	ITK
SH2	TXK_Tec_BTK_BMX_group	TXK
SH2	TXK_Tec_BTK_BMX_group	Tec
SH2	TXK_Tec_BTK_BMX_group	BTK
SH2	TXK_Tec_BTK_BMX_group	BMX
SH2	TXK_Tec_group	TXK
SH2	TXK_Tec_group	Tec
SH2	TXK	TXK
SH2	Tec	Tec
SH2	BTK_BMX_group	BTK
SH2	BTK_BMX_group	BMX
SH2	BTK	BTK
SH2	BMX	BMX
SH2	PLCG_2_group	PLCG1_2
SH2	PLCG_2_group	PLCG2_2
SH2	PLCG1_2	PLCG1_2
SH2	PLCG2_2	PLCG2_2
SH2	SH3BP2	SH3BP2
SH2	BRDG1	BRDG1
SH2	FRK	FRK
SH2	SUPT6H	SUPT6H
SH2	CRK_group	CRKL
SH2	CRK_group	CRK
SH2	CRKL	CRKL
SH2	CRK	CRK
SH2	TNS_group	TNS3
SH2	TNS_group	TNS1
SH2	TNS_group	TENC1
SH2	TNS_group	TNS4
SH2	TENC1_TNS3_TNS1_group	TNS3
SH2	TENC1_TNS3_TNS1_group	TNS1
SH2	TENC1_TNS3_TNS1_group	TENC1
SH2	TNS3_TNS1_group	TNS3
SH2	TNS3_TNS1_group	TNS1
SH2	TNS3	TNS3
SH2	TNS1	TNS1
SH2	TENC1	TENC1
SH2	TNS4	TNS4
SH2	RIN_group	RIN3
SH2	RIN_group	RIN2
SH2	RIN_group	RIN1
SH2	RIN3_RIN2_group	RIN3
SH2	RIN3_RIN2_group	RIN2
SH2	RIN3	RIN3
SH2	RIN2	RIN2
SH2	RIN1	RIN1
SH2	RASA_group	RASA1_1
SH2	RASA_group	RASA1_2
SH2	RASA1_1	RASA1_1
SH2	RASA1_2	RASA1_2
SH2	PLCG_1_group	PLCG1_1
SH2	PLCG_1_group	PLCG2_1
SH2	PLCG1_1	PLCG1_1
SH2	PLCG2_1	PLCG2_1
SH2	SH2B_group	SH2B3
SH2	SH2B_group	SH2B1
SH2	SH2B_group	SH2B2
SH2	SH2B3	SH2B3
SH2	SH2B1_SH2B2_group	SH2B1
SH2	SH2B1_SH2B2_group	SH2B2
SH2	SH2B1	SH2B1
SH2	SH2B2	SH2B2
SH2	CHN_group	CHN1
SH2	CHN_group	CHN2
SH2	CHN1	CHN1
SH2	CHN2	CHN2
SH2	SHC_group	SHC2
SH2	SHC_group	SHC3
SH2	SHC_group	SHC1
SH2	SHC_group	SHC4
SH2	SHC2_SHC3_group	SHC2
SH2	SHC2_SHC3_group	SHC3
SH2	SHC2	SHC2
SH2	SHC3	SHC3
SH2	SHC1_SHC4_group	SHC1
SH2	SHC1_SHC4_group	SHC4
SH2	SHC1	SHC1
SH2	SHC4	SHC4
SH2	Fes_group	Fes
SH2	Fes_group	Fer
SH2	Fes	Fes
SH2	Fer	Fer
SH2	SH2D_group	BCAR3
SH2	SH2D_group	SH2D2A
SH2	SH2D_group	SH2D3C
SH2	BCAR3	BCAR3
SH2	SH2D2A_SH2D3C_group	SH2D2A
SH2	SH2D2A_SH2D3C_group	SH2D3C
SH2	SH2D2A	SH2D2A
SH2	SH2D3C	SH2D3C
SH2	VAV_group	VAV1
SH2	VAV_group	VAV3
SH2	VAV_group	VAV2
SH2	VAV1_VAV3_group	VAV1
SH2	VAV1_VAV3_group	VAV3
SH2	VAV1	VAV1
SH2	VAV3	VAV3
SH2	VAV2	VAV2
SH2	PIK3R_group	PIK3R3_1
SH2	PIK3R_group	PIK3R2_1
SH2	PIK3R_group	PIK3R1_1
SH2	PIK3R_group	PIK3R2_2
SH2	PIK3R_group	PIK3R1_2
SH2	PIK3R_group	PIK3R3_2
SH2	PIK3R_1_group	PIK3R3_1
SH2	PIK3R_1_group	PIK3R2_1
SH2	PIK3R_1_group	PIK3R1_1
SH2	PIK3R3_1_PIK3R2_1_group	PIK3R3_1
SH2	PIK3R3_1_PIK3R2_1_group	PIK3R2_1
SH2	PIK3R3_1	PIK3R3_1
SH2	PIK3R2_1	PIK3R2_1
SH2	PIK3R1_1	PIK3R1_1
SH2	PIK3R2_group	PIK3R2_2
SH2	PIK3R2_group	PIK3R1_2
SH2	PIK3R2_group	PIK3R3_2
SH2	PIK3R2_2	PIK3R2_2
SH2	PIK3R1_2_PIK3R3_2_group	PIK3R1_2
SH2	PIK3R1_2_PIK3R3_2_group	PIK3R3_2
SH2	PIK3R1_2	PIK3R1_2
SH2	PIK3R3_2	PIK3R3_2
SH2	PTPN_group	PTPN11_1
SH2	PTPN_group	PTPN6_1
SH2	PTPN_group	PTPN11_2
SH2	PTPN_group	PTPN6_2
SH2	PTPN11_1_PTPN6_1_group	PTPN11_1
SH2	PTPN11_1_PTPN6_1_group	PTPN6_1
SH2	PTPN11_1	PTPN11_1
SH2	PTPN6_1	PTPN6_1
SH2	PTPN11_2_PTPN6_2_group	PTPN11_2
SH2	PTPN11_2_PTPN6_2_group	PTPN6_2
SH2	PTPN11_2	PTPN11_2
SH2	PTPN6_2	PTPN6_2
SH2	NCK_group	NCK1
SH2	NCK_group	NCK2
SH2	NCK1	NCK1
SH2	NCK2	NCK2
SH2	DAPP1	DAPP1
SH2	SOCS_group	SOCS5
SH2	SOCS_group	SOCS4
SH2	SOCS_group	SOCS6
SH2	SOCS_group	CISH
SH2	SOCS_group	SOCS3
SH2	SOCS_group	SOCS1
SH2	SOCS_group	SOCS2
SH2	SOCS_group	SOCS7
SH2	SOCS5_SOCS4_SOCS6_CISH_group	SOCS5
SH2	SOCS5_SOCS4_SOCS6_CISH_group	SOCS4
SH2	SOCS5_SOCS4_SOCS6_CISH_group	SOCS6
SH2	SOCS5_SOCS4_SOCS6_CISH_group	CISH
SH2	SOCS5_SOCS4_group	SOCS5
SH2	SOCS5_SOCS4_group	SOCS4
SH2	SOCS5	SOCS5
SH2	SOCS4	SOCS4
SH2	SOCS6_CISH_group	SOCS6
SH2	SOCS6_CISH_group	CISH
SH2	SOCS6	SOCS6
SH2	CISH	CISH
SH2	SOCS3_SOCS1_SOCS2_SOCS7_group	SOCS3
SH2	SOCS3_SOCS1_SOCS2_SOCS7_group	SOCS1
SH2	SOCS3_SOCS1_SOCS2_SOCS7_group	SOCS2
SH2	SOCS3_SOCS1_SOCS2_SOCS7_group	SOCS7
SH2	SOCS3_SOCS1_group	SOCS3
SH2	SOCS3_SOCS1_group	SOCS1
SH2	SOCS3	SOCS3
SH2	SOCS1	SOCS1
SH2	SOCS2_SOCS7_group	SOCS2
SH2	SOCS2_SOCS7_group	SOCS7
SH2	SOCS2	SOCS2
SH2	SOCS7	SOCS7
PTB any_group APPL
PTB any_group APPL2
PTB any_group SHC4
PTB any_group SHC1
PTB any_group SHC2
PTB any_group SHC3
PTB any_group IRS1
PTB any_group IRS2
PTB any_group IRS4
PTB any_group FRS2
PTB any_group FRS3
PTB any_group DOK1
PTB any_group DOK2
PTB any_group DOK3
PTB any_group DOK4
PTB any_group DOK5
PTB any_group DOK6
PTB any_group DOK7
PTB	PTB_group	APPL
PTB	PTB_group	APPL2
PTB	PTB_group	SHC4
PTB	PTB_group	SHC1
PTB	PTB_group	SHC2
PTB	PTB_group	SHC3
PTB	PTBI_group	IRS1
PTB	PTBI_group	IRS2
PTB	PTBI_group	IRS4
PTB	PTBI_group	FRS2
PTB	PTBI_group	FRS3
PTB	PTBI_group	DOK1
PTB	PTBI_group	DOK2
PTB	PTBI_group	DOK3
PTB	PTBI_group	DOK4
PTB	PTBI_group	DOK5
PTB	PTBI_group	DOK6
PTB	PTBI_group	DOK7
PTB	APPL_group	APPL
PTB	APPL_group	APPL2
PTB	SHC_group	SHC4
PTB	SHC_group	SHC1
PTB	SHC_group	SHC2
PTB	SHC_group	SHC3
PTB	IRS_group	IRS1
PTB	IRS_group	IRS2
PTB	IRS_group	IRS4
PTB	DOK_FRS_group	FRS2
PTB	DOK_FRS_group	FRS3
PTB	DOK_FRS_group	DOK1
PTB	DOK_FRS_group	DOK2
PTB	DOK_FRS_group	DOK3
PTB	DOK_FRS_group	DOK4
PTB	DOK_FRS_group	DOK5
PTB	DOK_FRS_group	DOK6
PTB	DOK_FRS_group	DOK7
PTB	APPL	APPL
PTB	APPL2	APPL2
PTB	SHC4	SHC4
PTB	SHC1_SHC2_SHC3_group	SHC1
PTB	SHC1_SHC2_SHC3_group	SHC2
PTB	SHC1_SHC2_SHC3_group	SHC3
PTB	IRS1_IRS2_group	IRS1
PTB	IRS1_IRS2_group	IRS2
PTB	IRS4	IRS4
PTB	FRS_group	FRS2
PTB	FRS_group	FRS3
PTB	DOK_group	DOK1
PTB	DOK_group	DOK2
PTB	DOK_group	DOK3
PTB	DOK_group	DOK4
PTB	DOK_group	DOK5
PTB	DOK_group	DOK6
PTB	DOK_group	DOK7
PTB	SHC1	SHC1
PTB	SHC2_SHC3_group	SHC2
PTB	SHC2_SHC3_group	SHC3
PTB	IRS1	IRS1
PTB	IRS2	IRS2
PTB	FRS2	FRS2
PTB	FRS3	FRS3
PTB	DOK1_DOK2_DOK3_group	DOK1
PTB	DOK1_DOK2_DOK3_group	DOK2
PTB	DOK1_DOK2_DOK3_group	DOK3
PTB	DOK4_DOK5_DOK6_group	DOK4
PTB	DOK4_DOK5_DOK6_group	DOK5
PTB	DOK4_DOK5_DOK6_group	DOK6
PTB	DOK7	DOK7
PTB	SHC2	SHC2
PTB	SHC3	SHC3
PTB	DOK1	DOK1
PTB	DOK2	DOK2
PTB	DOK3	DOK3
PTB	DOK4	DOK4
PTB	DOK5	DOK5
PTB	DOK6	DOK6
WW	any_group	PIN1
1433	any_group	1433epsilon
1433	any_group	LOC440917
1433	any_group	1433gamma
1433	any_group	1433eta
1433	any_group	1433zeta
1433	any_group	1433beta
1433	any_group	1433theta
1433	any_group	1433sigma
BRCT	any_group	BRCA1
BRCT	any_group	MDC1
BRCT	any_group	BARD1
BRCT	any_group	MCPH1
BRCT	any_group	PTIP
BRCT	any_group	53BP1
WD40	any_group	TRCPbeta
WD40	any_group	FBXW7
FHA	any_group	NBS1
FHA	any_group	CHK2
FHA	any_group	RNF8